Anast@DESKTOP-O7KM5A5 /cygdrive/c/David/__General_Reference/J/amazon_annotation
$ /cygdrive/c/cygwin64/setup-x86_64
setup-x86_64          setup-x86_64.exe.sig

Anast@DESKTOP-O7KM5A5 /cygdrive/c/David/__General_Reference/J/amazon_annotation
$ date && date +'%s_%Y-%m-%dT%H%M%S%z' && /cygdrive/c/cygwin64/setup-x86_64 -q -P tree &&  date && date +'%s_%Y-%m-%dT%H%M%S%z'
Tue May 20 10:07:52 MDT 2025
1747757272_2025-05-20T100752-0600
User has NO backup/restore rights
User has NO symlink creation right
note: Hand installation over to elevated child process.
Tue May 20 10:07:56 MDT 2025
1747757276_2025-05-20T100756-0600

Anast@DESKTOP-O7KM5A5 /cygdrive/c/David/__General_Reference/J/amazon_annotation
$ cd /cygdrive/c/Users/Anast/Desktop/from_dt_2024-07-02/desktop_2024-06-10-to-13_morning/big_ones_to_move/GentUnivBib_-_BdinskiZbornikVidinBulgarije_BHSL-HS-0408/

Anast@DESKTOP-O7KM5A5 /cygdrive/c/Users/Anast/Desktop/from_dt_2024-07-02/desktop_2024-06-10-to-13_morning/big_ones_to_move/GentUnivBib_-_BdinskiZbornikVidinBulgarije_BHSL-HS-0408
$ find . -type f | wc -l
250

Anast@DESKTOP-O7KM5A5 /cygdrive/c/Users/Anast/Desktop/from_dt_2024-07-02/desktop_2024-06-10-to-13_morning/big_ones_to_move/GentUnivBib_-_BdinskiZbornikVidinBulgarije_BHSL-HS-0408
$ find . -type f -iname "*.tif"
./BHSL-HS-0408_2011_0001_AC.tif
./BHSL-HS-0408_2011_0002_AC.tif
./BHSL-HS-0408_2011_0003_AC.tif
./BHSL-HS-0408_2011_0004_AC.tif
./BHSL-HS-0408_2011_0005_AC.tif
./BHSL-HS-0408_2011_0006_AC.tif
./BHSL-HS-0408_2011_0007_AC.tif
./BHSL-HS-0408_2011_0008_AC.tif
./BHSL-HS-0408_2011_0009_AC.tif
./BHSL-HS-0408_2011_0010_AC.tif
./BHSL-HS-0408_2011_0011_AC.tif
./BHSL-HS-0408_2011_0012_AC.tif
./BHSL-HS-0408_2011_0013_AC.tif
./BHSL-HS-0408_2011_0014_AC.tif
./BHSL-HS-0408_2011_0015_AC.tif
./BHSL-HS-0408_2011_0016_AC.tif
./BHSL-HS-0408_2011_0017_AC.tif
./BHSL-HS-0408_2011_0018_AC.tif
./BHSL-HS-0408_2011_0019_AC.tif
./BHSL-HS-0408_2011_0020_AC.tif
./BHSL-HS-0408_2011_0021_AC.tif
./BHSL-HS-0408_2011_0022_AC.tif
./BHSL-HS-0408_2011_0023_AC.tif
./BHSL-HS-0408_2011_0024_AC.tif
./BHSL-HS-0408_2011_0025_AC.tif
./BHSL-HS-0408_2011_0026_AC.tif
./BHSL-HS-0408_2011_0027_AC.tif
./BHSL-HS-0408_2011_0028_AC.tif
./BHSL-HS-0408_2011_0029_AC.tif
./BHSL-HS-0408_2011_0030_AC.tif
./BHSL-HS-0408_2011_0031_AC.tif
./BHSL-HS-0408_2011_0032_AC.tif
./BHSL-HS-0408_2011_0033_AC.tif
./BHSL-HS-0408_2011_0034_AC.tif
./BHSL-HS-0408_2011_0035_AC.tif
./BHSL-HS-0408_2011_0036_AC.tif
./BHSL-HS-0408_2011_0037_AC.tif
./BHSL-HS-0408_2011_0038_AC.tif
./BHSL-HS-0408_2011_0039_AC.tif
./BHSL-HS-0408_2011_0040_AC.tif
./BHSL-HS-0408_2011_0041_AC.tif
./BHSL-HS-0408_2011_0042_AC.tif
./BHSL-HS-0408_2011_0043_AC.tif
./BHSL-HS-0408_2011_0044_AC.tif
./BHSL-HS-0408_2011_0045_AC.tif
./BHSL-HS-0408_2011_0046_AC.tif
./BHSL-HS-0408_2011_0047_AC.tif
./BHSL-HS-0408_2011_0048_AC.tif
./BHSL-HS-0408_2011_0049_AC.tif
./BHSL-HS-0408_2011_0050_AC.tif
./BHSL-HS-0408_2011_0051_AC.tif
./BHSL-HS-0408_2011_0052_AC.tif
./BHSL-HS-0408_2011_0053_AC.tif
./BHSL-HS-0408_2011_0054_AC.tif
./BHSL-HS-0408_2011_0055_AC.tif
./BHSL-HS-0408_2011_0056_AC.tif
./BHSL-HS-0408_2011_0057_AC.tif
./BHSL-HS-0408_2011_0058_AC.tif
./BHSL-HS-0408_2011_0059_AC.tif
./BHSL-HS-0408_2011_0060_AC.tif
./BHSL-HS-0408_2011_0061_AC.tif
./BHSL-HS-0408_2011_0062_AC.tif
./BHSL-HS-0408_2011_0063_AC.tif
./BHSL-HS-0408_2011_0064_AC.tif
./BHSL-HS-0408_2011_0065_AC.tif
./BHSL-HS-0408_2011_0066_AC.tif
./BHSL-HS-0408_2011_0067_AC.tif
./BHSL-HS-0408_2011_0068_AC.tif
./BHSL-HS-0408_2011_0069_AC.tif
./BHSL-HS-0408_2011_0070_AC.tif
./BHSL-HS-0408_2011_0071_AC.tif
./BHSL-HS-0408_2011_0072_AC.tif
./BHSL-HS-0408_2011_0073_AC.tif
./BHSL-HS-0408_2011_0074_AC.tif
./BHSL-HS-0408_2011_0075_AC.tif
./BHSL-HS-0408_2011_0076_AC.tif
./BHSL-HS-0408_2011_0077_AC.tif
./BHSL-HS-0408_2011_0078_AC.tif
./BHSL-HS-0408_2011_0079_AC.tif
./BHSL-HS-0408_2011_0080_AC.tif
./BHSL-HS-0408_2011_0081_AC.tif
./BHSL-HS-0408_2011_0082_AC.tif
./BHSL-HS-0408_2011_0083_AC.tif
./BHSL-HS-0408_2011_0084_AC.tif
./BHSL-HS-0408_2011_0085_AC.tif
./BHSL-HS-0408_2011_0086_AC.tif
./BHSL-HS-0408_2011_0087_AC.tif
./BHSL-HS-0408_2011_0088_AC.tif
./BHSL-HS-0408_2011_0089_AC.tif
./BHSL-HS-0408_2011_0090_AC.tif
./BHSL-HS-0408_2011_0091_AC.tif
./BHSL-HS-0408_2011_0092_AC.tif
./BHSL-HS-0408_2011_0093_AC.tif
./BHSL-HS-0408_2011_0094_AC.tif
./BHSL-HS-0408_2011_0095_AC.tif
./BHSL-HS-0408_2011_0096_AC.tif
./BHSL-HS-0408_2011_0097_AC.tif
./BHSL-HS-0408_2011_0098_AC.tif
./BHSL-HS-0408_2011_0099_AC.tif
./BHSL-HS-0408_2011_0100_AC.tif
./BHSL-HS-0408_2011_0101_AC.tif
./BHSL-HS-0408_2011_0102_AC.tif
./BHSL-HS-0408_2011_0103_AC.tif
./BHSL-HS-0408_2011_0104_AC.tif
./BHSL-HS-0408_2011_0105_AC.tif
./BHSL-HS-0408_2011_0106_AC.tif
./BHSL-HS-0408_2011_0107_AC.tif
./BHSL-HS-0408_2011_0108_AC.tif
./BHSL-HS-0408_2011_0109_AC.tif
./BHSL-HS-0408_2011_0110_AC.tif
./BHSL-HS-0408_2011_0111_AC.tif
./BHSL-HS-0408_2011_0112_AC.tif
./BHSL-HS-0408_2011_0113_AC.tif
./BHSL-HS-0408_2011_0114_AC.tif
./BHSL-HS-0408_2011_0115_AC.tif
./BHSL-HS-0408_2011_0116_AC.tif
./BHSL-HS-0408_2011_0117_AC.tif
./BHSL-HS-0408_2011_0118_AC.tif
./BHSL-HS-0408_2011_0119_AC.tif
./BHSL-HS-0408_2011_0120_AC.tif
./BHSL-HS-0408_2011_0121_AC.tif
./BHSL-HS-0408_2011_0122_AC.tif
./BHSL-HS-0408_2011_0123_AC.tif
./BHSL-HS-0408_2011_0124_AC.tif
./BHSL-HS-0408_2011_0125_AC.tif
./BHSL-HS-0408_2011_0126_AC.tif
./BHSL-HS-0408_2011_0127_AC.tif
./BHSL-HS-0408_2011_0128_AC.tif
./BHSL-HS-0408_2011_0129_AC.tif
./BHSL-HS-0408_2011_0130_AC.tif
./BHSL-HS-0408_2011_0131_AC.tif
./BHSL-HS-0408_2011_0132_AC.tif
./BHSL-HS-0408_2011_0133_AC.tif
./BHSL-HS-0408_2011_0134_AC.tif
./BHSL-HS-0408_2011_0135_AC.tif
./BHSL-HS-0408_2011_0136_AC.tif
./BHSL-HS-0408_2011_0137_AC.tif
./BHSL-HS-0408_2011_0138_AC.tif
./BHSL-HS-0408_2011_0139_AC.tif
./BHSL-HS-0408_2011_0140_AC.tif
./BHSL-HS-0408_2011_0141_AC.tif
./BHSL-HS-0408_2011_0142_AC.tif
./BHSL-HS-0408_2011_0143_AC.tif
./BHSL-HS-0408_2011_0144_AC.tif
./BHSL-HS-0408_2011_0145_AC.tif
./BHSL-HS-0408_2011_0146_AC.tif
./BHSL-HS-0408_2011_0147_AC.tif
./BHSL-HS-0408_2011_0148_AC.tif
./BHSL-HS-0408_2011_0149_AC.tif
./BHSL-HS-0408_2011_0150_AC.tif
./BHSL-HS-0408_2011_0151_AC.tif
./BHSL-HS-0408_2011_0152_AC.tif
./BHSL-HS-0408_2011_0153_AC.tif
./BHSL-HS-0408_2011_0154_AC.tif
./BHSL-HS-0408_2011_0155_AC.tif
./BHSL-HS-0408_2011_0156_AC.tif
./BHSL-HS-0408_2011_0157_AC.tif
./BHSL-HS-0408_2011_0158_AC.tif
./BHSL-HS-0408_2011_0159_AC.tif
./BHSL-HS-0408_2011_0160_AC.tif
./BHSL-HS-0408_2011_0161_AC.tif
./BHSL-HS-0408_2011_0162_AC.tif
./BHSL-HS-0408_2011_0163_AC.tif
./BHSL-HS-0408_2011_0164_AC.tif
./BHSL-HS-0408_2011_0165_AC.tif
./BHSL-HS-0408_2011_0166_AC.tif
./BHSL-HS-0408_2011_0167_AC.tif
./BHSL-HS-0408_2011_0168_AC.tif
./BHSL-HS-0408_2011_0169_AC.tif
./BHSL-HS-0408_2011_0170_AC.tif
./BHSL-HS-0408_2011_0171_AC.tif
./BHSL-HS-0408_2011_0172_AC.tif
./BHSL-HS-0408_2011_0173_AC.tif
./BHSL-HS-0408_2011_0174_AC.tif
./BHSL-HS-0408_2011_0175_AC.tif
./BHSL-HS-0408_2011_0176_AC.tif
./BHSL-HS-0408_2011_0177_AC.tif
./BHSL-HS-0408_2011_0178_AC.tif
./BHSL-HS-0408_2011_0179_AC.tif
./BHSL-HS-0408_2011_0180_AC.tif
./BHSL-HS-0408_2011_0181_AC.tif
./BHSL-HS-0408_2011_0182_AC.tif
./BHSL-HS-0408_2011_0183_AC.tif
./BHSL-HS-0408_2011_0184_AC.tif
./BHSL-HS-0408_2011_0185_AC.tif
./BHSL-HS-0408_2011_0186_AC.tif
./BHSL-HS-0408_2011_0187_AC.tif
./BHSL-HS-0408_2011_0188_AC.tif
./BHSL-HS-0408_2011_0189_AC.tif
./BHSL-HS-0408_2011_0190_AC.tif
./BHSL-HS-0408_2011_0191_AC.tif
./BHSL-HS-0408_2011_0192_AC.tif
./BHSL-HS-0408_2011_0193_AC.tif
./BHSL-HS-0408_2011_0194_AC.tif
./BHSL-HS-0408_2011_0195_AC.tif
./BHSL-HS-0408_2011_0196_AC.tif
./BHSL-HS-0408_2011_0197_AC.tif
./BHSL-HS-0408_2011_0198_AC.tif
./BHSL-HS-0408_2011_0199_AC.tif
./BHSL-HS-0408_2011_0200_AC.tif
./BHSL-HS-0408_2011_0201_AC.tif
./BHSL-HS-0408_2011_0202_AC.tif
./BHSL-HS-0408_2011_0203_AC.tif
./BHSL-HS-0408_2011_0204_AC.tif
./BHSL-HS-0408_2011_0205_AC.tif
./BHSL-HS-0408_2011_0206_AC.tif
./BHSL-HS-0408_2011_0207_AC.tif
./BHSL-HS-0408_2011_0208_AC.tif
./BHSL-HS-0408_2011_0209_AC.tif
./BHSL-HS-0408_2011_0210_AC.tif
./BHSL-HS-0408_2011_0211_AC.tif
./BHSL-HS-0408_2011_0212_AC.tif
./BHSL-HS-0408_2011_0213_AC.tif
./BHSL-HS-0408_2011_0214_AC.tif
./BHSL-HS-0408_2011_0215_AC.tif
./BHSL-HS-0408_2011_0216_AC.tif
./BHSL-HS-0408_2011_0217_AC.tif
./BHSL-HS-0408_2011_0218_AC.tif
./BHSL-HS-0408_2011_0219_AC.tif
./BHSL-HS-0408_2011_0220_AC.tif
./BHSL-HS-0408_2011_0221_AC.tif
./BHSL-HS-0408_2011_0222_AC.tif
./BHSL-HS-0408_2011_0223_AC.tif
./BHSL-HS-0408_2011_0224_AC.tif
./BHSL-HS-0408_2011_0225_AC.tif
./BHSL-HS-0408_2011_0226_AC.tif
./BHSL-HS-0408_2011_0227_AC.tif
./BHSL-HS-0408_2011_0228_AC.tif
./BHSL-HS-0408_2011_0229_AC.tif
./BHSL-HS-0408_2011_0230_AC.tif
./BHSL-HS-0408_2011_0231_AC.tif
./BHSL-HS-0408_2011_0232_AC.tif
./BHSL-HS-0408_2011_0233_AC.tif
./BHSL-HS-0408_2011_0234_AC.tif
./BHSL-HS-0408_2011_0235_AC.tif
./BHSL-HS-0408_2011_0236_AC.tif
./BHSL-HS-0408_2011_0237_AC.tif
./BHSL-HS-0408_2011_0238_AC.tif
./BHSL-HS-0408_2011_0239_AC.tif
./BHSL-HS-0408_2011_0240_AC.tif
./BHSL-HS-0408_2011_0241_AC.tif
./BHSL-HS-0408_2011_0242_AC.tif
./BHSL-HS-0408_2011_0243_AC.tif
./BHSL-HS-0408_2011_0244_AC.tif
./BHSL-HS-0408_2011_0245_AC.tif
./BHSL-HS-0408_2011_0246_AC.tif
./BHSL-HS-0408_2011_0247_AC.tif
./BHSL-HS-0408_2011_0248_AC.tif
./BHSL-HS-0408_2011_0249_AC.tif
./BHSL-HS-0408_2011_0250_AC.tif

Anast@DESKTOP-O7KM5A5 /cygdrive/c/Users/Anast/Desktop/from_dt_2024-07-02/desktop_2024-06-10-to-13_morning/big_ones_to_move/GentUnivBib_-_BdinskiZbornikVidinBulgarije_BHSL-HS-0408
$ find . -type f -iname "*.tif" | wc -l
250

Anast@DESKTOP-O7KM5A5 /cygdrive/c/Users/Anast/Desktop/from_dt_2024-07-02/desktop_2024-06-10-to-13_morning/big_ones_to_move/GentUnivBib_-_BdinskiZbornikVidinBulgarije_BHSL-HS-0408
$ type tree
tree is /usr/bin/tree

Anast@DESKTOP-O7KM5A5 /cygdrive/c/Users/Anast/Desktop/from_dt_2024-07-02/desktop_2024-06-10-to-13_morning/big_ones_to_move/GentUnivBib_-_BdinskiZbornikVidinBulgarije_BHSL-HS-0408
$ find . -type f | wc -l
250

Anast@DESKTOP-O7KM5A5 /cygdrive/c/Users/Anast/Desktop/from_dt_2024-07-02/desktop_2024-06-10-to-13_morning/big_ones_to_move/GentUnivBib_-_BdinskiZbornikVidinBulgarije_BHSL-HS-0408
$ time mogrify -format jpg -quality 92 *.tif && date +'%s_%Y-%m-%dT%H%M%S%z'

real    6m3.113s
user    3m4.609s
sys     1m25.561s
1747760626_2025-05-20T110346-0600

Anast@DESKTOP-O7KM5A5 /cygdrive/c/Users/Anast/Desktop/from_dt_2024-07-02/desktop_2024-06-10-to-13_morning/big_ones_to_move/GentUnivBib_-_BdinskiZbornikVidinBulgarije_BHSL-HS-0408
$ ## identify -format "\n\n%f%[magick] %[colorspace] %[type] %[extension] %[bit-depth] %[channels]\n" *.jpg

Anast@DESKTOP-O7KM5A5 /cygdrive/c/Users/Anast/Desktop/from_dt_2024-07-02/desktop_2024-06-10-to-13_morning/big_ones_to_move/GentUnivBib_-_BdinskiZbornikVidinBulgarije_BHSL-HS-0408
$ find . -type f -iname "*.jpg" | wc -l
250

Anast@DESKTOP-O7KM5A5 /cygdrive/c/Users/Anast/Desktop/from_dt_2024-07-02/desktop_2024-06-10-to-13_morning/big_ones_to_move/GentUnivBib_-_BdinskiZbornikVidinBulgarije_BHSL-HS-0408
$ mv *.jpg ../GentUnivBib_-_BdinskiZbornikVidinBulgarije_BHSL-HS-0408_-_jpegs/

Anast@DESKTOP-O7KM5A5 /cygdrive/c/Users/Anast/Desktop/from_dt_2024-07-02/desktop_2024-06-10-to-13_morning/big_ones_to_move/GentUnivBib_-_BdinskiZbornikVidinBulgarije_BHSL-HS-0408
$ cd ../GentUnivBib_-_BdinskiZbornikVidinBulgarije_BHSL-HS-0408_-_jpegs/

Anast@DESKTOP-O7KM5A5 /cygdrive/c/Users/Anast/Desktop/from_dt_2024-07-02/desktop_2024-06-10-to-13_morning/big_ones_to_move/GentUnivBib_-_BdinskiZbornikVidinBulgarije_BHSL-HS-0408_-_jpegs
$ find . -type f -iname "*.jpg" | wc -l
250

Anast@DESKTOP-O7KM5A5 /cygdrive/c/Users/Anast/Desktop/from_dt_2024-07-02/desktop_2024-06-10-to-13_morning/big_ones_to_move/GentUnivBib_-_BdinskiZbornikVidinBulgarije_BHSL-HS-0408_-_jpegs
$ find . -type f | wc -l
250

Anast@DESKTOP-O7KM5A5 /cygdrive/c/Users/Anast/Desktop/from_dt_2024-07-02/desktop_2024-06-10-to-13_morning/big_ones_to_move/GentUnivBib_-_BdinskiZbornikVidinBulgarije_BHSL-HS-0408_-_jpegs
$ identify -format "\n\n%f%[magick] %[colorspace] %[type] %[extension] %[bit-depth] %[channels]\n" *.jpg | head -n 20


BHSL-HS-0408_2011_0001_AC.jpgJPEG sRGB TrueColor jpg 8 srgb


BHSL-HS-0408_2011_0002_AC.jpgJPEG sRGB TrueColor jpg 8 srgb


BHSL-HS-0408_2011_0003_AC.jpgJPEG sRGB TrueColor jpg 8 srgb


BHSL-HS-0408_2011_0004_AC.jpgJPEG sRGB TrueColor jpg 8 srgb


BHSL-HS-0408_2011_0005_AC.jpgJPEG sRGB TrueColor jpg 8 srgb


BHSL-HS-0408_2011_0006_AC.jpgJPEG sRGB TrueColor jpg 8 srgb



Anast@DESKTOP-O7KM5A5 /cygdrive/c/Users/Anast/Desktop/from_dt_2024-07-02/desktop_2024-06-10-to-13_morning/big_ones_to_move/GentUnivBib_-_BdinskiZbornikVidinBulgarije_BHSL-HS-0408_-_jpegs
$ identify -format "\n\n%f\n%[magick] %[colorspace] %[type] %[extension] %[bit-depth] %[channels]\n" *.jpg | grep -v "^$\|^BHSL" | wc -l
250

Anast@DESKTOP-O7KM5A5 /cygdrive/c/Users/Anast/Desktop/from_dt_2024-07-02/desktop_2024-06-10-to-13_morning/big_ones_to_move/GentUnivBib_-_BdinskiZbornikVidinBulgarije_BHSL-HS-0408_-_jpegs
$ identify -format "\n\n%f\n%[magick] %[colorspace] %[type] %[extension] %[bit-depth] %[channels]\n" *.jpg | grep -v "^$\|^BHSL" | sort | uniq -c
    250 JPEG sRGB TrueColor jpg 8 srgb

Anast@DESKTOP-O7KM5A5 /cygdrive/c/Users/Anast/Desktop/from_dt_2024-07-02/desktop_2024-06-10-to-13_morning/big_ones_to_move/GentUnivBib_-_BdinskiZbornikVidinBulgarije_BHSL-HS-0408_-_jpegs
$ # good here

Anast@DESKTOP-O7KM5A5 /cygdrive/c/Users/Anast/Desktop/from_dt_2024-07-02/desktop_2024-06-10-to-13_morning/big_ones_to_move/GentUnivBib_-_BdinskiZbornikVidinBulgarije_BHSL-HS-0408_-_jpegs
$

Anast@DESKTOP-O7KM5A5 /cygdrive/c/Users/Anast/Desktop/from_dt_2024-07-02/desktop_2024-06-10-to-13_morning/big_ones_to_move/GentUnivBib_-_BdinskiZbornikVidinBulgarije_BHSL-HS-0408_-_jpegs
$

Anast@DESKTOP-O7KM5A5 /cygdrive/c/Users/Anast/Desktop/from_dt_2024-07-02/desktop_2024-06-10-to-13_morning/big_ones_to_move/GentUnivBib_-_BdinskiZbornikVidinBulgarije_BHSL-HS-0408_-_jpegs
$

Anast@DESKTOP-O7KM5A5 /cygdrive/c/Users/Anast/Desktop/from_dt_2024-07-02/desktop_2024-06-10-to-13_morning/big_ones_to_move/GentUnivBib_-_BdinskiZbornikVidinBulgarije_BHSL-HS-0408_-_jpegs
$

Anast@DESKTOP-O7KM5A5 /cygdrive/c/Users/Anast/Desktop/from_dt_2024-07-02/desktop_2024-06-10-to-13_morning/big_ones_to_move/GentUnivBib_-_BdinskiZbornikVidinBulgarije_BHSL-HS-0408_-_jpegs
$

Anast@DESKTOP-O7KM5A5 /cygdrive/c/Users/Anast/Desktop/from_dt_2024-07-02/desktop_2024-06-10-to-13_morning/big_ones_to_move/GentUnivBib_-_BdinskiZbornikVidinBulgarije_BHSL-HS-0408_-_jpegs
$ ############################################

Anast@DESKTOP-O7KM5A5 /cygdrive/c/Users/Anast/Desktop/from_dt_2024-07-02/desktop_2024-06-10-to-13_morning/big_ones_to_move/GentUnivBib_-_BdinskiZbornikVidinBulgarije_BHSL-HS-0408_-_jpegs
$ ############################################

Anast@DESKTOP-O7KM5A5 /cygdrive/c/Users/Anast/Desktop/from_dt_2024-07-02/desktop_2024-06-10-to-13_morning/big_ones_to_move/GentUnivBib_-_BdinskiZbornikVidinBulgarije_BHSL-HS-0408_-_jpegs
$ ###      COPY/PASTED JUST BEFORE: 1

Anast@DESKTOP-O7KM5A5 /cygdrive/c/Users/Anast/Desktop/from_dt_2024-07-02/desktop_2024-06-10-to-13_morning/big_ones_to_move/GentUnivBib_-_BdinskiZbornikVidinBulgarije_BHSL-HS-0408_-_jpegs
$ ############################################

Anast@DESKTOP-O7KM5A5 /cygdrive/c/Users/Anast/Desktop/from_dt_2024-07-02/desktop_2024-06-10-to-13_morning/big_ones_to_move/GentUnivBib_-_BdinskiZbornikVidinBulgarije_BHSL-HS-0408_-_jpegs
$ ############################################

Anast@DESKTOP-O7KM5A5 /cygdrive/c/Users/Anast/Desktop/from_dt_2024-07-02/desktop_2024-06-10-to-13_morning/big_ones_to_move/GentUnivBib_-_BdinskiZbornikVidinBulgarije_BHSL-HS-0408_-_jpegs
$ cd ../GentUnivBib_-_B
GentUnivBib_-_BHSL-HS-0252_st/
GentUnivBib_-_BHSL-HS-0252_st_-_EXTRAS/
GentUnivBib_-_BHSL-HS-0252_st_-_jpegs/
GentUnivBib_-_BdinskiZbornikVidinBulgarije_BHSL-HS-0408/
GentUnivBib_-_BdinskiZbornikVidinBulgarije_BHSL-HS-0408_-_EXTRAS/
GentUnivBib_-_BdinskiZbornikVidinBulgarije_BHSL-HS-0408_-_jpegs/

Anast@DESKTOP-O7KM5A5 /cygdrive/c/Users/Anast/Desktop/from_dt_2024-07-02/desktop_2024-06-10-to-13_morning/big_ones_to_move/GentUnivBib_-_BdinskiZbornikVidinBulgarije_BHSL-HS-0408_-_jpegs
$ cd ../GentUnivBib_-_B
GentUnivBib_-_BHSL-HS-0252_st/
GentUnivBib_-_BHSL-HS-0252_st_-_EXTRAS/
GentUnivBib_-_BHSL-HS-0252_st_-_jpegs/
GentUnivBib_-_BdinskiZbornikVidinBulgarije_BHSL-HS-0408/
GentUnivBib_-_BdinskiZbornikVidinBulgarije_BHSL-HS-0408_-_EXTRAS/
GentUnivBib_-_BdinskiZbornikVidinBulgarije_BHSL-HS-0408_-_jpegs/

Anast@DESKTOP-O7KM5A5 /cygdrive/c/Users/Anast/Desktop/from_dt_2024-07-02/desktop_2024-06-10-to-13_morning/big_ones_to_move/GentUnivBib_-_BdinskiZbornikVidinBulgarije_BHSL-HS-0408_-_jpegs
$ cd ../GentUnivBib_-_BHSL-HS-0252_st

#$@$@$@$@$@$@$@$@$@$@$$@$@$@$@$@$@$@$@@$@$@$@$@$@$@$#
#####################@@@@@@@@@@@@@@@@@@##############
#####################################################
#####################################################
# CONVERTING DESKTOP TIF TO JPEG
#####################################################
############$$$$$$$$$$$$$$$$$$$$$####################
#@$@$@$@$@$@$@$@$@$@$@@$@$@$@$@$@$@$@$$@$@$@$@$@$@$@#


Anast@DESKTOP-O7KM5A5 /cygdrive/c/Users/Anast/Desktop/from_dt_2024-07-02/desktop_2024-06-10-to-13_morning/big_ones_to_move/GentUnivBib_-_BHSL-HS-0252_st
$ identify -format "\n\n%f\n%[magick] %[colorspace] %[type] %[extension] %[bit-depth] %[channels]\n" *.tif | grep -v "^$\|^BHSL" | sort | uniq -c
    126 TIFF sRGB TrueColor tif 8 srgb

Anast@DESKTOP-O7KM5A5 /cygdrive/c/Users/Anast/Desktop/from_dt_2024-07-02/desktop_2024-06-10-to-13_morning/big_ones_to_move/GentUnivBib_-_BHSL-HS-0252_st
$ time mogrify -format jpg -quality 92 *.tif && date +'%s_%Y-%m-%dT%H%M%S%z'    
real    2m17.435s
user    1m32.015s
sys     0m39.671s
1747764383_2025-05-20T120623-0600

Anast@DESKTOP-O7KM5A5 /cygdrive/c/Users/Anast/Desktop/from_dt_2024-07-02/desktop_2024-06-10-to-13_morning/big_ones_to_move/GentUnivBib_-_BHSL-HS-0252_st
$ identify -format "\n\n%f\n%[magick] %[colorspace] %[type] %[extension] %[bit-depth] %[channels]\n" *.jpg | grep -v "^$\|^BHSL" | sort | uniq -c
    126 JPEG sRGB TrueColor jpg 8 srgb

Anast@DESKTOP-O7KM5A5 /cygdrive/c/Users/Anast/Desktop/from_dt_2024-07-02/desktop_2024-06-10-to-13_morning/big_ones_to_move/GentUnivBib_-_BHSL-HS-0252_st
$ mv *.jpg ../GentUnivBib_-_BHSL-HS-0252_st_-_
GentUnivBib_-_BHSL-HS-0252_st_-_EXTRAS/
GentUnivBib_-_BHSL-HS-0252_st_-_jpegs/

Anast@DESKTOP-O7KM5A5 /cygdrive/c/Users/Anast/Desktop/from_dt_2024-07-02/desktop_2024-06-10-to-13_morning/big_ones_to_move/GentUnivBib_-_BHSL-HS-0252_st
$ mv *.jpg ../GentUnivBib_-_BHSL-HS-0252_st_-_jpegs/

Anast@DESKTOP-O7KM5A5 /cygdrive/c/Users/Anast/Desktop/from_dt_2024-07-02/desktop_2024-06-10-to-13_morning/big_ones_to_move/GentUnivBib_-_BHSL-HS-0252_st
$ pwd
/cygdrive/c/Users/Anast/Desktop/from_dt_2024-07-02/desktop_2024-06-10-to-13_morning/big_ones_to_move/GentUnivBib_-_BHSL-HS-0252_st

Anast@DESKTOP-O7KM5A5 /cygdrive/c/Users/Anast/Desktop/from_dt_2024-07-02/desktop_2024-06-10-to-13_morning/big_ones_to_move/GentUnivBib_-_BHSL-HS-0252_st
$ cd ../GentUnivBib_-_BHSL-HS-0252_st_-_jpegs/

Anast@DESKTOP-O7KM5A5 /cygdrive/c/Users/Anast/Desktop/from_dt_2024-07-02/desktop_2024-06-10-to-13_morning/big_ones_to_move/GentUnivBib_-_BHSL-HS-0252_st_-_jpegs
$ identify -format "\n\n%f\n%[magick] %[colorspace] %[type] %[extension] %[bit-depth] %[channels]\n" *.jpg | grep -v "^$\|^BHSL" | sort | uniq -c
    126 JPEG sRGB TrueColor jpg 8 srgb

Anast@DESKTOP-O7KM5A5 /cygdrive/c/Users/Anast/Desktop/from_dt_2024-07-02/desktop_2024-06-10-to-13_morning/big_ones_to_move/GentUnivBib_-_BHSL-HS-0252_st_-_jpegs
$ mkdir -p /cygdrive/c/David/FHTW-2025-All_-_move_2024_get_new/new_final_jpeg_to_use/GentUnivBib/GentUnivBib_-_BHSL-HS-0252/

################
################
################
## start skip
################
################
################


Anast@DESKTOP-O7KM5A5 /cygdrive/c/Users/Anast/Desktop/from_dt_2024-07-02/desktop_2024-06-10-to-13_morning/big_ones_to_move/GentUnivBib_-_BHSL-HS-0252_st_-_jpegs
$ find . -type f -iname "*.jpg" -print0 | xargs -I'{}' -0 bash -c 'orig="{}"; dest_path="/cygdrive/c/David/FHTW-2025-All_-_move_2024_get_new/new_final_jpeg_to_use/GentUnivBib/GentUnivBib_-_BHSL-HS-0252/"; orig_fname=$(echo "${orig}" | sed '"'"'s#^[.][/]##g'"'"';); echo "orig_fname: ${orig_fname}";' | head -n 20
orig_fname: BHSL-HS-0252_2016_0001_AC.jpg
orig_fname: BHSL-HS-0252_2016_0002_AC.jpg
orig_fname: BHSL-HS-0252_2016_0003_AC.jpg
orig_fname: BHSL-HS-0252_2016_0004_AC.jpg
orig_fname: BHSL-HS-0252_2016_0005_AC.jpg
orig_fname: BHSL-HS-0252_2016_0006_AC.jpg
orig_fname: BHSL-HS-0252_2016_0007_AC.jpg
orig_fname: BHSL-HS-0252_2016_0008_AC.jpg
orig_fname: BHSL-HS-0252_2016_0009_AC.jpg
orig_fname: BHSL-HS-0252_2016_0010_AC.jpg
orig_fname: BHSL-HS-0252_2016_0011_AC.jpg
orig_fname: BHSL-HS-0252_2016_0012_AC.jpg
orig_fname: BHSL-HS-0252_2016_0013_AC.jpg
orig_fname: BHSL-HS-0252_2016_0014_AC.jpg
orig_fname: BHSL-HS-0252_2016_0015_AC.jpg
orig_fname: BHSL-HS-0252_2016_0016_AC.jpg
orig_fname: BHSL-HS-0252_2016_0017_AC.jpg
orig_fname: BHSL-HS-0252_2016_0018_AC.jpg
orig_fname: BHSL-HS-0252_2016_0019_AC.jpg
orig_fname: BHSL-HS-0252_2016_0020_AC.jpg
xargs: bash: terminated by signal 13

Anast@DESKTOP-O7KM5A5 /cygdrive/c/Users/Anast/Desktop/from_dt_2024-07-02/desktop_2024-06-10-to-13_morning/big_ones_to_move/GentUnivBib_-_BHSL-HS-0252_st_-_jpegs
$ find . -type f -iname "*.jpg" -print0 | xargs -I'{}' -0 bash -c 'orig="{}"; dest_path="/cygdrive/c/David/FHTW-2025-All_-_move_2024_get_new/new_final_jpeg_to_use/GentUnivBib/GentUnivBib_-_BHSL-HS-0252/"; orig_fname=$(echo "${orig}" | sed '"'"'s#^[.][/]##g'"'"';); echo "orig_fname: ${orig_fname}"; new_fname_base=$(echo "${orig_fname}" | awk '"'"'{print $2}'"'"' | awk -F'"'"'_'"'"' '"'"'{print $1 "_0" $3 ".jpg"}'"'"'); echo "new_fname_base: ${new_fname_base}"' | head -n 20
orig_fname: BHSL-HS-0252_2016_0001_AC.jpg
new_fname_base: _0.jpg
orig_fname: BHSL-HS-0252_2016_0002_AC.jpg
new_fname_base: _0.jpg
orig_fname: BHSL-HS-0252_2016_0003_AC.jpg
new_fname_base: _0.jpg
orig_fname: BHSL-HS-0252_2016_0004_AC.jpg
new_fname_base: _0.jpg
orig_fname: BHSL-HS-0252_2016_0005_AC.jpg
new_fname_base: _0.jpg
orig_fname: BHSL-HS-0252_2016_0006_AC.jpg
new_fname_base: _0.jpg
orig_fname: BHSL-HS-0252_2016_0007_AC.jpg
new_fname_base: _0.jpg
orig_fname: BHSL-HS-0252_2016_0008_AC.jpg
new_fname_base: _0.jpg
orig_fname: BHSL-HS-0252_2016_0009_AC.jpg
new_fname_base: _0.jpg
orig_fname: BHSL-HS-0252_2016_0010_AC.jpg
new_fname_base: _0.jpg
xargs: bash: terminated by signal 13

Anast@DESKTOP-O7KM5A5 /cygdrive/c/Users/Anast/Desktop/from_dt_2024-07-02/desktop_2024-06-10-to-13_morning/big_ones_to_move/GentUnivBib_-_BHSL-HS-0252_st_-_jpegs
$ find . -type f -iname "*.jpg" -print0 | xargs -I'{}' -0 bash -c 'orig="{}"; dest_path="/cygdrive/c/David/FHTW-2025-All_-_move_2024_get_new/new_final_jpeg_to_use/GentUnivBib/GentUnivBib_-_BHSL-HS-0252/"; orig_fname=$(echo "${orig}" | sed '"'"'s#^[.][/]##g'"'"';); echo "orig_fname: ${orig_fname}"; new_fname_base=$(echo "${orig_fname}" | awk '"'"'{print $2}'"'"'); echo "new_fname_base: ${new_fname_base}"' | head -n 20
orig_fname: BHSL-HS-0252_2016_0001_AC.jpg
new_fname_base:
orig_fname: BHSL-HS-0252_2016_0002_AC.jpg
new_fname_base:
orig_fname: BHSL-HS-0252_2016_0003_AC.jpg
new_fname_base:
orig_fname: BHSL-HS-0252_2016_0004_AC.jpg
new_fname_base:
orig_fname: BHSL-HS-0252_2016_0005_AC.jpg
new_fname_base:
orig_fname: BHSL-HS-0252_2016_0006_AC.jpg
new_fname_base:
orig_fname: BHSL-HS-0252_2016_0007_AC.jpg
new_fname_base:
orig_fname: BHSL-HS-0252_2016_0008_AC.jpg
new_fname_base:
orig_fname: BHSL-HS-0252_2016_0009_AC.jpg
new_fname_base:
orig_fname: BHSL-HS-0252_2016_0010_AC.jpg
new_fname_base:
xargs: bash: terminated by signal 13

Anast@DESKTOP-O7KM5A5 /cygdrive/c/Users/Anast/Desktop/from_dt_2024-07-02/desktop_2024-06-10-to-13_morning/big_ones_to_move/GentUnivBib_-_BHSL-HS-0252_st_-_jpegs
$ find . -type f -iname "*.jpg" -print0 | xargs -I'{}' -0 bash -c 'orig="{}"; dest_path="/cygdrive/c/David/FHTW-2025-All_-_move_2024_get_new/new_final_jpeg_to_use/GentUnivBib/GentUnivBib_-_BHSL-HS-0252/"; orig_fname=$(echo "${orig}" | sed '"'"'s#^[.][/]##g'"'"';); echo "orig_fname: ${orig_fname}"; new_fname_base=$(echo "${orig_fname}" | awk -F'"'"'_'"'"' '"'"'{print $1 "_0" $3 ".jpg"}'"'"'); echo "new_fname_base: ${new_fname_base}"' | head -n 20
orig_fname: BHSL-HS-0252_2016_0001_AC.jpg
new_fname_base: BHSL-HS-0252_00001.jpg
orig_fname: BHSL-HS-0252_2016_0002_AC.jpg
new_fname_base: BHSL-HS-0252_00002.jpg
orig_fname: BHSL-HS-0252_2016_0003_AC.jpg
new_fname_base: BHSL-HS-0252_00003.jpg
orig_fname: BHSL-HS-0252_2016_0004_AC.jpg
new_fname_base: BHSL-HS-0252_00004.jpg
orig_fname: BHSL-HS-0252_2016_0005_AC.jpg
new_fname_base: BHSL-HS-0252_00005.jpg
orig_fname: BHSL-HS-0252_2016_0006_AC.jpg
new_fname_base: BHSL-HS-0252_00006.jpg
orig_fname: BHSL-HS-0252_2016_0007_AC.jpg
new_fname_base: BHSL-HS-0252_00007.jpg
orig_fname: BHSL-HS-0252_2016_0008_AC.jpg
new_fname_base: BHSL-HS-0252_00008.jpg
orig_fname: BHSL-HS-0252_2016_0009_AC.jpg
new_fname_base: BHSL-HS-0252_00009.jpg
orig_fname: BHSL-HS-0252_2016_0010_AC.jpg
new_fname_base: BHSL-HS-0252_00010.jpg
xargs: bash: terminated by signal 13

Anast@DESKTOP-O7KM5A5 /cygdrive/c/Users/Anast/Desktop/from_dt_2024-07-02/desktop_2024-06-10-to-13_morning/big_ones_to_move/GentUnivBib_-_BHSL-HS-0252_st_-_jpegs
$ find . -type f -iname "*.jpg" -print0 | xargs -I'{}' -0 bash -c 'orig="{}"; dest_path="/cygdrive/c/David/FHTW-2025-All_-_move_2024_get_new/new_final_jpeg_to_use/GentUnivBib/GentUnivBib_-_BHSL-HS-0252/"; orig_fname=$(echo "${orig}" | sed '"'"'s#^[.][/]##g'"'"';); echo "orig_fname: ${orig_fname}"; new_fname_base=$(echo "${orig_fname}" | awk -F'"'"'_'"'"' '"'"'{print "GentUnivBib_-_" $1 "_0" $3 ".jpg"}'"'"'); echo "new_fname_base: ${new_fname_base}"' | head -n 20
orig_fname: BHSL-HS-0252_2016_0001_AC.jpg
new_fname_base: GentUnivBib_-_BHSL-HS-0252_00001.jpg
orig_fname: BHSL-HS-0252_2016_0002_AC.jpg
new_fname_base: GentUnivBib_-_BHSL-HS-0252_00002.jpg
orig_fname: BHSL-HS-0252_2016_0003_AC.jpg
new_fname_base: GentUnivBib_-_BHSL-HS-0252_00003.jpg
orig_fname: BHSL-HS-0252_2016_0004_AC.jpg
new_fname_base: GentUnivBib_-_BHSL-HS-0252_00004.jpg
orig_fname: BHSL-HS-0252_2016_0005_AC.jpg
new_fname_base: GentUnivBib_-_BHSL-HS-0252_00005.jpg
orig_fname: BHSL-HS-0252_2016_0006_AC.jpg
new_fname_base: GentUnivBib_-_BHSL-HS-0252_00006.jpg
orig_fname: BHSL-HS-0252_2016_0007_AC.jpg
new_fname_base: GentUnivBib_-_BHSL-HS-0252_00007.jpg
orig_fname: BHSL-HS-0252_2016_0008_AC.jpg
new_fname_base: GentUnivBib_-_BHSL-HS-0252_00008.jpg
orig_fname: BHSL-HS-0252_2016_0009_AC.jpg
new_fname_base: GentUnivBib_-_BHSL-HS-0252_00009.jpg
orig_fname: BHSL-HS-0252_2016_0010_AC.jpg
new_fname_base: GentUnivBib_-_BHSL-HS-0252_00010.jpg
xargs: bash: terminated by signal 13

################
################
################
## endof skip
################
################
################

Anast@DESKTOP-O7KM5A5 /cygdrive/c/Users/Anast/Desktop/from_dt_2024-07-02/desktop_2024-06-10-to-13_morning/big_ones_to_move/GentUnivBib_-_BHSL-HS-0252_st_-_jpegs
$ find . -type f -iname "*.jpg" -print0 | xargs -I'{}' -0 bash -c 'orig="{}"; dest_path="/cygdrive/c/David/FHTW-2025-All_-_move_2024_get_new/new_final_jpeg_to_use/GentUnivBib/GentUnivBib_-_BHSL-HS-0252/"; orig_fname=$(echo "${orig}" | sed '"'"'s#^[.][/]##g'"'"';); echo; echo "  Moving"; echo "${orig_fname}"; new_fname_base=$(echo "${orig_fname}" | awk -F'"'"'_'"'"' '"'"'{print "GentUnivBib_-_" $1 "_0" $3 ".jpg"}'"'"'); echo "  TO"; echo "${new_fname_base}"; new_fpath=${dest_path}${new_fname_base}; echo "${new_fpath}"; echo "         ..."; echo "mv \"${orig_fname}\" \"${new_fpath}\"" && echo "             ... success" || echo "             ... FAILURE";' | head -n 30

  Moving
BHSL-HS-0252_2016_0001_AC.jpg
  TO
GentUnivBib_-_BHSL-HS-0252_00001.jpg
/cygdrive/c/David/FHTW-2025-All_-_move_2024_get_new/new_final_jpeg_to_use/GentUnivBib/GentUnivBib_-_BHSL-HS-0252/GentUnivBib_-_BHSL-HS-0252_00001.jpg
         ...
mv "BHSL-HS-0252_2016_0001_AC.jpg" "/cygdrive/c/David/FHTW-2025-All_-_move_2024_get_new/new_final_jpeg_to_use/GentUnivBib/GentUnivBib_-_BHSL-HS-0252/GentUnivBib_-_BHSL-HS-0252_00001.jpg"
             ... success

  Moving
BHSL-HS-0252_2016_0002_AC.jpg
  TO
GentUnivBib_-_BHSL-HS-0252_00002.jpg
/cygdrive/c/David/FHTW-2025-All_-_move_2024_get_new/new_final_jpeg_to_use/GentUnivBib/GentUnivBib_-_BHSL-HS-0252/GentUnivBib_-_BHSL-HS-0252_00002.jpg
         ...
mv "BHSL-HS-0252_2016_0002_AC.jpg" "/cygdrive/c/David/FHTW-2025-All_-_move_2024_get_new/new_final_jpeg_to_use/GentUnivBib/GentUnivBib_-_BHSL-HS-0252/GentUnivBib_-_BHSL-HS-0252_00002.jpg"
             ... success

  Moving
BHSL-HS-0252_2016_0003_AC.jpg
  TO
GentUnivBib_-_BHSL-HS-0252_00003.jpg
/cygdrive/c/David/FHTW-2025-All_-_move_2024_get_new/new_final_jpeg_to_use/GentUnivBib/GentUnivBib_-_BHSL-HS-0252/GentUnivBib_-_BHSL-HS-0252_00003.jpg
         ...
mv "BHSL-HS-0252_2016_0003_AC.jpg" "/cygdrive/c/David/FHTW-2025-All_-_move_2024_get_new/new_final_jpeg_to_use/GentUnivBib/GentUnivBib_-_BHSL-HS-0252/GentUnivBib_-_BHSL-HS-0252_00003.jpg"
             ... success

  Moving
BHSL-HS-0252_2016_0004_AC.jpg
xargs: bash: terminated by signal 13

Anast@DESKTOP-O7KM5A5 /cygdrive/c/Users/Anast/Desktop/from_dt_2024-07-02/desktop_2024-06-10-to-13_morning/big_ones_to_move/GentUnivBib_-_BHSL-HS-0252_st_-_jpegs
$

Anast@DESKTOP-O7KM5A5 /cygdrive/c/Users/Anast/Desktop/from_dt_2024-07-02/desktop_2024-06-10-to-13_morning/big_ones_to_move/GentUnivBib_-_BHSL-HS-0252_st_-_jpegs
$

Anast@DESKTOP-O7KM5A5 /cygdrive/c/Users/Anast/Desktop/from_dt_2024-07-02/desktop_2024-06-10-to-13_morning/big_ones_to_move/GentUnivBib_-_BHSL-HS-0252_st_-_jpegs
$

Anast@DESKTOP-O7KM5A5 /cygdrive/c/Users/Anast/Desktop/from_dt_2024-07-02/desktop_2024-06-10-to-13_morning/big_ones_to_move/GentUnivBib_-_BHSL-HS-0252_st_-_jpegs
$

Anast@DESKTOP-O7KM5A5 /cygdrive/c/Users/Anast/Desktop/from_dt_2024-07-02/desktop_2024-06-10-to-13_morning/big_ones_to_move/GentUnivBib_-_BHSL-HS-0252_st_-_jpegs
$ ##################################################

Anast@DESKTOP-O7KM5A5 /cygdrive/c/Users/Anast/Desktop/from_dt_2024-07-02/desktop_2024-06-10-to-13_morning/big_ones_to_move/GentUnivBib_-_BHSL-HS-0252_st_-_jpegs
$ ##################################################

Anast@DESKTOP-O7KM5A5 /cygdrive/c/Users/Anast/Desktop/from_dt_2024-07-02/desktop_2024-06-10-to-13_morning/big_ones_to_move/GentUnivBib_-_BHSL-HS-0252_st_-_jpegs
$ ###### COPY/PASTE SPACE 2

Anast@DESKTOP-O7KM5A5 /cygdrive/c/Users/Anast/Desktop/from_dt_2024-07-02/desktop_2024-06-10-to-13_morning/big_ones_to_move/GentUnivBib_-_BHSL-HS-0252_st_-_jpegs
$ ###################################################

Anast@DESKTOP-O7KM5A5 /cygdrive/c/Users/Anast/Desktop/from_dt_2024-07-02/desktop_2024-06-10-to-13_morning/big_ones_to_move/GentUnivBib_-_BHSL-HS-0252_st_-_jpegs
$ ###################################################

Anast@DESKTOP-O7KM5A5 /cygdrive/c/Users/Anast/Desktop/from_dt_2024-07-02/desktop_2024-06-10-to-13_morning/big_ones_to_move/GentUnivBib_-_BHSL-HS-0252_st_-_jpegs
$

Anast@DESKTOP-O7KM5A5 /cygdrive/c/Users/Anast/Desktop/from_dt_2024-07-02/desktop_2024-06-10-to-13_morning/big_ones_to_move/GentUnivBib_-_BHSL-HS-0252_st_-_jpegs
$

Anast@DESKTOP-O7KM5A5 /cygdrive/c/Users/Anast/Desktop/from_dt_2024-07-02/desktop_2024-06-10-to-13_morning/big_ones_to_move/GentUnivBib_-_BHSL-HS-0252_st_-_jpegs
$ date && date +'%s_%Y-%m-%dT%H%M%S%z'
Tue May 20 15:55:20 MDT 2025
1747778121_2025-05-20T155521-0600

Anast@DESKTOP-O7KM5A5 /cygdrive/c/Users/Anast/Desktop/from_dt_2024-07-02/desktop_2024-06-10-to-13_morning/big_ones_to_move/GentUnivBib_-_BHSL-HS-0252_st_-_jpegs
$

Anast@DESKTOP-O7KM5A5 /cygdrive/c/Users/Anast/Desktop/from_dt_2024-07-02/desktop_2024-06-10-to-13_morning/big_ones_to_move/GentUnivBib_-_BHSL-HS-0252_st_-_jpegs
$ ######### COPY TO HERE ##################

#$@$@$@$@$@$@$@$@$@$@$$@$@$@$@$@$@$@$@@$@$@$@$@$@$@$#
#####################@@@@@@@@@@@@@@@@@@##############
#####################################################
#####################################################
# MOVING DESKTOP JPEGs to FHTW with NEW, BETTER NAME
#####################################################
############$$$$$$$$$$$$$$$$$$$$$####################
#@$@$@$@$@$@$@$@$@$@$@@$@$@$@$@$@$@$@$$@$@$@$@$@$@$@#
#
##  REMEMBER THAT WE DID
# $ mkdir -p /cygdrive/c/David/FHTW-2025-All_-_move_2024_get_new/new_final_jpeg_to_use/GentUnivBib/GentUnivBib_-_BHSL-HS-0252/

Anast@DESKTOP-O7KM5A5 /cygdrive/c/Users/Anast/Desktop/from_dt_2024-07-02/desktop_2024-06-10-to-13_morning/big_ones_to_move/GentUnivBib_-_BHSL-HS-0252_st_-_jpegs
$ date && date +'%s_%Y-%m-%dT%H%M%S%z'
Tue May 20 16:00:13 MDT 2025
1747778413_2025-05-20T160013-0600

Anast@DESKTOP-O7KM5A5 /cygdrive/c/Users/Anast/Desktop/from_dt_2024-07-02/desktop_2024-06-10-to-13_morning/big_ones_to_move/GentUnivBib_-_BHSL-HS-0252_st_-_jpegs
$ find . -type f -iname "*.jpg" -print0 | xargs -I'{}' -0 bash -c 'orig="{}"; dest_path="/cygdrive/c/David/FHTW-2025-All_-_move_2024_get_new/new_final_jpeg_to_use/GentUnivBib/GentUnivBib_-_BHSL-HS-0252/"; orig_fname=$(echo "${orig}" | sed '"'"'s#^[.][/]##g'"'"';); echo; echo "  Moving"; echo "${orig_fname}"; new_fname_base=$(echo "${orig_fname}" | awk -F'"'"'_'"'"' '"'"'{print "GentUnivBib_-_" $1 "_0" $3 ".jpg"}'"'"'); echo "  TO"; echo "${new_fname_base}"; new_fpath=${dest_path}${new_fname_base}; echo "${new_fpath}"; echo "         ..."; mv "${orig_fname}" "${new_fpath}" && echo "             ... success" || echo "             ... FAILURE";' | tee ../moving_bhsl-hs-0252_$(date +'%s_%Y-%m-%dT%H%M%S%z').log 2>&1

  Moving
BHSL-HS-0252_2016_0001_AC.jpg
  TO
GentUnivBib_-_BHSL-HS-0252_00001.jpg
/cygdrive/c/David/FHTW-2025-All_-_move_2024_get_new/new_final_jpeg_to_use/GentUnivBib/GentUnivBib_-_BHSL-HS-0252/GentUnivBib_-_BHSL-HS-0252_00001.jpg
         ...
             ... success

  Moving
BHSL-HS-0252_2016_0002_AC.jpg
  TO
GentUnivBib_-_BHSL-HS-0252_00002.jpg
/cygdrive/c/David/FHTW-2025-All_-_move_2024_get_new/new_final_jpeg_to_use/GentUnivBib/GentUnivBib_-_BHSL-HS-0252/GentUnivBib_-_BHSL-HS-0252_00002.jpg
         ...
             ... success

  Moving
BHSL-HS-0252_2016_0003_AC.jpg
  TO
GentUnivBib_-_BHSL-HS-0252_00003.jpg
/cygdrive/c/David/FHTW-2025-All_-_move_2024_get_new/new_final_jpeg_to_use/GentUnivBib/GentUnivBib_-_BHSL-HS-0252/GentUnivBib_-_BHSL-HS-0252_00003.jpg
         ...
             ... success

  Moving

###

# ... BLAH BLAH BLAH ... #

# ... OUTPUT ... #

###

...
             ... success

  Moving
BHSL-HS-0252_2016_0125_AC.jpg
  TO
GentUnivBib_-_BHSL-HS-0252_00125.jpg
/cygdrive/c/David/FHTW-2025-All_-_move_2024_get_new/new_final_jpeg_to_use/GentUnivBib/GentUnivBib_-_BHSL-HS-0252/GentUnivBib_-_BHSL-HS-0252_00125.jpg
         ...
             ... success

  Moving
BHSL-HS-0252_2016_0126_AC.jpg
  TO
GentUnivBib_-_BHSL-HS-0252_00126.jpg
/cygdrive/c/David/FHTW-2025-All_-_move_2024_get_new/new_final_jpeg_to_use/GentUnivBib/GentUnivBib_-_BHSL-HS-0252/GentUnivBib_-_BHSL-HS-0252_00126.jpg
         ...
             ... success

Anast@DESKTOP-O7KM5A5 /cygdrive/c/Users/Anast/Desktop/from_dt_2024-07-02/desktop_2024-06-10-to-13_morning/big_ones_to_move/GentUnivBib_-_BHSL-HS-0252_st_-_jpegs
$ ls ../moving_bhsl-hs-0252_1747778530_2025-05-20T160210-0600.log
../moving_bhsl-hs-0252_1747778530_2025-05-20T160210-0600.log

Anast@DESKTOP-O7KM5A5 /cygdrive/c/Users/Anast/Desktop/from_dt_2024-07-02/desktop_2024-06-10-to-13_morning/big_ones_to_move/GentUnivBib_-_BHSL-HS-0252_st_-_jpegs
$ mv ../moving_bhsl-hs-0252_1747778530_2025-05-20T160210-0600.log /cygdrive/c/David/FHTW-2025-All_-_move_2024_get_new/

Anast@DESKTOP-O7KM5A5 /cygdrive/c/Users/Anast/Desktop/from_dt_2024-07-02/desktop_2024-06-10-to-13_morning/big_ones_to_move/GentUnivBib_-_BHSL-HS-0252_st_-_jpegs
$ cd ..

Anast@DESKTOP-O7KM5A5 /cygdrive/c/Users/Anast/Desktop/from_dt_2024-07-02/desktop_2024-06-10-to-13_morning/big_ones_to_move
$ ls -lAH
ls: cannot access 'Pinakes _ Πίνακες - Notice _ A. Rollo, « Il greco nell'\''Occidente medievale_ mani e pratiche di scrittura », dans M. Cronier, B. Mondrain (éd), _i_Le livre manuscrit grec _ écriture, matériaux, histoire. Actes du IXe Colloque international de ': No such file or directory
total 392
drwx------+ 1 Anast Anast 0 May 20 12:17  GentUnivBib_-_BHSL-HS-0252_st
drwx------+ 1 Anast Anast 0 May 20 11:00  GentUnivBib_-_BHSL-HS-0252_st_-_EXTRAS
drwx------+ 1 Anast Anast 0 May 20 16:02  GentUnivBib_-_BHSL-HS-0252_st_-_jpegs
drwx------+ 1 Anast Anast 0 May 20 11:17  GentUnivBib_-_BdinskiZbornikVidinBulgarije_BHSL-HS-0408
drwx------+ 1 Anast Anast 0 May 20 10:55  GentUnivBib_-_BdinskiZbornikVidinBulgarije_BHSL-HS-0408_-_EXTRAS
drwx------+ 1 Anast Anast 0 May 20 11:17  GentUnivBib_-_BdinskiZbornikVidinBulgarije_BHSL-HS-0408_-_jpegs
drwx------+ 1 Anast Anast 0 May 20 11:09  GentUnivBib_-_EtymologiaeDeAnima_BHSL-HS-0076_st
drwx------+ 1 Anast Anast 0 May 20 11:09  GentUnivBib_-_EtymologiaeDeAnima_BHSL-HS-0076_st_-_EXTRAS
drwx------+ 1 Anast Anast 0 May 20 11:16  GentUnivBib_-_EtymologiaeDeAnima_BHSL-HS-0076_st_-_jpegs
drwx------+ 1 Anast Anast 0 May 20 11:10  GentUnivBib_-_MargeritaPhilisophica_BHSL-HS-0007
drwx------+ 1 Anast Anast 0 May 20 11:10  GentUnivBib_-_MargeritaPhilisophica_BHSL-HS-0007_-_EXTRAS
drwx------+ 1 Anast Anast 0 May 20 11:16  GentUnivBib_-_MargeritaPhilisophica_BHSL-HS-0007_-_jpegs
-?????????? ? ?     ?     ?            ? 'Pinakes _ Πίνακες - Notice _ A. Rollo, « Il greco nell'\''Occidente medievale_ mani e pratiche di scrittura », dans M. Cronier, B. Mondrain (éd), _i_Le livre manuscrit grec _ écriture, matériaux, histoire. Actes du IXe Colloque international de '

Anast@DESKTOP-O7KM5A5 /cygdrive/c/Users/Anast/Desktop/from_dt_2024-07-02/desktop_2024-06-10-to-13_morning/big_ones_to_move
$ dir /X
dir: cannot access '/X': No such file or directory

Anast@DESKTOP-O7KM5A5 /cygdrive/c/Users/Anast/Desktop/from_dt_2024-07-02/desktop_2024-06-10-to-13_morning/big_ones_to_move
$ dir /x
dir: cannot access '/x': No such file or directory

Anast@DESKTOP-O7KM5A5 /cygdrive/c/Users/Anast/Desktop/from_dt_2024-07-02/desktop_2024-06-10-to-13_morning/big_ones_to_move
$ dir /x .
dir: cannot access '/x': No such file or directory
.:
GentUnivBib_-_BHSL-HS-0252_st
GentUnivBib_-_BHSL-HS-0252_st_-_EXTRAS
GentUnivBib_-_BHSL-HS-0252_st_-_jpegs
GentUnivBib_-_BdinskiZbornikVidinBulgarije_BHSL-HS-0408
GentUnivBib_-_BdinskiZbornikVidinBulgarije_BHSL-HS-0408_-_EXTRAS
GentUnivBib_-_BdinskiZbornikVidinBulgarije_BHSL-HS-0408_-_jpegs
GentUnivBib_-_EtymologiaeDeAnima_BHSL-HS-0076_st
GentUnivBib_-_EtymologiaeDeAnima_BHSL-HS-0076_st_-_EXTRAS
GentUnivBib_-_EtymologiaeDeAnima_BHSL-HS-0076_st_-_jpegs
GentUnivBib_-_MargeritaPhilisophica_BHSL-HS-0007
GentUnivBib_-_MargeritaPhilisophica_BHSL-HS-0007_-_EXTRAS
GentUnivBib_-_MargeritaPhilisophica_BHSL-HS-0007_-_jpegs
Pinakes\ _\ Πίνακες\ -\ Notice\ _\ A.\ Rollo,\ «\ Il\ greco\ nell'Occidente\ medievale_\ mani\ e\ pratiche\ di\ scrittura\ »,\ dans\ M.\ Cronier,\ B.\ Mondrain\ (éd),\ _i_Le\ livre\ manuscrit\ grec\ _\ écriture,\ matériaux,\ histoire.\ Actes\ du\ IXe\ Colloque\ international\ de\

Anast@DESKTOP-O7KM5A5 /cygdrive/c/Users/Anast/Desktop/from_dt_2024-07-02/desktop_2024-06-10-to-13_morning/big_ones_to_move
$



#######################################################################
## ############################# TO CMD #######################
## C:\Users\Anast\Desktop\from_dt_2024-07-02\desktop_2024-06-10-to-13_morning\big_ones_to_move>dir /x
##  Volume in drive C is OS
##  Volume Serial Number is 8669-AC6F
## 
##  Directory of C:\Users\Anast\Desktop\from_dt_2024-07-02\desktop_2024-06-10-to-13_morning\big_ones_to_move
## 
## 05/20/2025  04:03 PM    <DIR>                       .
## 05/20/2025  04:03 PM    <DIR>                       ..
## 05/20/2025  11:17 AM    <DIR>                       GentUnivBib_-_BdinskiZbornikVidinBulgarije_BHSL-HS-0408
## 05/20/2025  10:55 AM    <DIR>                       GentUnivBib_-_BdinskiZbornikVidinBulgarije_BHSL-HS-0408_-_EXTRAS
## 05/20/2025  11:17 AM    <DIR>                       GentUnivBib_-_BdinskiZbornikVidinBulgarije_BHSL-HS-0408_-_jpegs
## 05/20/2025  12:17 PM    <DIR>                       GentUnivBib_-_BHSL-HS-0252_st
## 05/20/2025  11:00 AM    <DIR>                       GentUnivBib_-_BHSL-HS-0252_st_-_EXTRAS
## 05/20/2025  04:02 PM    <DIR>                       GentUnivBib_-_BHSL-HS-0252_st_-_jpegs
## 05/20/2025  11:09 AM    <DIR>                       GentUnivBib_-_EtymologiaeDeAnima_BHSL-HS-0076_st
## 05/20/2025  11:09 AM    <DIR>                       GentUnivBib_-_EtymologiaeDeAnima_BHSL-HS-0076_st_-_EXTRAS
## 05/20/2025  11:16 AM    <DIR>                       GentUnivBib_-_EtymologiaeDeAnima_BHSL-HS-0076_st_-_jpegs
## 05/20/2025  11:10 AM    <DIR>                       GentUnivBib_-_MargeritaPhilisophica_BHSL-HS-0007
## 05/20/2025  11:10 AM    <DIR>                       GentUnivBib_-_MargeritaPhilisophica_BHSL-HS-0007_-_EXTRAS
## 05/20/2025  11:16 AM    <DIR>                       GentUnivBib_-_MargeritaPhilisophica_BHSL-HS-0007_-_jpegs
## 03/21/2024  02:05 PM           691,712              Pinakes _ Πίνακες - Notice _ A. Rollo, « Il greco nell'Occidente medievale_ mani e pratiche di scrittura », dans M. Cronier, B. Mondrain (éd), _i_Le livre manuscrit grec _ écriture, matériaux, histoire. Actes du IXe Colloque international de Paléograp.pdf
##                1 File(s)        691,712 bytes
##               14 Dir(s)  89,107,259,392 bytes free
## 
## C:\Users\Anast\Desktop\from_dt_2024-07-02\desktop_2024-06-10-to-13_morning\big_ones_to_move>for %i in (*) do echo %~nsxi
## 
## C:\Users\Anast\Desktop\from_dt_2024-07-02\desktop_2024-06-10-to-13_morning\big_ones_to_move>echo Pinakes _ Πίνακες - Notice _ A. Rollo, « Il greco nell'Occidente medievale_ mani e pratiche di scrittura », dans M. Cronier, B. Mondrain (éd), _i_Le livre manuscrit grec _ écriture, matériaux, histoire. Actes du IXe Colloque international de Paléograp.pdf
## Pinakes _ Πίνακες - Notice _ A. Rollo, « Il greco nell'Occidente medievale_ mani e pratiche di scrittura », dans M. Cronier, B. Mondrain (éd), _i_Le livre manuscrit grec _ écriture, matériaux, histoire. Actes du IXe Colloque international de Paléograp.pdf
## 
## C:\Users\Anast\Desktop\from_dt_2024-07-02\desktop_2024-06-10-to-13_morning\big_ones_to_move>mv //?/C:\Users\Anast\Desktop\from_dt_2024-07-02\desktop_2024-06-10-to-13_morning\big_ones_to_move\Pinakes _ Πίνακες - Notice _ A. Rollo, « Il greco nell'Occidente medievale_ mani e pratiche di scrittura », dans M. Cronier, B. Mondrain (éd), _i_Le livre manuscrit grec _ écriture, matériaux, histoire. Actes du IXe Colloque international de Paléograp.pdf
## 'mv' is not recognized as an internal or external command,
## operable program or batch file.
## 
## C:\Users\Anast\Desktop\from_dt_2024-07-02\desktop_2024-06-10-to-13_morning\big_ones_to_move>ren //?/C:\Users\Anast\Desktop\from_dt_2024-07-02\desktop_2024-06-10-to-13_morning\big_ones_to_move\Pinakes _ Πίνακες - Notice _ A. Rollo, « Il greco nell'Occidente medievale_ mani e pratiche di scrittura », dans M. Cronier, B. Mondrain (éd), _i_Le livre manuscrit grec _ écriture, matériaux, histoire. Actes du IXe Colloque international de Paléograp.pdf "Pinakes_gr_A_RolloIlGrecoNell-Occidente_Medievale_dans_M_Cronier_B_Mondrain_LeLivreManuscritGrecPaleographie.pdf"
## The syntax of the command is incorrect.
## 
## C:\Users\Anast\Desktop\from_dt_2024-07-02\desktop_2024-06-10-to-13_morning\big_ones_to_move>dir /x
##  Volume in drive C is OS
##  Volume Serial Number is 8669-AC6F
## 
##  Directory of C:\Users\Anast\Desktop\from_dt_2024-07-02\desktop_2024-06-10-to-13_morning\big_ones_to_move
## 
## 05/20/2025  04:03 PM    <DIR>                       .
## 05/20/2025  04:03 PM    <DIR>                       ..
## 05/20/2025  11:17 AM    <DIR>                       GentUnivBib_-_BdinskiZbornikVidinBulgarije_BHSL-HS-0408
## 05/20/2025  10:55 AM    <DIR>                       GentUnivBib_-_BdinskiZbornikVidinBulgarije_BHSL-HS-0408_-_EXTRAS
## 05/20/2025  11:17 AM    <DIR>                       GentUnivBib_-_BdinskiZbornikVidinBulgarije_BHSL-HS-0408_-_jpegs
## 05/20/2025  12:17 PM    <DIR>                       GentUnivBib_-_BHSL-HS-0252_st
## 05/20/2025  11:00 AM    <DIR>                       GentUnivBib_-_BHSL-HS-0252_st_-_EXTRAS
## 05/20/2025  04:02 PM    <DIR>                       GentUnivBib_-_BHSL-HS-0252_st_-_jpegs
## 05/20/2025  11:09 AM    <DIR>                       GentUnivBib_-_EtymologiaeDeAnima_BHSL-HS-0076_st
## 05/20/2025  11:09 AM    <DIR>                       GentUnivBib_-_EtymologiaeDeAnima_BHSL-HS-0076_st_-_EXTRAS
## 05/20/2025  11:16 AM    <DIR>                       GentUnivBib_-_EtymologiaeDeAnima_BHSL-HS-0076_st_-_jpegs
## 05/20/2025  11:10 AM    <DIR>                       GentUnivBib_-_MargeritaPhilisophica_BHSL-HS-0007
## 05/20/2025  11:10 AM    <DIR>                       GentUnivBib_-_MargeritaPhilisophica_BHSL-HS-0007_-_EXTRAS
## 05/20/2025  11:16 AM    <DIR>                       GentUnivBib_-_MargeritaPhilisophica_BHSL-HS-0007_-_jpegs
## 03/21/2024  02:05 PM           691,712              Pinakes _ Πίνακες - Notice _ A. Rollo, « Il greco nell'Occidente medievale_ mani e pratiche di scrittura », dans M. Cronier, B. Mondrain (éd), _i_Le livre manuscrit grec _ écriture, matériaux, histoire. Actes du IXe Colloque international de Paléograp.pdf
##                1 File(s)        691,712 bytes
##               14 Dir(s)  89,074,933,760 bytes free
## 
## C:\Users\Anast\Desktop\from_dt_2024-07-02\desktop_2024-06-10-to-13_morning\big_ones_to_move>ren /?
## Renames a file or files.
## 
## RENAME [drive:][path]filename1 filename2.
## REN [drive:][path]filename1 filename2.
## 
## Note that you cannot specify a new drive or path for your destination file.
## 
## C:\Users\Anast\Desktop\from_dt_2024-07-02\desktop_2024-06-10-to-13_morning\big_ones_to_move>ren "C:\Users\Anast\Desktop\from_dt_2024-07-02\desktop_2024-06-10-to-13_morning\big_ones_to_move\Pinakes _ Πίνακες - Notice _ A. Rollo, « Il greco nell'Occidente medievale_ mani e pratiche di scrittura », dans M. Cronier, B. Mondrain (éd), _i_Le livre manuscrit grec _ écriture, matériaux, histoire. Actes du IXe Colloque international de Paléograp.pdf" "Pinakes_gr_A_RolloIlGrecoNell-Occidente_Medievale_dans_M_Cronier_B_Mondrain_LeLivreManuscritGrecPaleographie.pdf"
## 
## C:\Users\Anast\Desktop\from_dt_2024-07-02\desktop_2024-06-10-to-13_morning\big_ones_to_move>dir
##  Volume in drive C is OS
##  Volume Serial Number is 8669-AC6F
## 
##  Directory of C:\Users\Anast\Desktop\from_dt_2024-07-02\desktop_2024-06-10-to-13_morning\big_ones_to_move
## 
## 05/20/2025  04:32 PM    <DIR>          .
## 05/20/2025  04:32 PM    <DIR>          ..
## 05/20/2025  11:17 AM    <DIR>          GentUnivBib_-_BdinskiZbornikVidinBulgarije_BHSL-HS-0408
## 05/20/2025  10:55 AM    <DIR>          GentUnivBib_-_BdinskiZbornikVidinBulgarije_BHSL-HS-0408_-_EXTRAS
## 05/20/2025  11:17 AM    <DIR>          GentUnivBib_-_BdinskiZbornikVidinBulgarije_BHSL-HS-0408_-_jpegs
## 05/20/2025  12:17 PM    <DIR>          GentUnivBib_-_BHSL-HS-0252_st
## 05/20/2025  11:00 AM    <DIR>          GentUnivBib_-_BHSL-HS-0252_st_-_EXTRAS
## 05/20/2025  04:02 PM    <DIR>          GentUnivBib_-_BHSL-HS-0252_st_-_jpegs
## 05/20/2025  11:09 AM    <DIR>          GentUnivBib_-_EtymologiaeDeAnima_BHSL-HS-0076_st
## 05/20/2025  11:09 AM    <DIR>          GentUnivBib_-_EtymologiaeDeAnima_BHSL-HS-0076_st_-_EXTRAS
## 05/20/2025  11:16 AM    <DIR>          GentUnivBib_-_EtymologiaeDeAnima_BHSL-HS-0076_st_-_jpegs
## 05/20/2025  11:10 AM    <DIR>          GentUnivBib_-_MargeritaPhilisophica_BHSL-HS-0007
## 05/20/2025  11:10 AM    <DIR>          GentUnivBib_-_MargeritaPhilisophica_BHSL-HS-0007_-_EXTRAS
## 05/20/2025  11:16 AM    <DIR>          GentUnivBib_-_MargeritaPhilisophica_BHSL-HS-0007_-_jpegs
## 03/21/2024  02:05 PM           691,712 Pinakes_gr_A_RolloIlGrecoNell-Occidente_Medievale_dans_M_Cronier_B_Mondrain_LeLivreManuscritGrecPaleographie.pdf
##                1 File(s)        691,712 bytes
##               14 Dir(s)  89,081,143,296 bytes free
## 
## C:\Users\Anast\Desktop\from_dt_2024-07-02\desktop_2024-06-10-to-13_morning\big_ones_to_move>
## 
## ################### BACK TO CYGWIN #############################
#######################################################################

Anast@DESKTOP-O7KM5A5 /cygdrive/c/Users/Anast/Desktop/from_dt_2024-07-02/desktop_2024-06-10-to-13_morning/big_ones_to_move
$ dir -x
GentUnivBib_-_BHSL-HS-0252_st
GentUnivBib_-_BHSL-HS-0252_st_-_EXTRAS
GentUnivBib_-_BHSL-HS-0252_st_-_jpegs
GentUnivBib_-_BdinskiZbornikVidinBulgarije_BHSL-HS-0408
GentUnivBib_-_BdinskiZbornikVidinBulgarije_BHSL-HS-0408_-_EXTRAS
GentUnivBib_-_BdinskiZbornikVidinBulgarije_BHSL-HS-0408_-_jpegs
GentUnivBib_-_EtymologiaeDeAnima_BHSL-HS-0076_st
GentUnivBib_-_EtymologiaeDeAnima_BHSL-HS-0076_st_-_EXTRAS
GentUnivBib_-_EtymologiaeDeAnima_BHSL-HS-0076_st_-_jpegs
GentUnivBib_-_MargeritaPhilisophica_BHSL-HS-0007
GentUnivBib_-_MargeritaPhilisophica_BHSL-HS-0007_-_EXTRAS
GentUnivBib_-_MargeritaPhilisophica_BHSL-HS-0007_-_jpegs
Pinakes_gr_A_RolloIlGrecoNell-Occidente_Medievale_dans_M_Cronier_B_Mondrain_LeLivreManuscritGrecPaleographie.pdf

Anast@DESKTOP-O7KM5A5 /cygdrive/c/Users/Anast/Desktop/from_dt_2024-07-02/desktop_2024-06-10-to-13_morning/big_ones_to_move
$

Anast@DESKTOP-O7KM5A5 /cygdrive/c/Users/Anast/Desktop/from_dt_2024-07-02/desktop_2024-06-10-to-13_morning/big_ones_to_move
$

Anast@DESKTOP-O7KM5A5 /cygdrive/c/Users/Anast/Desktop/from_dt_2024-07-02/desktop_2024-06-10-to-13_morning/big_ones_to_move
$

Anast@DESKTOP-O7KM5A5 /cygdrive/c/Users/Anast/Desktop/from_dt_2024-07-02/desktop_2024-06-10-to-13_morning/big_ones_to_move
$

Anast@DESKTOP-O7KM5A5 /cygdrive/c/Users/Anast/Desktop/from_dt_2024-07-02/desktop_2024-06-10-to-13_morning/big_ones_to_move
$ #########################################################

Anast@DESKTOP-O7KM5A5 /cygdrive/c/Users/Anast/Desktop/from_dt_2024-07-02/desktop_2024-06-10-to-13_morning/big_ones_to_move
$ #########################################################

Anast@DESKTOP-O7KM5A5 /cygdrive/c/Users/Anast/Desktop/from_dt_2024-07-02/desktop_2024-06-10-to-13_morning/big_ones_to_move
$ #### COPY/PASTE POINT 3

Anast@DESKTOP-O7KM5A5 /cygdrive/c/Users/Anast/Desktop/from_dt_2024-07-02/desktop_2024-06-10-to-13_morning/big_ones_to_move
$ #########################################################

Anast@DESKTOP-O7KM5A5 /cygdrive/c/Users/Anast/Desktop/from_dt_2024-07-02/desktop_2024-06-10-to-13_morning/big_ones_to_move
$ #########################################################

Anast@DESKTOP-O7KM5A5 /cygdrive/c/Users/Anast/Desktop/from_dt_2024-07-02/desktop_2024-06-10-to-13_morning/big_ones_to_move
$

Anast@DESKTOP-O7KM5A5 /cygdrive/c/Users/Anast/Desktop/from_dt_2024-07-02/desktop_2024-06-10-to-13_morning/big_ones_to_move
$ date && date +'%s_%Y-%m-%dT%H%M%S%z'                                          Tue May 20 16:36:09 MDT 2025
1747780570_2025-05-20T163610-0600

Anast@DESKTOP-O7KM5A5 /cygdrive/c/Users/Anast/Desktop/from_dt_2024-07-02/desktop_2024-06-10-to-13_morning/big_ones_to_move
$ ###### COPY TO HERE ########

Anast@DESKTOP-O7KM5A5 /cygdrive/c/Users/Anast/Desktop/from_dt_2024-07-02/desktop_2024-06-10-to-13_morning/big_ones_to_move
$

Anast@DESKTOP-O7KM5A5 /cygdrive/c/Users/Anast/Desktop/from_dt_2024-07-02/desktop_2024-06-10-to-13_morning/big_ones_to_move
$ ls -lAH GentUnivBib_-_BHSL-HS-0252_st
total 4513728

# ... OUTPUT ... #



Anast@DESKTOP-O7KM5A5 /cygdrive/c/Users/Anast/Desktop/from_dt_2024-07-02/desktop_2024-06-10-to-13_morning/big_ones_to_move
$ ls -lAH GentUnivBib_-_BHSL-HS-0252_st_-_EXTRAS/
total 93
-rwx------+ 1 Anast Anast   253 Mar 28  2024 LICENSE.txt
-rwx------+ 1 Anast Anast 92782 Mar 28  2024 README.txt

Anast@DESKTOP-O7KM5A5 /cygdrive/c/Users/Anast/Desktop/from_dt_2024-07-02/desktop_2024-06-10-to-13_morning/big_ones_to_move
$ ls -lAH GentUnivBib_-_BHSL-HS-0252_st_-_jpegs/
total 0

Anast@DESKTOP-O7KM5A5 /cygdrive/c/Users/Anast/Desktop/from_dt_2024-07-02/desktop_2024-06-10-to-13_morning/big_ones_to_move
$ mkdir -p /cygdrive/c/David/FHTW-2025-All_-_move_2024_get_new/new_-_folder_for_not-yet-ready_new_imgs/new_to_convert_jpeg/new_images_jpeg_-_already_color/Gent

Anast@DESKTOP-O7KM5A5 /cygdrive/c/Users/Anast/Desktop/from_dt_2024-07-02/desktop_2024-06-10-to-13_morning/big_ones_to_move
$ mypath="/cygdrive/c/David/FHTW-2025-All_-_move_2024_get_new/new_-_folder_for_not-yet-ready_new_imgs/new_to_convert_jpeg/new_images_jpeg_-_already_color/Gent" 
Anast@DESKTOP-O7KM5A5 /cygdrive/c/Users/Anast/Desktop/from_dt_2024-07-02/desktop_2024-06-10-to-13_morning/big_ones_to_move
$ echo "${mypath}"
/cygdrive/c/David/FHTW-2025-All_-_move_2024_get_new/new_-_folder_for_not-yet-ready_new_imgs/new_to_convert_jpeg/new_images_jpeg_-_already_color/Gent

Anast@DESKTOP-O7KM5A5 /cygdrive/c/Users/Anast/Desktop/from_dt_2024-07-02/desktop_2024-06-10-to-13_morning/big_ones_to_move
$ ls -lAH
total 1076
drwx------+ 1 Anast Anast      0 May 20 12:17  GentUnivBib_-_BHSL-HS-0252_st
drwx------+ 1 Anast Anast      0 May 20 11:00  GentUnivBib_-_BHSL-HS-0252_st_-_EXTRAS
drwx------+ 1 Anast Anast      0 May 20 16:02  GentUnivBib_-_BHSL-HS-0252_st_-_jpegs
drwx------+ 1 Anast Anast      0 May 20 11:17  GentUnivBib_-_BdinskiZbornikVidinBulgarije_BHSL-HS-0408
drwx------+ 1 Anast Anast      0 May 20 16:41 'GentUnivBib_-_BdinskiZbornikVidinBulgarije_BHSL-HS-0408 - Copy'
drwx------+ 1 Anast Anast      0 May 20 10:55  GentUnivBib_-_BdinskiZbornikVidinBulgarije_BHSL-HS-0408_-_EXTRAS
drwx------+ 1 Anast Anast      0 May 20 11:17  GentUnivBib_-_BdinskiZbornikVidinBulgarije_BHSL-HS-0408_-_jpegs
drwx------+ 1 Anast Anast      0 May 20 11:09  GentUnivBib_-_EtymologiaeDeAnima_BHSL-HS-0076_st
drwx------+ 1 Anast Anast      0 May 20 11:09  GentUnivBib_-_EtymologiaeDeAnima_BHSL-HS-0076_st_-_EXTRAS
drwx------+ 1 Anast Anast      0 May 20 11:16  GentUnivBib_-_EtymologiaeDeAnima_BHSL-HS-0076_st_-_jpegs
drwx------+ 1 Anast Anast      0 May 20 11:10  GentUnivBib_-_MargeritaPhilisophica_BHSL-HS-0007
drwx------+ 1 Anast Anast      0 May 20 11:10  GentUnivBib_-_MargeritaPhilisophica_BHSL-HS-0007_-_EXTRAS
drwx------+ 1 Anast Anast      0 May 20 11:16  GentUnivBib_-_MargeritaPhilisophica_BHSL-HS-0007_-_jpegs
drwx------+ 1 Anast Anast      0 May 20 11:16 'GentUnivBib_-_MargeritaPhilisophica_BHSL-HS-0007_-_jpegs - Copy'
-rwx------+ 1 Anast Anast 691712 Mar 21  2024  Pinakes_gr_A_RolloIlGrecoNell-Occidente_Medievale_dans_M_Cronier_B_Mondrain_LeLivreManuscritGrecPaleographie.pdf

Anast@DESKTOP-O7KM5A5 /cygdrive/c/Users/Anast/Desktop/from_dt_2024-07-02/desktop_2024-06-10-to-13_morning/big_ones_to_move
$ #  Haven't finished copying

Anast@DESKTOP-O7KM5A5 /cygdrive/c/Users/Anast/Desktop/from_dt_2024-07-02/desktop_2024-06-10-to-13_morning/big_ones_to_move
$ ls -lAH
total 1160
drwx------+ 1 Anast Anast      0 May 20 12:17  GentUnivBib_-_BHSL-HS-0252_st
drwx------+ 1 Anast Anast      0 May 20 11:00  GentUnivBib_-_BHSL-HS-0252_st_-_EXTRAS
drwx------+ 1 Anast Anast      0 May 20 16:02  GentUnivBib_-_BHSL-HS-0252_st_-_jpegs
drwx------+ 1 Anast Anast      0 May 20 11:17  GentUnivBib_-_BdinskiZbornikVidinBulgarije_BHSL-HS-0408
drwx------+ 1 Anast Anast      0 May 20 16:44 'GentUnivBib_-_BdinskiZbornikVidinBulgarije_BHSL-HS-0408 - Copy'
drwx------+ 1 Anast Anast      0 May 20 10:55  GentUnivBib_-_BdinskiZbornikVidinBulgarije_BHSL-HS-0408_-_EXTRAS
drwx------+ 1 Anast Anast      0 May 20 16:44 'GentUnivBib_-_BdinskiZbornikVidinBulgarije_BHSL-HS-0408_-_EXTRAS - Copy'
drwx------+ 1 Anast Anast      0 May 20 11:17  GentUnivBib_-_BdinskiZbornikVidinBulgarije_BHSL-HS-0408_-_jpegs
drwx------+ 1 Anast Anast      0 May 20 16:44 'GentUnivBib_-_BdinskiZbornikVidinBulgarije_BHSL-HS-0408_-_jpegs - Copy'
drwx------+ 1 Anast Anast      0 May 20 11:09  GentUnivBib_-_EtymologiaeDeAnima_BHSL-HS-0076_st
drwx------+ 1 Anast Anast      0 May 20 11:09  GentUnivBib_-_EtymologiaeDeAnima_BHSL-HS-0076_st_-_EXTRAS
drwx------+ 1 Anast Anast      0 May 20 11:16  GentUnivBib_-_EtymologiaeDeAnima_BHSL-HS-0076_st_-_jpegs
drwx------+ 1 Anast Anast      0 May 20 11:10  GentUnivBib_-_MargeritaPhilisophica_BHSL-HS-0007
drwx------+ 1 Anast Anast      0 May 20 11:10  GentUnivBib_-_MargeritaPhilisophica_BHSL-HS-0007_-_EXTRAS
drwx------+ 1 Anast Anast      0 May 20 11:16  GentUnivBib_-_MargeritaPhilisophica_BHSL-HS-0007_-_jpegs
drwx------+ 1 Anast Anast      0 May 20 11:16 'GentUnivBib_-_MargeritaPhilisophica_BHSL-HS-0007_-_jpegs - Copy'
-rwx------+ 1 Anast Anast 691712 Mar 21  2024  Pinakes_gr_A_RolloIlGrecoNell-Occidente_Medievale_dans_M_Cronier_B_Mondrain_LeLivreManuscritGrecPaleographie.pdf

Anast@DESKTOP-O7KM5A5 /cygdrive/c/Users/Anast/Desktop/from_dt_2024-07-02/desktop_2024-06-10-to-13_morning/big_ones_to_move
$ #  Still going

Anast@DESKTOP-O7KM5A5 /cygdrive/c/Users/Anast/Desktop/from_dt_2024-07-02/desktop_2024-06-10-to-13_morning/big_ones_to_move
$ echo "${mypath}"
/cygdrive/c/David/FHTW-2025-All_-_move_2024_get_new/new_-_folder_for_not-yet-ready_new_imgs/new_to_convert_jpeg/new_images_jpeg_-_already_color/Gent

Anast@DESKTOP-O7KM5A5 /cygdrive/c/Users/Anast/Desktop/from_dt_2024-07-02/desktop_2024-06-10-to-13_morning/big_ones_to_move
$ cp GentUnivBib_-_BdinskiZbornikVidinBulgarije_BHSL-HS-0408
GentUnivBib_-_BdinskiZbornikVidinBulgarije_BHSL-HS-0408/
GentUnivBib_-_BdinskiZbornikVidinBulgarije_BHSL-HS-0408 - Copy/
GentUnivBib_-_BdinskiZbornikVidinBulgarije_BHSL-HS-0408_-_EXTRAS/
GentUnivBib_-_BdinskiZbornikVidinBulgarije_BHSL-HS-0408_-_EXTRAS - Copy/
GentUnivBib_-_BdinskiZbornikVidinBulgarije_BHSL-HS-0408_-_jpegs/
GentUnivBib_-_BdinskiZbornikVidinBulgarije_BHSL-HS-0408_-_jpegs - Copy/

Anast@DESKTOP-O7KM5A5 /cygdrive/c/Users/Anast/Desktop/from_dt_2024-07-02/desktop_2024-06-10-to-13_morning/big_ones_to_move
$ cp GentUnivBib_-_BdinskiZbornikVidinBulgarije_BHSL-HS-0408/ "${mypath}"
cp: -r not specified; omitting directory 'GentUnivBib_-_BdinskiZbornikVidinBulgarije_BHSL-HS-0408/'



Anast@DESKTOP-O7KM5A5 /cygdrive/c/Users/Anast/Desktop/from_dt_2024-07-02/desktop_2024-06-10-to-13_morning/big_ones_to_move
$ cp -r GentUnivBib_-_BdinskiZbornikVidinBulgarije_BHSL-HS-0408/ "${mypath}"


Anast@DESKTOP-O7KM5A5 /cygdrive/c/Users/Anast/Desktop/from_dt_2024-07-02/desktop_2024-06-10-to-13_morning/big_ones_to_move
$ ^C

Anast@DESKTOP-O7KM5A5 /cygdrive/c/Users/Anast/Desktop/from_dt_2024-07-02/desktop_2024-06-10-to-13_morning/big_ones_to_move
$ ^C

Anast@DESKTOP-O7KM5A5 /cygdrive/c/Users/Anast/Desktop/from_dt_2024-07-02/desktop_2024-06-10-to-13_morning/big_ones_to_move
$ cp GentUnivBib_-_BdinskiZbornikVidinBulgarije_BHSL-HS-0408_-_EXTRAS/*.* "${mypath}"

Anast@DESKTOP-O7KM5A5 /cygdrive/c/Users/Anast/Desktop/from_dt_2024-07-02/desktop_2024-06-10-to-13_morning/big_ones_to_move
$ # delete those text files in the destination.

Anast@DESKTOP-O7KM5A5 /cygdrive/c/Users/Anast/Desktop/from_dt_2024-07-02/desktop_2024-06-10-to-13_morning/big_ones_to_move
$ man mv

#$@$@$@$@$@$@$@$@$@$@$$@$@$@$@$@$@$@$@@$@$@$@$@$@$@$#
#####################@@@@@@@@@@@@@@@@@@##############
#####################################################
#####################################################
## Moving TIF and TXT from Desktop to FHTW
#####################################################
############$$$$$$$$$$$$$$$$$$$$$####################
#@$@$@$@$@$@$@$@$@$@$@@$@$@$@$@$@$@$@$$@$@$@$@$@$@$@#


Anast@DESKTOP-O7KM5A5 /cygdrive/c/Users/Anast/Desktop/from_dt_2024-07-02/desktop_2024-06-10-to-13_morning/big_ones_to_move
$ mv GentUnivBib_-_BdinskiZbornikVidinBulgarije_BHSL-HS-0408/ "${mypath}"

Anast@DESKTOP-O7KM5A5 /cygdrive/c/Users/Anast/Desktop/from_dt_2024-07-02/desktop_2024-06-10-to-13_morning/big_ones_to_move
$ mv GentUnivBib_-_BdinskiZbornikVidinBulgarije_BHSL-HS-0408_-_EXTRAS/* ${mypath}/GentUnivBib_-_BdinskiZbornikVidinBulgarije_BHSL-HS-0408/

Anast@DESKTOP-O7KM5A5 /cygdrive/c/Users/Anast/Desktop/from_dt_2024-07-02/desktop_2024-06-10-to-13_morning/big_ones_to_move
$ ls -laH
total 1432
drwx------+ 1 Anast Anast      0 May 20 16:55  .
drwx------+ 1 Anast Anast      0 Jun 10  2024  ..
drwx------+ 1 Anast Anast      0 May 20 12:17  GentUnivBib_-_BHSL-HS-0252_st
drwx------+ 1 Anast Anast      0 May 20 16:46 'GentUnivBib_-_BHSL-HS-0252_st - Copy'
drwx------+ 1 Anast Anast      0 May 20 11:00  GentUnivBib_-_BHSL-HS-0252_st_-_EXTRAS
drwx------+ 1 Anast Anast      0 May 20 16:46 'GentUnivBib_-_BHSL-HS-0252_st_-_EXTRAS - Copy'
drwx------+ 1 Anast Anast      0 May 20 16:02  GentUnivBib_-_BHSL-HS-0252_st_-_jpegs
drwx------+ 1 Anast Anast      0 May 20 16:02 'GentUnivBib_-_BHSL-HS-0252_st_-_jpegs - Copy'
drwx------+ 1 Anast Anast      0 May 20 16:44 'GentUnivBib_-_BdinskiZbornikVidinBulgarije_BHSL-HS-0408 - Copy'
drwx------+ 1 Anast Anast      0 May 20 16:56  GentUnivBib_-_BdinskiZbornikVidinBulgarije_BHSL-HS-0408_-_EXTRAS
drwx------+ 1 Anast Anast      0 May 20 16:44 'GentUnivBib_-_BdinskiZbornikVidinBulgarije_BHSL-HS-0408_-_EXTRAS - Copy'
drwx------+ 1 Anast Anast      0 May 20 11:17  GentUnivBib_-_BdinskiZbornikVidinBulgarije_BHSL-HS-0408_-_jpegs
drwx------+ 1 Anast Anast      0 May 20 16:45 'GentUnivBib_-_BdinskiZbornikVidinBulgarije_BHSL-HS-0408_-_jpegs - Copy'
drwx------+ 1 Anast Anast      0 May 20 11:09  GentUnivBib_-_EtymologiaeDeAnima_BHSL-HS-0076_st
drwx------+ 1 Anast Anast      0 May 20 16:50 'GentUnivBib_-_EtymologiaeDeAnima_BHSL-HS-0076_st - Copy'
drwx------+ 1 Anast Anast      0 May 20 11:09  GentUnivBib_-_EtymologiaeDeAnima_BHSL-HS-0076_st_-_EXTRAS
drwx------+ 1 Anast Anast      0 May 20 16:50 'GentUnivBib_-_EtymologiaeDeAnima_BHSL-HS-0076_st_-_EXTRAS - Copy'
drwx------+ 1 Anast Anast      0 May 20 11:16  GentUnivBib_-_EtymologiaeDeAnima_BHSL-HS-0076_st_-_jpegs
drwx------+ 1 Anast Anast      0 May 20 11:16 'GentUnivBib_-_EtymologiaeDeAnima_BHSL-HS-0076_st_-_jpegs - Copy'
drwx------+ 1 Anast Anast      0 May 20 11:10  GentUnivBib_-_MargeritaPhilisophica_BHSL-HS-0007
drwx------+ 1 Anast Anast      0 May 20 16:52 'GentUnivBib_-_MargeritaPhilisophica_BHSL-HS-0007 - Copy'
drwx------+ 1 Anast Anast      0 May 20 11:10  GentUnivBib_-_MargeritaPhilisophica_BHSL-HS-0007_-_EXTRAS
drwx------+ 1 Anast Anast      0 May 20 16:52 'GentUnivBib_-_MargeritaPhilisophica_BHSL-HS-0007_-_EXTRAS - Copy'
drwx------+ 1 Anast Anast      0 May 20 11:16  GentUnivBib_-_MargeritaPhilisophica_BHSL-HS-0007_-_jpegs
drwx------+ 1 Anast Anast      0 May 20 11:16 'GentUnivBib_-_MargeritaPhilisophica_BHSL-HS-0007_-_jpegs - Copy'
-rwx------+ 1 Anast Anast 691712 Mar 21  2024  Pinakes_gr_A_RolloIlGrecoNell-Occidente_Medievale_dans_M_Cronier_B_Mondrain_LeLivreManuscritGrecPaleographie.pdf

Anast@DESKTOP-O7KM5A5 /cygdrive/c/Users/Anast/Desktop/from_dt_2024-07-02/desktop_2024-06-10-to-13_morning/big_ones_to_move
$ ls -lAh GentUnivBib_-_BdinskiZbornikVidinBulgarije_BHSL-HS-0408
GentUnivBib_-_BdinskiZbornikVidinBulgarije_BHSL-HS-0408 - Copy/
GentUnivBib_-_BdinskiZbornikVidinBulgarije_BHSL-HS-0408_-_EXTRAS/
GentUnivBib_-_BdinskiZbornikVidinBulgarije_BHSL-HS-0408_-_EXTRAS - Copy/
GentUnivBib_-_BdinskiZbornikVidinBulgarije_BHSL-HS-0408_-_jpegs/
GentUnivBib_-_BdinskiZbornikVidinBulgarije_BHSL-HS-0408_-_jpegs - Copy/

Anast@DESKTOP-O7KM5A5 /cygdrive/c/Users/Anast/Desktop/from_dt_2024-07-02/desktop_2024-06-10-to-13_morning/big_ones_to_move
$ ls -lAh GentUnivBib_-_BdinskiZbornikVidinBulgarije_BHSL-HS-0408/
ls: cannot access 'GentUnivBib_-_BdinskiZbornikVidinBulgarije_BHSL-HS-0408/': No such file or directory

Anast@DESKTOP-O7KM5A5 /cygdrive/c/Users/Anast/Desktop/from_dt_2024-07-02/desktop_2024-06-10-to-13_morning/big_ones_to_move
$ stat GentUnivBib_-_BdinskiZbornikVidinBulgarije_BHSL-HS-0408_-_jpegs
  File: GentUnivBib_-_BdinskiZbornikVidinBulgarije_BHSL-HS-0408_-_jpegs
  Size: 0               Blocks: 80         IO Block: 65536  directory
Device: 34409,44143     Inode: 394346442371744265  Links: 1
Access: (0700/drwx------)  Uid: (197609/   Anast)   Gid: (197609/   Anast)
Access: 2025-05-20 16:45:53.947561100 -0600
Modify: 2025-05-20 11:17:23.250346900 -0600
Change: 2025-05-20 11:17:23.250346900 -0600
 Birth: 2025-05-20 11:13:34.839313400 -0600

Anast@DESKTOP-O7KM5A5 /cygdrive/c/Users/Anast/Desktop/from_dt_2024-07-02/desktop_2024-06-10-to-13_morning/big_ones_to_move
$ find GentUnivBib_-_BdinskiZbornikVidinBulgarije_BHSL-HS-0408_-_jpegs -type f | wc -l
250

Anast@DESKTOP-O7KM5A5 /cygdrive/c/Users/Anast/Desktop/from_dt_2024-07-02/desktop_2024-06-10-to-13_morning/big_ones_to_move
$ date && date +'%s_%Y-%m-%dT%H%M%S%z'
Tue May 20 17:00:05 MDT 2025
1747782005_2025-05-20T170005-0600

Anast@DESKTOP-O7KM5A5 /cygdrive/c/Users/Anast/Desktop/from_dt_2024-07-02/desktop_2024-06-10-to-13_morning/big_ones_to_move
$ rm GentUnivBib_-_BdinskiZbornikVidinBulgarije_BHSL-HS-0408_-_EXTRAS
rm: cannot remove 'GentUnivBib_-_BdinskiZbornikVidinBulgarije_BHSL-HS-0408_-_EXTRAS': Is a directory

Anast@DESKTOP-O7KM5A5 /cygdrive/c/Users/Anast/Desktop/from_dt_2024-07-02/desktop_2024-06-10-to-13_morning/big_ones_to_move
$ rm -rf GentUnivBib_-_BdinskiZbornikVidinBulgarije_BHSL-HS-0408_-_EXTRAS

Anast@DESKTOP-O7KM5A5 /cygdrive/c/Users/Anast/Desktop/from_dt_2024-07-02/desktop_2024-06-10-to-13_morning/big_ones_to_move
$ backtodir=$(pwd)

Anast@DESKTOP-O7KM5A5 /cygdrive/c/Users/Anast/Desktop/from_dt_2024-07-02/desktop_2024-06-10-to-13_morning/big_ones_to_move
$ echo $backtodir
/cygdrive/c/Users/Anast/Desktop/from_dt_2024-07-02/desktop_2024-06-10-to-13_morning/big_ones_to_move

Anast@DESKTOP-O7KM5A5 /cygdrive/c/Users/Anast/Desktop/from_dt_2024-07-02/desktop_2024-06-10-to-13_morning/big_ones_to_move
$ cd $mydir

Anast@DESKTOP-O7KM5A5 ~
$ echo $mydir


Anast@DESKTOP-O7KM5A5 ~
$ echo $mypath
/cygdrive/c/David/FHTW-2025-All_-_move_2024_get_new/new_-_folder_for_not-yet-ready_new_imgs/new_to_convert_jpeg/new_images_jpeg_-_already_color/Gent

Anast@DESKTOP-O7KM5A5 ~
$ cd $mypath

Anast@DESKTOP-O7KM5A5 /cygdrive/c/David/FHTW-2025-All_-_move_2024_get_new/new_-_folder_for_not-yet-ready_new_imgs/new_to_convert_jpeg/new_images_jpeg_-_already_color/Gent
$ ls
GentUnivBib_-_BdinskiZbornikVidinBulgarije_BHSL-HS-0408

Anast@DESKTOP-O7KM5A5 /cygdrive/c/David/FHTW-2025-All_-_move_2024_get_new/new_-_folder_for_not-yet-ready_new_imgs/new_to_convert_jpeg/new_images_jpeg_-_already_color/Gent
$ cd ../../

Anast@DESKTOP-O7KM5A5 /cygdrive/c/David/FHTW-2025-All_-_move_2024_get_new/new_-_folder_for_not-yet-ready_new_imgs/new_to_convert_jpeg
$ cd ../../new_
new_-_folder_for_not-yet-ready_new_imgs/
new_final_jpeg_to_use/

Anast@DESKTOP-O7KM5A5 /cygdrive/c/David/FHTW-2025-All_-_move_2024_get_new/new_-_folder_for_not-yet-ready_new_imgs/new_to_convert_jpeg
$ cd ../../new_
new_-_folder_for_not-yet-ready_new_imgs/
new_final_jpeg_to_use/

Anast@DESKTOP-O7KM5A5 /cygdrive/c/David/FHTW-2025-All_-_move_2024_get_new/new_-_folder_for_not-yet-ready_new_imgs/new_to_convert_jpeg
$ cd ../../new_final_jpeg_to_use/

Anast@DESKTOP-O7KM5A5 /cygdrive/c/David/FHTW-2025-All_-_move_2024_get_new/new_final_jpeg_to_use
$ ls
GentUnivBib  bbs  were_bbs_but_added_to_annotated

Anast@DESKTOP-O7KM5A5 /cygdrive/c/David/FHTW-2025-All_-_move_2024_get_new/new_final_jpeg_to_use
$ cd GentUnivBib/

Anast@DESKTOP-O7KM5A5 /cygdrive/c/David/FHTW-2025-All_-_move_2024_get_new/new_final_jpeg_to_use/GentUnivBib
$ ls
GentUnivBib_-_BHSL-HS-0252

Anast@DESKTOP-O7KM5A5 /cygdrive/c/David/FHTW-2025-All_-_move_2024_get_new/new_final_jpeg_to_use/GentUnivBib
$ cd $backtodir

Anast@DESKTOP-O7KM5A5 /cygdrive/c/Users/Anast/Desktop/from_dt_2024-07-02/desktop_2024-06-10-to-13_morning/big_ones_to_move
$ cd GentUnivBib_-_BdinskiZbornikVidinBulgarije_BHSL-HS-0408_-_jpegs

Anast@DESKTOP-O7KM5A5 /cygdrive/c/Users/Anast/Desktop/from_dt_2024-07-02/desktop_2024-06-10-to-13_morning/big_ones_to_move/GentUnivBib_-_BdinskiZbornikVidinBulgarije_BHSL-HS-0408_-_jpegs
$ ## find . -type f -iname "*.jpg" -print0 | xargs -I'{}' -0 bash -c 'orig="{}"; dest_path="/cygdrive/c/David/FHTW-2025-All_-_move_2024_get_new/new_final_jpeg_to_use/GentUnivBib/GentUnivBib_-_BdinskiZbornikVidinBulgarije_BHSL-HS-0408/"; orig_fname=$(echo "${orig}" | sed '"'"'s#^[.][/]##g'"'"';); echo; echo "  Moving"; echo "${orig_fname}"; new_fname_base=$(echo "${orig_fname}" | awk -F'"'"'_'"'"' '"'"'{print "GentUnivBib_-_" $1 "_0" $3 ".jpg"}'"'"'); echo "  TO"; echo "${new_fname_base}"; new_fpath=${dest_path}${new_fname_base}; echo "${new_fpath}"; echo "         ..."; mv "${orig_fname}" "${new_fpath}" && echo "             ... success" || echo "             ... FAILURE";' | tee ../moving_bhsl-hs-0252_$(date +'%s_%Y-%m-%dT%H%M%S%z').log 2>&1

Anast@DESKTOP-O7KM5A5 /cygdrive/c/Users/Anast/Desktop/from_dt_2024-07-02/desktop_2024-06-10-to-13_morning/big_ones_to_move/GentUnivBib_-_BdinskiZbornikVidinBulgarije_BHSL-HS-0408_-_jpegs
$ mkdir -p /cygdrive/c/David/FHTW-2025-All_-_move_2024_get_new/new_final_jpeg_to_use/GentUnivBib/GentUnivBib_-_BdinskiZbornikVidinBulgarije_BHSL-HS-0408/


Anast@DESKTOP-O7KM5A5 /cygdrive/c/Users/Anast/Desktop/from_dt_2024-07-02/desktop_2024-06-10-to-13_morning/big_ones_to_move/GentUnivBib_-_BdinskiZbornikVidinBulgarije_BHSL-HS-0408_-_jpegs
$ find . -type f -iname "*.jpg" -print0 | xargs -I'{}' -0 bash -c 'orig="{}"; dest_path="/cygdrive/c/David/FHTW-2025-All_-_move_2024_get_new/new_final_jpeg_to_use/GentUnivBib/GentUnivBib_-_BdinskiZbornikVidinBulgarije_BHSL-HS-0408/"; orig_fname=$(echo "${orig}" | sed '"'"'s#^[.][/]##g'"'"';); echo; echo "  Moving"; echo "${orig_fname}"; new_fname_base=$(echo "${orig_fname}" | awk -F'"'"'_'"'"' '"'"'{print "GentUnivBib_-_" $1 "_0" $3 ".jpg"}'"'"'); echo "  TO"; echo "${new_fname_base}"; new_fpath=${dest_path}${new_fname_base}; echo "${new_fpath}"; echo "         ...";' | head -n 30 #mv "${orig_fname}" "${new_fpath}" && echo "             ... success" || echo "             ... FAILURE";' | tee ../moving_bhsl-hs-0252_$(date +'%s_%Y-%m-%dT%H%M%S%z').log 2>&1

  Moving
BHSL-HS-0408_2011_0001_AC.jpg
  TO
GentUnivBib_-_BHSL-HS-0408_00001.jpg
/cygdrive/c/David/FHTW-2025-All_-_move_2024_get_new/new_final_jpeg_to_use/GentUnivBib/GentUnivBib_-_BdinskiZbornikVidinBulgarije_BHSL-HS-0408/GentUnivBib_-_BHSL-HS-0408_00001.jpg
         ...

  Moving
BHSL-HS-0408_2011_0002_AC.jpg
  TO
GentUnivBib_-_BHSL-HS-0408_00002.jpg
/cygdrive/c/David/FHTW-2025-All_-_move_2024_get_new/new_final_jpeg_to_use/GentUnivBib/GentUnivBib_-_BdinskiZbornikVidinBulgarije_BHSL-HS-0408/GentUnivBib_-_BHSL-HS-0408_00002.jpg
         ...

  Moving
BHSL-HS-0408_2011_0003_AC.jpg
  TO
GentUnivBib_-_BHSL-HS-0408_00003.jpg
/cygdrive/c/David/FHTW-2025-All_-_move_2024_get_new/new_final_jpeg_to_use/GentUnivBib/GentUnivBib_-_BdinskiZbornikVidinBulgarije_BHSL-HS-0408/GentUnivBib_-_BHSL-HS-0408_00003.jpg
         ...

  Moving
BHSL-HS-0408_2011_0004_AC.jpg
  TO
GentUnivBib_-_BHSL-HS-0408_00004.jpg
/cygdrive/c/David/FHTW-2025-All_-_move_2024_get_new/new_final_jpeg_to_use/GentUnivBib/GentUnivBib_-_BdinskiZbornikVidinBulgarije_BHSL-HS-0408/GentUnivBib_-_BHSL-HS-0408_00004.jpg
         ...

  Moving
xargs: bash: terminated by signal 13

Anast@DESKTOP-O7KM5A5 /cygdrive/c/Users/Anast/Desktop/from_dt_2024-07-02/desktop_2024-06-10-to-13_morning/big_ones_to_move/GentUnivBib_-_BdinskiZbornikVidinBulgarije_BHSL-HS-0408_-_jpegs
$ find . -type f -iname "*.jpg" -print0 | xargs -I'{}' -0 bash -c 'orig="{}"; dest_path="/cygdrive/c/David/FHTW-2025-All_-_move_2024_get_new/new_final_jpeg_to_use/GentUnivBib/GentUnivBib_-_BdinskiZbornikVidinBulgarije_BHSL-HS-0408/"; orig_fname=$(echo "${orig}" | sed '"'"'s#^[.][/]##g'"'"';); echo; echo "  Moving"; echo "${orig_fname}"; new_fname_base=$(echo "${orig_fname}" | awk -F'"'"'_'"'"' '"'"'{print "GentUnivBib_-_" $1 "_0" $3 ".jpg"}'"'"'); echo "  TO"; echo "${new_fname_base}"; new_fpath=${dest_path}${new_fname_base}; echo "${new_fpath}"; echo "         ..."; mv "${orig_fname}" "${new_fpath}" && echo "             ... success" || echo "             ... FAILURE";' | tee /cygdrive/c/David/FHTW-2025-All_-_move_2024_get_new/moving_bhsl-hs-0408_$(date +'%s_%Y-%m-%dT%H%M%S%z').log 2>&1


###

...

# OUTPUT #

...

###

Anast@DESKTOP-O7KM5A5 /cygdrive/c/Users/Anast/Desktop/from_dt_2024-07-02/desktop_2024-06-10-to-13_morning/big_ones_to_move/GentUnivBib_-_BdinskiZbornikVidinBulgarije_BHSL-HS-0408_-_jpegs
$ grep -i failure /cygdrive/c/David/FHTW-2025-All_-_move_2024_get_new/moving_bhsl-hs-0408_1747782737_2025-05-20T171217-0600.log | wc -l
0

Anast@DESKTOP-O7KM5A5 /cygdrive/c/Users/Anast/Desktop/from_dt_2024-07-02/desktop_2024-06-10-to-13_morning/big_ones_to_move/GentUnivBib_-_BdinskiZbornikVidinBulgarije_BHSL-HS-0408_-_jpegs
$ 

Anast@DESKTOP-O7KM5A5 /cygdrive/c/Users/Anast/Desktop/from_dt_2024-07-02/desktop_2024-06-10-to-13_morning/big_ones_to_move/GentUnivBib_-_BdinskiZbornikVidinBulgarije_BHSL-HS-0408_-_jpegs
$

Anast@DESKTOP-O7KM5A5 /cygdrive/c/Users/Anast/Desktop/from_dt_2024-07-02/desktop_2024-06-10-to-13_morning/big_ones_to_move/GentUnivBib_-_BdinskiZbornikVidinBulgarije_BHSL-HS-0408_-_jpegs
$

Anast@DESKTOP-O7KM5A5 /cygdrive/c/Users/Anast/Desktop/from_dt_2024-07-02/desktop_2024-06-10-to-13_morning/big_ones_to_move/GentUnivBib_-_BdinskiZbornikVidinBulgarije_BHSL-HS-0408_-_jpegs
$ cd ..

Anast@DESKTOP-O7KM5A5 /cygdrive/c/Users/Anast/Desktop/from_dt_2024-07-02/desktop_2024-06-10-to-13_morning/big_ones_to_move
$ find GentUnivBib_-_BdinskiZbornikVidinBulgarije_BHSL-HS-0408_-_jpegs | wc -l
1

Anast@DESKTOP-O7KM5A5 /cygdrive/c/Users/Anast/Desktop/from_dt_2024-07-02/desktop_2024-06-10-to-13_morning/big_ones_to_move
$ find GentUnivBib_-_BdinskiZbornikVidinBulgarije_BHSL-HS-0408_-_jpegs
GentUnivBib_-_BdinskiZbornikVidinBulgarije_BHSL-HS-0408_-_jpegs

Anast@DESKTOP-O7KM5A5 /cygdrive/c/Users/Anast/Desktop/from_dt_2024-07-02/desktop_2024-06-10-to-13_morning/big_ones_to_move
$ find GentUnivBib_-_BdinskiZbornikVidinBulgarije_BHSL-HS-0408_-_jpegs -type f | wc -l
0

Anast@DESKTOP-O7KM5A5 /cygdrive/c/Users/Anast/Desktop/from_dt_2024-07-02/desktop_2024-06-10-to-13_morning/big_ones_to_move
$ find GentUnivBib_-_BdinskiZbornikVidinBulgarije_BHSL-HS-0408\ -\ Copy/ -type f | wc -l
250

Anast@DESKTOP-O7KM5A5 /cygdrive/c/Users/Anast/Desktop/from_dt_2024-07-02/desktop_2024-06-10-to-13_morning/big_ones_to_move
$ find ${mypath}/GentUnivBib_-_BdinskiZbornikVidinBulgarije_BHSL-HS-0408/ -type f | wc -l
252

Anast@DESKTOP-O7KM5A5 /cygdrive/c/Users/Anast/Desktop/from_dt_2024-07-02/desktop_2024-06-10-to-13_morning/big_ones_to_move
$ #  Includes the two text files

Anast@DESKTOP-O7KM5A5 /cygdrive/c/Users/Anast/Desktop/from_dt_2024-07-02/desktop_2024-06-10-to-13_morning/big_ones_to_move
$ echo $mypath
/cygdrive/c/David/FHTW-2025-All_-_move_2024_get_new/new_-_folder_for_not-yet-ready_new_imgs/new_to_convert_jpeg/new_images_jpeg_-_already_color/Gent

Anast@DESKTOP-O7KM5A5 /cygdrive/c/Users/Anast/Desktop/from_dt_2024-07-02/desktop_2024-06-10-to-13_morning/big_ones_to_move
$ rm -r GentUnivBib_-_BdinskiZbornikVidinBulgarije_BHSL-HS-0408\ -\ Copy/

Anast@DESKTOP-O7KM5A5 /cygdrive/c/Users/Anast/Desktop/from_dt_2024-07-02/desktop_2024-06-10-to-13_morning/big_ones_to_move
$ find ${mypath}/GentUnivBib_-_BdinskiZbornikVidinBulgarije_BHSL-HS-0408/ -type f -iname "*.txt"
/cygdrive/c/David/FHTW-2025-All_-_move_2024_get_new/new_-_folder_for_not-yet-ready_new_imgs/new_to_convert_jpeg/new_images_jpeg_-_already_color/Gent/GentUnivBib_-_BdinskiZbornikVidinBulgarije_BHSL-HS-0408/LICENSE.txt
/cygdrive/c/David/FHTW-2025-All_-_move_2024_get_new/new_-_folder_for_not-yet-ready_new_imgs/new_to_convert_jpeg/new_images_jpeg_-_already_color/Gent/GentUnivBib_-_BdinskiZbornikVidinBulgarije_BHSL-HS-0408/README.txt

Anast@DESKTOP-O7KM5A5 /cygdrive/c/Users/Anast/Desktop/from_dt_2024-07-02/desktop_2024-06-10-to-13_morning/big_ones_to_move
$ find GentUnivBib_-_BdinskiZbornikVidinBulgarije_BHSL-HS-0408_-_EXTRAS\ -\ Copy/ -type f -iname "*.txt"
GentUnivBib_-_BdinskiZbornikVidinBulgarije_BHSL-HS-0408_-_EXTRAS - Copy/LICENSE.txt
GentUnivBib_-_BdinskiZbornikVidinBulgarije_BHSL-HS-0408_-_EXTRAS - Copy/README.txt

Anast@DESKTOP-O7KM5A5 /cygdrive/c/Users/Anast/Desktop/from_dt_2024-07-02/desktop_2024-06-10-to-13_morning/big_ones_to_move
$ rm -r GentUnivBib_-_BdinskiZbornikVidinBulgarije_BHSL-HS-0408_-_EXTRAS\ -\ Copy/

Anast@DESKTOP-O7KM5A5 /cygdrive/c/Users/Anast/Desktop/from_dt_2024-07-02/desktop_2024-06-10-to-13_morning/big_ones_to_move
$ find GentUnivBib_-_BdinskiZbornikVidinBulgarije_BHSL-HS-0408_-_jpegs -type f | wc -l
0

Anast@DESKTOP-O7KM5A5 /cygdrive/c/Users/Anast/Desktop/from_dt_2024-07-02/desktop_2024-06-10-to-13_morning/big_ones_to_move
$ find GentUnivBib_-_BdinskiZbornikVidinBulgarije_BHSL-HS-0408_-_jpegs -type d | wc -l
1

Anast@DESKTOP-O7KM5A5 /cygdrive/c/Users/Anast/Desktop/from_dt_2024-07-02/desktop_2024-06-10-to-13_morning/big_ones_to_move
$ rm -r GentUnivBib_-_BdinskiZbornikVidinBulgarije_BHSL-HS-0408_-_jpegs

Anast@DESKTOP-O7KM5A5 /cygdrive/c/Users/Anast/Desktop/from_dt_2024-07-02/desktop_2024-06-10-to-13_morning/big_ones_to_move
$ find GentUnivBib_-_BdinskiZbornikVidinBulgarije_BHSL-HS-0408_-_jpegs\ -\ Copy/ -type f | wc -l
250

Anast@DESKTOP-O7KM5A5 /cygdrive/c/Users/Anast/Desktop/from_dt_2024-07-02/desktop_2024-06-10-to-13_morning/big_ones_to_move
$ find GentUnivBib_-_BdinskiZbornikVidinBulgarije_BHSL-HS-0408_-_jpegs\ -\ Copy/ -type d | wc -l
1

Anast@DESKTOP-O7KM5A5 /cygdrive/c/Users/Anast/Desktop/from_dt_2024-07-02/desktop_2024-06-10-to-13_morning/big_ones_to_move
$ find GentUnivBib_-_BdinskiZbornikVidinBulgarije_BHSL-HS-0408_-_jpegs\ -\ Copy/ -type d
GentUnivBib_-_BdinskiZbornikVidinBulgarije_BHSL-HS-0408_-_jpegs - Copy/

Anast@DESKTOP-O7KM5A5 /cygdrive/c/Users/Anast/Desktop/from_dt_2024-07-02/desktop_2024-06-10-to-13_morning/big_ones_to_move
$ find /cygdrive/c/David/FHTW-2025-All_-_move_2024_get_new/new_
new_-_folder_for_not-yet-ready_new_imgs/
new_final_jpeg_to_use/

Anast@DESKTOP-O7KM5A5 /cygdrive/c/Users/Anast/Desktop/from_dt_2024-07-02/desktop_2024-06-10-to-13_morning/big_ones_to_move
$ find /cygdrive/c/David/FHTW-2025-All_-_move_2024_get_new/new_final_jpeg_to_use/
GentUnivBib/                     were_bbs_but_added_to_annotated/
bbs/

Anast@DESKTOP-O7KM5A5 /cygdrive/c/Users/Anast/Desktop/from_dt_2024-07-02/desktop_2024-06-10-to-13_morning/big_ones_to_move
$ find /cygdrive/c/David/FHTW-2025-All_-_move_2024_get_new/new_final_jpeg_to_use/GentUnivBib -type d
/cygdrive/c/David/FHTW-2025-All_-_move_2024_get_new/new_final_jpeg_to_use/GentUnivBib
/cygdrive/c/David/FHTW-2025-All_-_move_2024_get_new/new_final_jpeg_to_use/GentUnivBib/GentUnivBib_-_BdinskiZbornikVidinBulgarije_BHSL-HS-0408
/cygdrive/c/David/FHTW-2025-All_-_move_2024_get_new/new_final_jpeg_to_use/GentUnivBib/GentUnivBib_-_BHSL-HS-0252

Anast@DESKTOP-O7KM5A5 /cygdrive/c/Users/Anast/Desktop/from_dt_2024-07-02/desktop_2024-06-10-to-13_morning/big_ones_to_move
$ myjpegdir=/cygdrive/c/David/FHTW-2025-All_-_move_2024_get_new/new_final_jpeg_to_use/GentUnivBib

Anast@DESKTOP-O7KM5A5 /cygdrive/c/Users/Anast/Desktop/from_dt_2024-07-02/desktop_2024-06-10-to-13_morning/big_ones_to_move
$ echo ${myjpegdir}
/cygdrive/c/David/FHTW-2025-All_-_move_2024_get_new/new_final_jpeg_to_use/GentUnivBib

Anast@DESKTOP-O7KM5A5 /cygdrive/c/Users/Anast/Desktop/from_dt_2024-07-02/desktop_2024-06-10-to-13_morning/big_ones_to_move
$ find $myjpegdir -type f -iname "*.jpg" | wc -l
376

Anast@DESKTOP-O7KM5A5 /cygdrive/c/Users/Anast/Desktop/from_dt_2024-07-02/desktop_2024-06-10-to-13_morning/big_ones_to_move
$ find ${myjpegdir}/GentUnivBib_-_BdinskiZbornikVidinBulgarije_BHSL-HS-0408/ -type f -iname "*.jpg"

# ... OUTPUT ... #

Anast@DESKTOP-O7KM5A5 /cygdrive/c/Users/Anast/Desktop/from_dt_2024-07-02/desktop_2024-06-10-to-13_morning/big_ones_to_move
$ find ${myjpegdir}/GentUnivBib_-_BdinskiZbornikVidinBulgarije_BHSL-HS-0408/ -type f -iname "*.jpg" | wc -l
250

Anast@DESKTOP-O7KM5A5 /cygdrive/c/Users/Anast/Desktop/from_dt_2024-07-02/desktop_2024-06-10-to-13_morning/big_ones_to_move
$ find GentUnivBib_-_BdinskiZbornikVidinBulgarije_BHSL-HS-0408_-_jpegs\ -\ Copy/ -type f -iname "*.jpg" | wc -l
250

Anast@DESKTOP-O7KM5A5 /cygdrive/c/Users/Anast/Desktop/from_dt_2024-07-02/desktop_2024-06-10-to-13_morning/big_ones_to_move
$ rm -r GentUnivBib_-_BdinskiZbornikVidinBulgarije_BHSL-HS-0408_-_jpegs\ -\ Copy/

Anast@DESKTOP-O7KM5A5 /cygdrive/c/Users/Anast/Desktop/from_dt_2024-07-02/desktop_2024-06-10-to-13_morning/big_ones_to_move
$ ######################################################

Anast@DESKTOP-O7KM5A5 /cygdrive/c/Users/Anast/Desktop/from_dt_2024-07-02/desktop_2024-06-10-to-13_morning/big_ones_to_move
$ ######################################################

Anast@DESKTOP-O7KM5A5 /cygdrive/c/Users/Anast/Desktop/from_dt_2024-07-02/desktop_2024-06-10-to-13_morning/big_ones_to_move
$ ### COPY/PASTE POINT, (PROBABLY 4, BUT I'LL SAY) 5

Anast@DESKTOP-O7KM5A5 /cygdrive/c/Users/Anast/Desktop/from_dt_2024-07-02/desktop_2024-06-10-to-13_morning/big_ones_to_move
$ ######################################################

Anast@DESKTOP-O7KM5A5 /cygdrive/c/Users/Anast/Desktop/from_dt_2024-07-02/desktop_2024-06-10-to-13_morning/big_ones_to_move
$ ######################################################

Anast@DESKTOP-O7KM5A5 /cygdrive/c/Users/Anast/Desktop/from_dt_2024-07-02/desktop_2024-06-10-to-13_morning/big_ones_to_move
$ date && date +'%s_%Y-%m-%dT%H%M%S%z'                                          Tue May 20 17:25:48 MDT 2025
1747783548_2025-05-20T172548-0600

Anast@DESKTOP-O7KM5A5 /cygdrive/c/Users/Anast/Desktop/from_dt_2024-07-02/desktop_2024-06-10-to-13_morning/big_ones_to_move
$

#$@$@$@$@$@$@$@$@$@$@$$@$@$@$@$@$@$@$@@$@$@$@$@$@$@$#
#####################@@@@@@@@@@@@@@@@@@##############
#####################################################
#####################################################
## PART TEST AND REMOVE (AFTER MOVING JPEGS)
#####################################################
############$$$$$$$$$$$$$$$$$$$$$####################
#@$@$@$@$@$@$@$@$@$@$@@$@$@$@$@$@$@$@$$@$@$@$@$@$@$@#

# ## From before ...
# 
# Anast@DESKTOP-O7KM5A5 /cygdrive/c/Users/Anast/Desktop/from_dt_2024-07-02/desktop_2024-06-10-to-13_morning/big_ones_to_move
# $ find GentUnivBib_-_BdinskiZbornikVidinBulgarije_BHSL-HS-0408_-_jpegs -type f | wc -l
# 0
# 
# Anast@DESKTOP-O7KM5A5 /cygdrive/c/Users/Anast/Desktop/from_dt_2024-07-02/desktop_2024-06-10-to-13_morning/big_ones_to_move
# $ find GentUnivBib_-_BdinskiZbornikVidinBulgarije_BHSL-HS-0408\ -\ Copy/ -type f | wc -l
# 250
# 
# Anast@DESKTOP-O7KM5A5 /cygdrive/c/Users/Anast/Desktop/from_dt_2024-07-02/desktop_2024-06-10-to-13_morning/big_ones_to_move
# $ find ${mypath}/GentUnivBib_-_BdinskiZbornikVidinBulgarije_BHSL-HS-0408/ -type f | wc -l
# 252
# 
# Anast@DESKTOP-O7KM5A5 /cygdrive/c/Users/Anast/Desktop/from_dt_2024-07-02/desktop_2024-06-10-to-13_morning/big_ones_to_move
# $ #  Includes the two text files
# 
# Anast@DESKTOP-O7KM5A5 /cygdrive/c/Users/Anast/Desktop/from_dt_2024-07-02/desktop_2024-06-10-to-13_morning/big_ones_to_move
# $ echo $mypath
# /cygdrive/c/David/FHTW-2025-All_-_move_2024_get_new/new_-_folder_for_not-yet-ready_new_imgs/new_to_convert_jpeg/new_images_jpeg_-_already_color/Gent
# 
# Anast@DESKTOP-O7KM5A5 /cygdrive/c/Users/Anast/Desktop/from_dt_2024-07-02/desktop_2024-06-10-to-13_morning/big_ones_to_move
# $ rm -r GentUnivBib_-_BdinskiZbornikVidinBulgarije_BHSL-HS-0408\ -\ Copy/
# 
# Anast@DESKTOP-O7KM5A5 /cygdrive/c/Users/Anast/Desktop/from_dt_2024-07-02/desktop_2024-06-10-to-13_morning/big_ones_to_move
# $ find ${mypath}/GentUnivBib_-_BdinskiZbornikVidinBulgarije_BHSL-HS-0408/ -type f -iname "*.txt"
# /cygdrive/c/David/FHTW-2025-All_-_move_2024_get_new/new_-_folder_for_not-yet-ready_new_imgs/new_to_convert_jpeg/new_images_jpeg_-_already_color/Gent/GentUnivBib_-_BdinskiZbornikVidinBulgarije_BHSL-HS-0408/LICENSE.txt
# /cygdrive/c/David/FHTW-2025-All_-_move_2024_get_new/new_-_folder_for_not-yet-ready_new_imgs/new_to_convert_jpeg/new_images_jpeg_-_already_color/Gent/GentUnivBib_-_BdinskiZbornikVidinBulgarije_BHSL-HS-0408/README.txt
# 
# Anast@DESKTOP-O7KM5A5 /cygdrive/c/Users/Anast/Desktop/from_dt_2024-07-02/desktop_2024-06-10-to-13_morning/big_ones_to_move
# $ find GentUnivBib_-_BdinskiZbornikVidinBulgarije_BHSL-HS-0408_-_EXTRAS\ -\ Copy/ -type f -iname "*.txt"
# GentUnivBib_-_BdinskiZbornikVidinBulgarije_BHSL-HS-0408_-_EXTRAS - Copy/LICENSE.txt
# GentUnivBib_-_BdinskiZbornikVidinBulgarije_BHSL-HS-0408_-_EXTRAS - Copy/README.txt
# 
# Anast@DESKTOP-O7KM5A5 /cygdrive/c/Users/Anast/Desktop/from_dt_2024-07-02/desktop_2024-06-10-to-13_morning/big_ones_to_move
# $ rm -r GentUnivBib_-_BdinskiZbornikVidinBulgarije_BHSL-HS-0408_-_EXTRAS\ -\ Copy/
# 
# Anast@DESKTOP-O7KM5A5 /cygdrive/c/Users/Anast/Desktop/from_dt_2024-07-02/desktop_2024-06-10-to-13_morning/big_ones_to_move
# $ find GentUnivBib_-_BdinskiZbornikVidinBulgarije_BHSL-HS-0408_-_jpegs -type f | wc -l
# 0
# 
# Anast@DESKTOP-O7KM5A5 /cygdrive/c/Users/Anast/Desktop/from_dt_2024-07-02/desktop_2024-06-10-to-13_morning/big_ones_to_move
# $ rm -r GentUnivBib_-_BdinskiZbornikVidinBulgarije_BHSL-HS-0408_-_jpegs
# 
# Anast@DESKTOP-O7KM5A5 /cygdrive/c/Users/Anast/Desktop/from_dt_2024-07-02/desktop_2024-06-10-to-13_morning/big_ones_to_move
# $ find GentUnivBib_-_BdinskiZbornikVidinBulgarije_BHSL-HS-0408_-_jpegs\ -\ Copy/ -type f | wc -l
# 250

# Anast@DESKTOP-O7KM5A5 /cygdrive/c/Users/Anast/Desktop/from_dt_2024-07-02/desktop_2024-06-10-to-13_morning/big_ones_to_move
# $ myjpegdir=/cygdrive/c/David/FHTW-2025-All_-_move_2024_get_new/new_final_jpeg_to_use/GentUnivBib
# 
# Anast@DESKTOP-O7KM5A5 /cygdrive/c/Users/Anast/Desktop/from_dt_2024-07-02/desktop_2024-06-10-to-13_morning/big_ones_to_move
# $ echo ${myjpegdir}
# /cygdrive/c/David/FHTW-2025-All_-_move_2024_get_new/new_final_jpeg_to_use/GentUnivBib
# 
# Anast@DESKTOP-O7KM5A5 /cygdrive/c/Users/Anast/Desktop/from_dt_2024-07-02/desktop_2024-06-10-to-13_morning/big_ones_to_move
# $ find ${myjpegdir}/GentUnivBib_-_BdinskiZbornikVidinBulgarije_BHSL-HS-0408/ -type f -iname "*.jpg" | wc -l
# 250
# 
# Anast@DESKTOP-O7KM5A5 /cygdrive/c/Users/Anast/Desktop/from_dt_2024-07-02/desktop_2024-06-10-to-13_morning/big_ones_to_move
# $ find GentUnivBib_-_BdinskiZbornikVidinBulgarije_BHSL-HS-0408_-_jpegs\ -\ Copy/ -type f -iname "*.jpg" | wc -l
# 250
# 
# Anast@DESKTOP-O7KM5A5 /cygdrive/c/Users/Anast/Desktop/from_dt_2024-07-02/desktop_2024-06-10-to-13_morning/big_ones_to_move
# $ rm -r GentUnivBib_-_BdinskiZbornikVidinBulgarije_BHSL-HS-0408_-_jpegs\ -\ Copy/
###############################################################
# That was from before

Anast@DESKTOP-O7KM5A5 /cygdrive/c/Users/Anast/Desktop/from_dt_2024-07-02/desktop_2024-06-10-to-13_morning/big_ones_to_move
$ echo $mypath
/cygdrive/c/David/FHTW-2025-All_-_move_2024_get_new/new_-_folder_for_not-yet-ready_new_imgs/new_to_convert_jpeg/new_images_jpeg_-_already_color/Gent

Anast@DESKTOP-O7KM5A5 /cygdrive/c/Users/Anast/Desktop/from_dt_2024-07-02/desktop_2024-06-10-to-13_morning/big_ones_to_move
$ mv GentUnivBib_-_BHSL-HS-0252_st/ "${mypath}"

Anast@DESKTOP-O7KM5A5 /cygdrive/c/Users/Anast/Desktop/from_dt_2024-07-02/desktop_2024-06-10-to-13_morning/big_ones_to_move
$ find ${mypath}/GentUnivBib_-_BHSL-HS-0252_st/ -type f | wc -l
126

Anast@DESKTOP-O7KM5A5 /cygdrive/c/Users/Anast/Desktop/from_dt_2024-07-02/desktop_2024-06-10-to-13_morning/big_ones_to_move
$ find GentUnivBib_-_BHSL-HS-0252_st
GentUnivBib_-_BHSL-HS-0252_st - Copy/
GentUnivBib_-_BHSL-HS-0252_st_-_EXTRAS/
GentUnivBib_-_BHSL-HS-0252_st_-_EXTRAS - Copy/
GentUnivBib_-_BHSL-HS-0252_st_-_jpegs/
GentUnivBib_-_BHSL-HS-0252_st_-_jpegs - Copy/

Anast@DESKTOP-O7KM5A5 /cygdrive/c/Users/Anast/Desktop/from_dt_2024-07-02/desktop_2024-06-10-to-13_morning/big_ones_to_move
$ find GentUnivBib_-_BHSL-HS-0252_st
GentUnivBib_-_BHSL-HS-0252_st - Copy/
GentUnivBib_-_BHSL-HS-0252_st_-_EXTRAS/
GentUnivBib_-_BHSL-HS-0252_st_-_EXTRAS - Copy/
GentUnivBib_-_BHSL-HS-0252_st_-_jpegs/
GentUnivBib_-_BHSL-HS-0252_st_-_jpegs - Copy/

Anast@DESKTOP-O7KM5A5 /cygdrive/c/Users/Anast/Desktop/from_dt_2024-07-02/desktop_2024-06-10-to-13_morning/big_ones_to_move
$ find GentUnivBib_-_BHSL-HS-0252_st
GentUnivBib_-_BHSL-HS-0252_st - Copy/
GentUnivBib_-_BHSL-HS-0252_st_-_EXTRAS/
GentUnivBib_-_BHSL-HS-0252_st_-_EXTRAS - Copy/
GentUnivBib_-_BHSL-HS-0252_st_-_jpegs/
GentUnivBib_-_BHSL-HS-0252_st_-_jpegs - Copy/

Anast@DESKTOP-O7KM5A5 /cygdrive/c/Users/Anast/Desktop/from_dt_2024-07-02/desktop_2024-06-10-to-13_morning/big_ones_to_move
$ find GentUnivBib_-_BHSL-HS-0252_st\ -\ Copy/ -type f | wc -l
126

Anast@DESKTOP-O7KM5A5 /cygdrive/c/Users/Anast/Desktop/from_dt_2024-07-02/desktop_2024-06-10-to-13_morning/big_ones_to_move
$ mv GentUnivBib_-_BHSL-HS-0252_st_-_EXTRAS/* ${mypath}/GentUnivBib_-_BHSL-HS-0252_st/

Anast@DESKTOP-O7KM5A5 /cygdrive/c/Users/Anast/Desktop/from_dt_2024-07-02/desktop_2024-06-10-to-13_morning/big_ones_to_move
$ mv ${mypath}/GentUnivBib_-_BHSL-HS-0252_st/ ${mypath}/GentUnivBib_-_BHSL-HS-0252/

Anast@DESKTOP-O7KM5A5 /cygdrive/c/Users/Anast/Desktop/from_dt_2024-07-02/desktop_2024-06-10-to-13_morning/big_ones_to_move
$ diff GentUnivBib_-_BHSL-HS-0252_st_-_EXTRAS\ -\ Copy/README.txt ${mypath}/GentUnivBib_-_BHSL-HS-0252/README.txt | wc -l
0

Anast@DESKTOP-O7KM5A5 /cygdrive/c/Users/Anast/Desktop/from_dt_2024-07-02/desktop_2024-06-10-to-13_morning/big_ones_to_move
$ diff GentUnivBib_-_BHSL-HS-0252_st_-_EXTRAS\ -\ Copy/README.txt ${mypath}/GentUnivBib_-_BHSL-HS-0252/LICENSE.txt | wc -l
903

Anast@DESKTOP-O7KM5A5 /cygdrive/c/Users/Anast/Desktop/from_dt_2024-07-02/desktop_2024-06-10-to-13_morning/big_ones_to_move
$ diff GentUnivBib_-_BHSL-HS-0252_st_-_EXTRAS\ -\ Copy/LICENSE.txt ${mypath}/GentUnivBib_-_BHSL-HS-0252/LICENSE.txt | wc -l
0

Anast@DESKTOP-O7KM5A5 /cygdrive/c/Users/Anast/Desktop/from_dt_2024-07-02/desktop_2024-06-10-to-13_morning/big_ones_to_move
$ find GentUnivBib_-_BHSL-HS-0252_st_-_jpegs/ -type f | wc -l
0

Anast@DESKTOP-O7KM5A5 /cygdrive/c/Users/Anast/Desktop/from_dt_2024-07-02/desktop_2024-06-10-to-13_morning/big_ones_to_move
$ find GentUnivBib_-_BHSL-HS-0252_st_-_jpegs\ -\ Copy/ -type f | wc -l
0

Anast@DESKTOP-O7KM5A5 /cygdrive/c/Users/Anast/Desktop/from_dt_2024-07-02/desktop_2024-06-10-to-13_morning/big_ones_to_move
$ #  Already checked those

Anast@DESKTOP-O7KM5A5 /cygdrive/c/Users/Anast/Desktop/from_dt_2024-07-02/desktop_2024-06-10-to-13_morning/big_ones_to_move
$ rm -r GentUnivBib_-_BHSL-HS-0252_st*

Anast@DESKTOP-O7KM5A5 /cygdrive/c/Users/Anast/Desktop/from_dt_2024-07-02/desktop_2024-06-10-to-13_morning/big_ones_to_move
$ find ${mypath}/GentUnivBib_-_BdinskiZbornikVidinBulgarije_BHSL-HS-0408/ -type f | wc -l
252

Anast@DESKTOP-O7KM5A5 /cygdrive/c/Users/Anast/Desktop/from_dt_2024-07-02/desktop_2024-06-10-to-13_morning/big_ones_to_move
$

Anast@DESKTOP-O7KM5A5 /cygdrive/c/Users/Anast/Desktop/from_dt_2024-07-02/desktop_2024-06-10-to-13_morning/big_ones_to_move
$ echo $mypath
/cygdrive/c/David/FHTW-2025-All_-_move_2024_get_new/new_-_folder_for_not-yet-ready_new_imgs/new_to_convert_jpeg/new_images_jpeg_-_already_color/Gent

Anast@DESKTOP-O7KM5A5 /cygdrive/c/Users/Anast/Desktop/from_dt_2024-07-02/desktop_2024-06-10-to-13_morning/big_ones_to_move
$ echo $myjpegpath


Anast@DESKTOP-O7KM5A5 /cygdrive/c/Users/Anast/Desktop/from_dt_2024-07-02/desktop_2024-06-10-to-13_morning/big_ones_to_move
$ echo $backtodir
/cygdrive/c/Users/Anast/Desktop/from_dt_2024-07-02/desktop_2024-06-10-to-13_morning/big_ones_to_move

Anast@DESKTOP-O7KM5A5 /cygdrive/c/Users/Anast/Desktop/from_dt_2024-07-02/desktop_2024-06-10-to-13_morning/big_ones_to_move
$ echo $myjpegdir
/cygdrive/c/David/FHTW-2025-All_-_move_2024_get_new/new_final_jpeg_to_use/GentUnivBib

Anast@DESKTOP-O7KM5A5 /cygdrive/c/Users/Anast/Desktop/from_dt_2024-07-02/desktop_2024-06-10-to-13_morning/big_ones_to_move
$ ########################## ACTUALLY COPY TO HERE FOR 5 #####

Anast@DESKTOP-O7KM5A5 /cygdrive/c/Users/Anast/Desktop/from_dt_2024-07-02/desktop_2024-06-10-to-13_morning/big_ones_to_move
$



Anast@DESKTOP-O7KM5A5 /cygdrive/c/Users/Anast/Desktop/from_dt_2024-07-02/desktop_2024-06-10-to-13_morning/big_ones_to_move
$

Anast@DESKTOP-O7KM5A5 /cygdrive/c/Users/Anast/Desktop/from_dt_2024-07-02/desktop_2024-06-10-to-13_morning/big_ones_to_move
$

Anast@DESKTOP-O7KM5A5 /cygdrive/c/Users/Anast/Desktop/from_dt_2024-07-02/desktop_2024-06-10-to-13_morning/big_ones_to_move
$

Anast@DESKTOP-O7KM5A5 /cygdrive/c/Users/Anast/Desktop/from_dt_2024-07-02/desktop_2024-06-10-to-13_morning/big_ones_to_move
$ date && date +'%s_%Y-%m-%dT%H%M%S%z'
Tue May 20 18:08:59 MDT 2025
1747786139_2025-05-20T180859-0600

Anast@DESKTOP-O7KM5A5 /cygdrive/c/Users/Anast/Desktop/from_dt_2024-07-02/desktop_2024-06-10-to-13_morning/big_ones_to_move
$

Anast@DESKTOP-O7KM5A5 /cygdrive/c/Users/Anast/Desktop/from_dt_2024-07-02/desktop_2024-06-10-to-13_morning/big_ones_to_move
$ echo "#$@$@$@$@$@$@$@$@$@$@$$@$@$@$@$@$@$@$@@$@$@$@$@$@$@$#"
#1595@@0

Anast@DESKTOP-O7KM5A5 /cygdrive/c/Users/Anast/Desktop/from_dt_2024-07-02/desktop_2024-06-10-to-13_morning/big_ones_to_move
$ ls -lAH
total 988
drwx------+ 1 Anast Anast      0 May 20 11:09  GentUnivBib_-_EtymologiaeDeAnima_BHSL-HS-0076_st
drwx------+ 1 Anast Anast      0 May 20 16:50 'GentUnivBib_-_EtymologiaeDeAnima_BHSL-HS-0076_st - Copy'
drwx------+ 1 Anast Anast      0 May 20 11:09  GentUnivBib_-_EtymologiaeDeAnima_BHSL-HS-0076_st_-_EXTRAS
drwx------+ 1 Anast Anast      0 May 20 16:50 'GentUnivBib_-_EtymologiaeDeAnima_BHSL-HS-0076_st_-_EXTRAS - Copy'
drwx------+ 1 Anast Anast      0 May 20 11:16  GentUnivBib_-_EtymologiaeDeAnima_BHSL-HS-0076_st_-_jpegs
drwx------+ 1 Anast Anast      0 May 20 11:16 'GentUnivBib_-_EtymologiaeDeAnima_BHSL-HS-0076_st_-_jpegs - Copy'
drwx------+ 1 Anast Anast      0 May 20 11:10  GentUnivBib_-_MargeritaPhilisophica_BHSL-HS-0007
drwx------+ 1 Anast Anast      0 May 20 16:52 'GentUnivBib_-_MargeritaPhilisophica_BHSL-HS-0007 - Copy'
drwx------+ 1 Anast Anast      0 May 20 11:10  GentUnivBib_-_MargeritaPhilisophica_BHSL-HS-0007_-_EXTRAS
drwx------+ 1 Anast Anast      0 May 20 16:52 'GentUnivBib_-_MargeritaPhilisophica_BHSL-HS-0007_-_EXTRAS - Copy'
drwx------+ 1 Anast Anast      0 May 20 11:16  GentUnivBib_-_MargeritaPhilisophica_BHSL-HS-0007_-_jpegs
drwx------+ 1 Anast Anast      0 May 20 11:16 'GentUnivBib_-_MargeritaPhilisophica_BHSL-HS-0007_-_jpegs - Copy'
-rwx------+ 1 Anast Anast 691712 Mar 21  2024  Pinakes_gr_A_RolloIlGrecoNell-Occidente_Medievale_dans_M_Cronier_B_Mondrain_LeLivreManuscritGrecPaleographie.pdf

Anast@DESKTOP-O7KM5A5 /cygdrive/c/Users/Anast/Desktop/from_dt_2024-07-02/desktop_2024-06-10-to-13_morning/big_ones_to_move
$ mv Pinakes_gr_A_RolloIlGrecoNell-Occidente_Medievale_dans_M_Cronier_B_Mondrain_LeLivreManuscritGrecPaleographie.pdf Textes_et_manuscrits_grecs_-_Greek_Texts_and_Manuscripts.pdf
mv: cannot move 'Pinakes_gr_A_RolloIlGrecoNell-Occidente_Medievale_dans_M_Cronier_B_Mondrain_LeLivreManuscritGrecPaleographie.pdf' to 'Textes_et_manuscrits_grecs_-_Greek_Texts_and_Manuscripts.pdf': Device or resource busy

Anast@DESKTOP-O7KM5A5 /cygdrive/c/Users/Anast/Desktop/from_dt_2024-07-02/desktop_2024-06-10-to-13_morning/big_ones_to_move
$ mv Pinakes_gr_A_RolloIlGrecoNell-Occidente_Medievale_dans_M_Cronier_B_Mondrain_LeLivreManuscritGrecPaleographie.pdf Textes_et_manuscrits_grecs_-_Greek_Texts_and_Manuscripts.pdf

Anast@DESKTOP-O7KM5A5 /cygdrive/c/Users/Anast/Desktop/from_dt_2024-07-02/desktop_2024-06-10-to-13_morning/big_ones_to_move
$ mv Textes_et_manuscrits_grecs_-_Greek_Texts_and_Manuscripts.pdf /cygdrive/c/David/FHTW-2025-All_-_move_2024_get_new/

Anast@DESKTOP-O7KM5A5 /cygdrive/c/Users/Anast/Desktop/from_dt_2024-07-02/desktop_2024-06-10-to-13_morning/big_ones_to_move
$ find . -type d
.
./GentUnivBib_-_EtymologiaeDeAnima_BHSL-HS-0076_st
./GentUnivBib_-_EtymologiaeDeAnima_BHSL-HS-0076_st - Copy
./GentUnivBib_-_EtymologiaeDeAnima_BHSL-HS-0076_st_-_EXTRAS
./GentUnivBib_-_EtymologiaeDeAnima_BHSL-HS-0076_st_-_EXTRAS - Copy
./GentUnivBib_-_EtymologiaeDeAnima_BHSL-HS-0076_st_-_jpegs
./GentUnivBib_-_EtymologiaeDeAnima_BHSL-HS-0076_st_-_jpegs - Copy
./GentUnivBib_-_MargeritaPhilisophica_BHSL-HS-0007
./GentUnivBib_-_MargeritaPhilisophica_BHSL-HS-0007 - Copy
./GentUnivBib_-_MargeritaPhilisophica_BHSL-HS-0007_-_EXTRAS
./GentUnivBib_-_MargeritaPhilisophica_BHSL-HS-0007_-_EXTRAS - Copy
./GentUnivBib_-_MargeritaPhilisophica_BHSL-HS-0007_-_jpegs
./GentUnivBib_-_MargeritaPhilisophica_BHSL-HS-0007_-_jpegs - Copy

Anast@DESKTOP-O7KM5A5 /cygdrive/c/Users/Anast/Desktop/from_dt_2024-07-02/desktop_2024-06-10-to-13_morning/big_ones_to_move
$

#$@$@$@$@$@$@$@$@$@$@$$@$@$@$@$@$@$@$@@$@$@$@$@$@$@$#
#####################@@@@@@@@@@@@@@@@@@##############
#####################################################
#####################################################
# CONVERTING DESKTOP TIF TO JPEG
#####################################################
############$$$$$$$$$$$$$$$$$$$$$####################
#@$@$@$@$@$@$@$@$@$@$@@$@$@$@$@$@$@$@$$@$@$@$@$@$@$@#

# STEP 1


Anast@DESKTOP-O7KM5A5 /cygdrive/c/Users/Anast/Desktop/from_dt_2024-07-02/desktop_2024-06-10-to-13_morning/big_ones_to_move
$ identify -format "\n\n%f\n%[magick] %[colorspace] %[type] %[extension] %[bit-depth] %[channels]\n" *.tif | grep -v "^$\|^BHSL" | sort | uniq -c
identify: unable to open image '*.tif': No such file or directory @ error/blob.c/OpenBlob/3537.

Anast@DESKTOP-O7KM5A5 /cygdrive/c/Users/Anast/Desktop/from_dt_2024-07-02/desktop_2024-06-10-to-13_morning/big_ones_to_move
$ cd GentUnivBib_-_EtymologiaeDeAnima_BHSL-HS-0076_st/

Anast@DESKTOP-O7KM5A5 /cygdrive/c/Users/Anast/Desktop/from_dt_2024-07-02/desktop_2024-06-10-to-13_morning/big_ones_to_move/GentUnivBib_-_EtymologiaeDeAnima_BHSL-HS-0076_st
$ identify -format "\n\n%f\n%[magick] %[colorspace] %[type] %[extension] %[bit-depth] %[channels]\n" *.tif | grep -v "^$\|^BHSL" | sort | uniq -c
    194 TIFF sRGB TrueColor tif 8 srgb

Anast@DESKTOP-O7KM5A5 /cygdrive/c/Users/Anast/Desktop/from_dt_2024-07-02/desktop_2024-06-10-to-13_morning/big_ones_to_move/GentUnivBib_-_EtymologiaeDeAnima_BHSL-HS-0076_st
$ time mogrify -format jpg -quality 92 *.tif && date +'%s_%Y-%m-%dT%H%M%S%z'

real    2m54.954s
user    2m0.750s
sys     0m51.859s
1747786886_2025-05-20T182126-0600

Anast@DESKTOP-O7KM5A5 /cygdrive/c/Users/Anast/Desktop/from_dt_2024-07-02/desktop_2024-06-10-to-13_morning/big_ones_to_move/GentUnivBib_-_EtymologiaeDeAnima_BHSL-HS-0076_st
$ mv *.jpg ../GentUnivBib_-_EtymologiaeDeAnima_BHSL-HS-0076_st_-_jpegs

Anast@DESKTOP-O7KM5A5 /cygdrive/c/Users/Anast/Desktop/from_dt_2024-07-02/desktop_2024-06-10-to-13_morning/big_ones_to_move/GentUnivBib_-_EtymologiaeDeAnima_BHSL-HS-0076_st
$ cd ../GentUnivBib_-_EtymologiaeDeAnima_BHSL-HS-0076_st_-_jpegs

Anast@DESKTOP-O7KM5A5 /cygdrive/c/Users/Anast/Desktop/from_dt_2024-07-02/desktop_2024-06-10-to-13_morning/big_ones_to_move/GentUnivBib_-_EtymologiaeDeAnima_BHSL-HS-0076_st_-_jpegs
$ date +'%s' && identify -format "\n\n%f\n%[magick] %[colorspace] %[type] %[extension] %[bit-depth] %[channels]\n" ../GentUnivBib_-_EtymologiaeDeAnima_BHSL-HS-0076_st_-_jpegs/*.jpg | grep -v "^$\|^BHSL" | sort | uniq -c && date +'%s'
1747787341
    194 JPEG sRGB TrueColor jpg 8 srgb
1747787409

Anast@DESKTOP-O7KM5A5 /cygdrive/c/Users/Anast/Desktop/from_dt_2024-07-02/desktop_2024-06-10-to-13_morning/big_ones_to_move/GentUnivBib_-_EtymologiaeDeAnima_BHSL-HS-0076_st_-_jpegs
$ echo "$((1747787409-1747787341))"  # bash-ism
68

Anast@DESKTOP-O7KM5A5 /cygdrive/c/Users/Anast/Desktop/from_dt_2024-07-02/desktop_2024-06-10-to-13_morning/big_ones_to_move/GentUnivBib_-_EtymologiaeDeAnima_BHSL-HS-0076_st_-_jpegs
$ echo ${myjpegdir}
/cygdrive/c/David/FHTW-2025-All_-_move_2024_get_new/new_final_jpeg_to_use/GentUnivBib

Anast@DESKTOP-O7KM5A5 /cygdrive/c/Users/Anast/Desktop/from_dt_2024-07-02/desktop_2024-06-10-to-13_morning/big_ones_to_move/GentUnivBib_-_EtymologiaeDeAnima_BHSL-HS-0076_st_-_jpegs
$

#$@$@$@$@$@$@$@$@$@$@$$@$@$@$@$@$@$@$@@$@$@$@$@$@$@$#
#####################@@@@@@@@@@@@@@@@@@##############
#####################################################
#####################################################
# MOVING DESKTOP JPEGs to FHTW with NEW, BETTER NAME
#####################################################
############$$$$$$$$$$$$$$$$$$$$$####################
#@$@$@$@$@$@$@$@$@$@$@@$@$@$@$@$@$@$@$$@$@$@$@$@$@$@#

# STEP 2


Anast@DESKTOP-O7KM5A5 /cygdrive/c/Users/Anast/Desktop/from_dt_2024-07-02/desktop_2024-06-10-to-13_morning/big_ones_to_move/GentUnivBib_-_EtymologiaeDeAnima_BHSL-HS-0076_st_-_jpegs
$

Anast@DESKTOP-O7KM5A5 /cygdrive/c/Users/Anast/Desktop/from_dt_2024-07-02/desktop_2024-06-10-to-13_morning/big_ones_to_move/GentUnivBib_-_EtymologiaeDeAnima_BHSL-HS-0076_st_-_jpegs
$ echo ${myjpegdir}
/cygdrive/c/David/FHTW-2025-All_-_move_2024_get_new/new_final_jpeg_to_use/GentUnivBib

Anast@DESKTOP-O7KM5A5 /cygdrive/c/Users/Anast/Desktop/from_dt_2024-07-02/desktop_2024-06-10-to-13_morning/big_ones_to_move/GentUnivBib_-_EtymologiaeDeAnima_BHSL-HS-0076_st_-_jpegs
$ mkdir -p $(!!)/GentUnivBib_-_EtymologiaeDeAnima_BHSL-HS-0076/
mkdir -p $(echo ${myjpegdir})/GentUnivBib_-_EtymologiaeDeAnima_BHSL-HS-0076/

Anast@DESKTOP-O7KM5A5 /cygdrive/c/Users/Anast/Desktop/from_dt_2024-07-02/desktop_2024-06-10-to-13_morning/big_ones_to_move/GentUnivBib_-_EtymologiaeDeAnima_BHSL-HS-0076_st_-_jpegs
$ stat /cygdrive/c/David/FHTW-2025-All_-_move_2024_get_new/new_final_jpeg_to_use/GentUnivBib/GentUnivBib_-_EtymologiaeDeAnima_BHSL-HS-0076/
  File: /cygdrive/c/David/FHTW-2025-All_-_move_2024_get_new/new_final_jpeg_to_use/GentUnivBib/GentUnivBib_-_EtymologiaeDeAnima_BHSL-HS-0076/
  Size: 0               Blocks: 0          IO Block: 65536  directory
Device: 34409,44143     Inode: 39687971716648818  Links: 1
Access: (0775/drwxrwxr-x)  Uid: (197609/   Anast)   Gid: (197609/   Anast)
Access: 2025-05-20 18:38:11.648986300 -0600
Modify: 2025-05-20 18:38:11.648986300 -0600
Change: 2025-05-20 18:38:11.648986300 -0600
 Birth: 2025-05-20 18:38:11.648986300 -0600

Anast@DESKTOP-O7KM5A5 /cygdrive/c/Users/Anast/Desktop/from_dt_2024-07-02/desktop_2024-06-10-to-13_morning/big_ones_to_move/GentUnivBib_-_EtymologiaeDeAnima_BHSL-HS-0076_st_-_jpegs
$ find . -type f -iname "*.jpg" -print0 | xargs -I'{}' -0 bash -c 'orig="{}"; dest_path="/cygdrive/c/David/FHTW-2025-All_-_move_2024_get_new/new_final_jpeg_to_use/GentUnivBib/GentUnivBib_-_EtymologiaeDeAnima_BHSL-HS-0076/"; orig_fname=$(echo "${orig}" | sed '"'"'s#^[.][/]##g'"'"';); echo; echo "  Moving"; echo "${orig_fname}"; new_fname_base=$(echo "${orig_fname}" | awk -F'"'"'_'"'"' '"'"'{print "GentUnivBib_-_" $1 "_0" $3 ".jpg"}'"'"'); echo "  TO"; echo "${new_fname_base}"; new_fpath=${dest_path}${new_fname_base}; echo "${new_fpath}"; echo "         ..."; echo "CMDmv \"${orig_fname}\" \"${new_fpath}\"" && echo "             ... success" || echo "             ... FAILURE";' |   head -n 30 #tee ../moving_bhsl-hs-0076_$(date +'%s_%Y-%m-%dT%H%M%S%z').log 2>&1

  Moving
BHSL-HS-0076_2015_0001_AC.jpg
  TO
GentUnivBib_-_BHSL-HS-0076_00001.jpg
/cygdrive/c/David/FHTW-2025-All_-_move_2024_get_new/new_final_jpeg_to_use/GentUnivBib/GentUnivBib_-_EtymologiaeDeAnima_BHSL-HS-0076/GentUnivBib_-_BHSL-HS-0076_00001.jpg
         ...
CMDmv "BHSL-HS-0076_2015_0001_AC.jpg" "/cygdrive/c/David/FHTW-2025-All_-_move_2024_get_new/new_final_jpeg_to_use/GentUnivBib/GentUnivBib_-_EtymologiaeDeAnima_BHSL-HS-0076/GentUnivBib_-_BHSL-HS-0076_00001.jpg"
             ... success

  Moving
BHSL-HS-0076_2015_0002_AC.jpg
  TO
GentUnivBib_-_BHSL-HS-0076_00002.jpg
/cygdrive/c/David/FHTW-2025-All_-_move_2024_get_new/new_final_jpeg_to_use/GentUnivBib/GentUnivBib_-_EtymologiaeDeAnima_BHSL-HS-0076/GentUnivBib_-_BHSL-HS-0076_00002.jpg
         ...
CMDmv "BHSL-HS-0076_2015_0002_AC.jpg" "/cygdrive/c/David/FHTW-2025-All_-_move_2024_get_new/new_final_jpeg_to_use/GentUnivBib/GentUnivBib_-_EtymologiaeDeAnima_BHSL-HS-0076/GentUnivBib_-_BHSL-HS-0076_00002.jpg"
             ... success

  Moving
BHSL-HS-0076_2015_0003_AC.jpg
  TO
GentUnivBib_-_BHSL-HS-0076_00003.jpg
/cygdrive/c/David/FHTW-2025-All_-_move_2024_get_new/new_final_jpeg_to_use/GentUnivBib/GentUnivBib_-_EtymologiaeDeAnima_BHSL-HS-0076/GentUnivBib_-_BHSL-HS-0076_00003.jpg
         ...
CMDmv "BHSL-HS-0076_2015_0003_AC.jpg" "/cygdrive/c/David/FHTW-2025-All_-_move_2024_get_new/new_final_jpeg_to_use/GentUnivBib/GentUnivBib_-_EtymologiaeDeAnima_BHSL-HS-0076/GentUnivBib_-_BHSL-HS-0076_00003.jpg"
             ... success

  Moving
BHSL-HS-0076_2015_0004_AC.jpg
xargs: bash: terminated by signal 13

Anast@DESKTOP-O7KM5A5 /cygdrive/c/Users/Anast/Desktop/from_dt_2024-07-02/desktop_2024-06-10-to-13_morning/big_ones_to_move/GentUnivBib_-_EtymologiaeDeAnima_BHSL-HS-0076_st_-_jpegs
$ stat /cygdrive/c/David/FHTW-2025-All_-_move_2024_get_new/new_final_jpeg_to_use/GentUnivBib/GentUnivBib_-_EtymologiaeDeAnima_BHSL-HS-0076/
  File: /cygdrive/c/David/FHTW-2025-All_-_move_2024_get_new/new_final_jpeg_to_use/GentUnivBib/GentUnivBib_-_EtymologiaeDeAnima_BHSL-HS-0076/
  Size: 0               Blocks: 0          IO Block: 65536  directory
Device: 34409,44143     Inode: 39687971716648818  Links: 1
Access: (0775/drwxrwxr-x)  Uid: (197609/   Anast)   Gid: (197609/   Anast)
Access: 2025-05-20 18:38:11.648986300 -0600
Modify: 2025-05-20 18:38:11.648986300 -0600
Change: 2025-05-20 18:38:11.648986300 -0600
 Birth: 2025-05-20 18:38:11.648986300 -0600

Anast@DESKTOP-O7KM5A5 /cygdrive/c/Users/Anast/Desktop/from_dt_2024-07-02/desktop_2024-06-10-to-13_morning/big_ones_to_move/GentUnivBib_-_EtymologiaeDeAnima_BHSL-HS-0076_st_-_jpegs
$ find . -type f -iname "*.jpg" -print0 | xargs -I'{}' -0 bash -c 'orig="{}"; dest_path="/cygdrive/c/David/FHTW-2025-All_-_move_2024_get_new/new_final_jpeg_to_use/GentUnivBib/GentUnivBib_-_EtymologiaeDeAnima_BHSL-HS-0076/"; orig_fname=$(echo "${orig}" | sed '"'"'s#^[.][/]##g'"'"';); echo; echo "  Moving"; echo "${orig_fname}"; new_fname_base=$(echo "${orig_fname}" | awk -F'"'"'_'"'"' '"'"'{print "GentUnivBib_-_" $1 "_0" $3 ".jpg"}'"'"'); echo "  TO"; echo "${new_fname_base}"; new_fpath=${dest_path}${new_fname_base}; echo "${new_fpath}"; echo "         ..."; mv "${orig_fname}" "${new_fpath}" && echo "             ... success" || echo "             ... FAILURE";' | tee ../moving_bhsl-hs-0076_$(date +'%s_%Y-%m-%dT%H%M%S%z').log 2>&1

  Moving
BHSL-HS-0076_2015_0001_AC.jpg
  TO
GentUnivBib_-_BHSL-HS-0076_00001.jpg
/cygdrive/c/David/FHTW-2025-All_-_move_2024_get_new/new_final_jpeg_to_use/GentUnivBib/GentUnivBib_-_EtymologiaeDeAnima_BHSL-HS-0076/GentUnivBib_-_BHSL-HS-0076_00001.jpg
         ...
             ... success

  Moving
BHSL-HS-0076_2015_0002_AC.jpg
  TO
GentUnivBib_-_BHSL-HS-0076_00002.jpg
/cygdrive/c/David/FHTW-2025-All_-_move_2024_get_new/new_final_jpeg_to_use/GentUnivBib/GentUnivBib_-_EtymologiaeDeAnima_BHSL-HS-0076/GentUnivBib_-_BHSL-HS-0076_00002.jpg
         ...
             ... success

  Moving
BHSL-HS-0076_2015_0003_AC.jpg
  TO
GentUnivBib_-_BHSL-HS-0076_00003.jpg
/cygdrive/c/David/FHTW-2025-All_-_move_2024_get_new/new_final_jpeg_to_use/GentUnivBib/GentUnivBib_-_EtymologiaeDeAnima_BHSL-HS-0076/GentUnivBib_-_BHSL-HS-0076_00003.jpg
         ...
             ... success

  Moving


###

# ... OUTPUT ... #

###

         ...
             ... success

  Moving
BHSL-HS-0076_2015_0193_AC.jpg
  TO
GentUnivBib_-_BHSL-HS-0076_00193.jpg
/cygdrive/c/David/FHTW-2025-All_-_move_2024_get_new/new_final_jpeg_to_use/GentUnivBib/GentUnivBib_-_EtymologiaeDeAnima_BHSL-HS-0076/GentUnivBib_-_BHSL-HS-0076_00193.jpg
         ...
             ... success

  Moving
BHSL-HS-0076_2015_0194_AC.jpg
  TO
GentUnivBib_-_BHSL-HS-0076_00194.jpg
/cygdrive/c/David/FHTW-2025-All_-_move_2024_get_new/new_final_jpeg_to_use/GentUnivBib/GentUnivBib_-_EtymologiaeDeAnima_BHSL-HS-0076/GentUnivBib_-_BHSL-HS-0076_00194.jpg
         ...
             ... success

Anast@DESKTOP-O7KM5A5 /cygdrive/c/Users/Anast/Desktop/from_dt_2024-07-02/desktop_2024-06-10-to-13_morning/big_ones_to_move/GentUnivBib_-_EtymologiaeDeAnima_BHSL-HS-0076_st_-_jpegs
$ grep -i failure ../moving_bhsl-hs-0076_1747788429_2025-05-20T184709-0600.log | wc -l
0

Anast@DESKTOP-O7KM5A5 /cygdrive/c/Users/Anast/Desktop/from_dt_2024-07-02/desktop_2024-06-10-to-13_morning/big_ones_to_move/GentUnivBib_-_EtymologiaeDeAnima_BHSL-HS-0076_st_-_jpegs
$ cat ../moving_bhsl-hs-0076_1747788429_2025-05-20T184709-0600.log | wc -l
1552

Anast@DESKTOP-O7KM5A5 /cygdrive/c/Users/Anast/Desktop/from_dt_2024-07-02/desktop_2024-06-10-to-13_morning/big_ones_to_move/GentUnivBib_-_EtymologiaeDeAnima_BHSL-HS-0076_st_-_jpegs
$

Anast@DESKTOP-O7KM5A5 /cygdrive/c/Users/Anast/Desktop/from_dt_2024-07-02/desktop_2024-06-10-to-13_morning/big_ones_to_move/GentUnivBib_-_EtymologiaeDeAnima_BHSL-HS-0076_st_-_jpegs
$ echo $myjpegdir
/cygdrive/c/David/FHTW-2025-All_-_move_2024_get_new/new_final_jpeg_to_use/GentUnivBib

Anast@DESKTOP-O7KM5A5 /cygdrive/c/Users/Anast/Desktop/from_dt_2024-07-02/desktop_2024-06-10-to-13_morning/big_ones_to_move/GentUnivBib_-_EtymologiaeDeAnima_BHSL-HS-0076_st_-_jpegs
$ find ${myjpegdir}/GentUnivBib_-_EtymologiaeDeAnima_BHSL-HS-0076/ -type f | wc -l
194

Anast@DESKTOP-O7KM5A5 /cygdrive/c/Users/Anast/Desktop/from_dt_2024-07-02/desktop_2024-06-10-to-13_morning/big_ones_to_move/GentUnivBib_-_EtymologiaeDeAnima_BHSL-HS-0076_st_-_jpegs
$ find ${myjpegdir}/GentUnivBib_-_EtymologiaeDeAnima_BHSL-HS-0076/ -type f -iname "*.jpg" | wc -l
194

Anast@DESKTOP-O7KM5A5 /cygdrive/c/Users/Anast/Desktop/from_dt_2024-07-02/desktop_2024-06-10-to-13_morning/big_ones_to_move/GentUnivBib_-_EtymologiaeDeAnima_BHSL-HS-0076_st_-_jpegs
$

Anast@DESKTOP-O7KM5A5 /cygdrive/c/Users/Anast/Desktop/from_dt_2024-07-02/desktop_2024-06-10-to-13_morning/big_ones_to_move/GentUnivBib_-_EtymologiaeDeAnima_BHSL-HS-0076_st_-_jpegs
$


#$@$@$@$@$@$@$@$@$@$@$$@$@$@$@$@$@$@$@@$@$@$@$@$@$@$#
#####################@@@@@@@@@@@@@@@@@@##############
#####################################################
#####################################################
## Moving TIF and TXT from Desktop to FHTW
#####################################################
############$$$$$$$$$$$$$$$$$$$$$####################
#@$@$@$@$@$@$@$@$@$@$@@$@$@$@$@$@$@$@$$@$@$@$@$@$@$@#

# STEP 3


Anast@DESKTOP-O7KM5A5 /cygdrive/c/Users/Anast/Desktop/from_dt_2024-07-02/desktop_2024-06-10-to-13_morning/big_ones_to_move/GentUnivBib_-_EtymologiaeDeAnima_BHSL-HS-0076_st_-_jpegs
$ cd ..

Anast@DESKTOP-O7KM5A5 /cygdrive/c/Users/Anast/Desktop/from_dt_2024-07-02/desktop_2024-06-10-to-13_morning/big_ones_to_move
$ mkdir -p "${mypath}/GentUnivBib_-_EtymologiaeDeAnima_BHSL-HS-0076"

Anast@DESKTOP-O7KM5A5 /cygdrive/c/Users/Anast/Desktop/from_dt_2024-07-02/desktop_2024-06-10-to-13_morning/big_ones_to_move
$ mv GentUnivBib_-_EtymologiaeDeAnima_BHSL-HS-0076_st/ "${mypath}/GentUnivBib_-_EtymologiaeDeAnima_BHSL-HS-0076"

Anast@DESKTOP-O7KM5A5 /cygdrive/c/Users/Anast/Desktop/from_dt_2024-07-02/desktop_2024-06-10-to-13_morning/big_ones_to_move
$ mv "GentUnivBib_-_EtymologiaeDeAnima_BHSL-HS-0076_st_-_EXTRAS/"* "${mypath}/GentUnivBib_-_EtymologiaeDeAnima_BHSL-HS-0076/"

Anast@DESKTOP-O7KM5A5 /cygdrive/c/Users/Anast/Desktop/from_dt_2024-07-02/desktop_2024-06-10-to-13_morning/big_ones_to_move
$

Anast@DESKTOP-O7KM5A5 /cygdrive/c/Users/Anast/Desktop/from_dt_2024-07-02/desktop_2024-06-10-to-13_morning/big_ones_to_move
$

Anast@DESKTOP-O7KM5A5 /cygdrive/c/Users/Anast/Desktop/from_dt_2024-07-02/desktop_2024-06-10-to-13_morning/big_ones_to_move
$


#$@$@$@$@$@$@$@$@$@$@$$@$@$@$@$@$@$@$@@$@$@$@$@$@$@$#
#####################@@@@@@@@@@@@@@@@@@##############
#####################################################
#####################################################
## TEST & REMOVE (AFTER MOVING JPEGs, TIFs, & TXTs)
#####################################################
############$$$$$$$$$$$$$$$$$$$$$####################
#@$@$@$@$@$@$@$@$@$@$@@$@$@$@$@$@$@$@$$@$@$@$@$@$@$@#

# STEP 4

Anast@DESKTOP-O7KM5A5 /cygdrive/c/Users/Anast/Desktop/from_dt_2024-07-02/desktop_2024-06-10-to-13_morning/big_ones_to_move
$ # TXTs

Anast@DESKTOP-O7KM5A5 /cygdrive/c/Users/Anast/Desktop/from_dt_2024-07-02/desktop_2024-06-10-to-13_morning/big_ones_to_move
$ diff GentUnivBib_-_EtymologiaeDeAnima_BHSL-HS-0076_st_-_EXTRAS\ -\ Copy/LICENSE.txt "${mypath}/GentUnivBib_-_EtymologiaeDeAnima_BHSL-HS-0076/LICENSE.txt" | wc -l
0

Anast@DESKTOP-O7KM5A5 /cygdrive/c/Users/Anast/Desktop/from_dt_2024-07-02/desktop_2024-06-10-to-13_morning/big_ones_to_move
$ diff GentUnivBib_-_EtymologiaeDeAnima_BHSL-HS-0076_st_-_EXTRAS\ -\ Copy/README.txt ${mypath}/GentUnivBib_-_EtymologiaeDeAnima_BHSL-HS-0076/README.txt | wc -l
0

Anast@DESKTOP-O7KM5A5 /cygdrive/c/Users/Anast/Desktop/from_dt_2024-07-02/desktop_2024-06-10-to-13_morning/big_ones_to_move
$ rm -r GentUnivBib_-_EtymologiaeDeAnima_BHSL-HS-0076_st_-_EXTRAS\ -\ Copy/

Anast@DESKTOP-O7KM5A5 /cygdrive/c/Users/Anast/Desktop/from_dt_2024-07-02/desktop_2024-06-10-to-13_morning/big_ones_to_move
$ find GentUnivBib_-_EtymologiaeDeAnima_BHSL-HS-0076_st_-_EXTRAS/ -type f | wc -l
0

Anast@DESKTOP-O7KM5A5 /cygdrive/c/Users/Anast/Desktop/from_dt_2024-07-02/desktop_2024-06-10-to-13_morning/big_ones_to_move
$ find GentUnivBib_-_EtymologiaeDeAnima_BHSL-HS-0076_st_-_EXTRAS/ -type d
GentUnivBib_-_EtymologiaeDeAnima_BHSL-HS-0076_st_-_EXTRAS/

Anast@DESKTOP-O7KM5A5 /cygdrive/c/Users/Anast/Desktop/from_dt_2024-07-02/desktop_2024-06-10-to-13_morning/big_ones_to_move
$ #  itself

Anast@DESKTOP-O7KM5A5 /cygdrive/c/Users/Anast/Desktop/from_dt_2024-07-02/desktop_2024-06-10-to-13_morning/big_ones_to_move
$ rm -r GentUnivBib_-_EtymologiaeDeAnima_BHSL-HS-0076_st_-_EXTRAS/

Anast@DESKTOP-O7KM5A5 /cygdrive/c/Users/Anast/Desktop/from_dt_2024-07-02/desktop_2024-06-10-to-13_morning/big_ones_to_move
$ # TIFs

Anast@DESKTOP-O7KM5A5 /cygdrive/c/Users/Anast/Desktop/from_dt_2024-07-02/desktop_2024-06-10-to-13_morning/big_ones_to_move
$ find GentUnivBib_-_EtymologiaeDeAnima_BHSL-HS-0076_st\ -\ Copy/ -type f | wc -l
194

Anast@DESKTOP-O7KM5A5 /cygdrive/c/Users/Anast/Desktop/from_dt_2024-07-02/desktop_2024-06-10-to-13_morning/big_ones_to_move
$ find ${myjpegdir}/GentUnivBib_-_EtymologiaeDeAnima_BHSL-HS-0076/ -type f | wc -l
194

Anast@DESKTOP-O7KM5A5 /cygdrive/c/Users/Anast/Desktop/from_dt_2024-07-02/desktop_2024-06-10-to-13_morning/big_ones_to_move
$ #  I could check a few hashes to make sure things were correctly moved,

Anast@DESKTOP-O7KM5A5 /cygdrive/c/Users/Anast/Desktop/from_dt_2024-07-02/desktop_2024-06-10-to-13_morning/big_ones_to_move
$ #+ but I'm just doing this (and looking at the File Explorer)

Anast@DESKTOP-O7KM5A5 /cygdrive/c/Users/Anast/Desktop/from_dt_2024-07-02/desktop_2024-06-10-to-13_morning/big_ones_to_move
$ rm -r GentUnivBib_-_EtymologiaeDeAnima_BHSL-HS-0076_st\ -\ Copy/

Anast@DESKTOP-O7KM5A5 /cygdrive/c/Users/Anast/Desktop/from_dt_2024-07-02/desktop_2024-06-10-to-13_morning/big_ones_to_move
$ # JPEGs

Anast@DESKTOP-O7KM5A5 /cygdrive/c/Users/Anast/Desktop/from_dt_2024-07-02/desktop_2024-06-10-to-13_morning/big_ones_to_move
$ echo ${myjpegdir}
/cygdrive/c/David/FHTW-2025-All_-_move_2024_get_new/new_final_jpeg_to_use/GentUnivBib

Anast@DESKTOP-O7KM5A5 /cygdrive/c/Users/Anast/Desktop/from_dt_2024-07-02/desktop_2024-06-10-to-13_morning/big_ones_to_move
$ find GentUnivBib_-_EtymologiaeDeAnima_BHSL-HS-0076_st_-_jpegs/ -type f | wc -l
0

Anast@DESKTOP-O7KM5A5 /cygdrive/c/Users/Anast/Desktop/from_dt_2024-07-02/desktop_2024-06-10-to-13_morning/big_ones_to_move
$ find GentUnivBib_-_EtymologiaeDeAnima_BHSL-HS-0076_st_-_jpegs/ -type d
GentUnivBib_-_EtymologiaeDeAnima_BHSL-HS-0076_st_-_jpegs/

Anast@DESKTOP-O7KM5A5 /cygdrive/c/Users/Anast/Desktop/from_dt_2024-07-02/desktop_2024-06-10-to-13_morning/big_ones_to_move
$ # itself

Anast@DESKTOP-O7KM5A5 /cygdrive/c/Users/Anast/Desktop/from_dt_2024-07-02/desktop_2024-06-10-to-13_morning/big_ones_to_move
$ rm -r GentUnivBib_-_EtymologiaeDeAnima_BHSL-HS-0076_st_-_jpegs/

Anast@DESKTOP-O7KM5A5 /cygdrive/c/Users/Anast/Desktop/from_dt_2024-07-02/desktop_2024-06-10-to-13_morning/big_ones_to_move
$ find GentUnivBib_-_EtymologiaeDeAnima_BHSL-HS-0076_st_-_jpegs\ -\ Copy/ -type f | wc -l
194

Anast@DESKTOP-O7KM5A5 /cygdrive/c/Users/Anast/Desktop/from_dt_2024-07-02/desktop_2024-06-10-to-13_morning/big_ones_to_move
$ find ${myjpegdir}/GentUnivBib_-_EtymologiaeDeAnima_BHSL-HS-0076/ -type f | wc -l
194

Anast@DESKTOP-O7KM5A5 /cygdrive/c/Users/Anast/Desktop/from_dt_2024-07-02/desktop_2024-06-10-to-13_morning/big_ones_to_move
$ #  (Could do more checks, but looking at File Explorer is enough for me)

Anast@DESKTOP-O7KM5A5 /cygdrive/c/Users/Anast/Desktop/from_dt_2024-07-02/desktop_2024-06-10-to-13_morning/big_ones_to_move
$ rm -rf GentUnivBib_-_EtymologiaeDeAnima_BHSL-HS-0076_st_-_jpegs\ -\ Copy/

Anast@DESKTOP-O7KM5A5 /cygdrive/c/Users/Anast/Desktop/from_dt_2024-07-02/desktop_2024-06-10-to-13_morning/big_ones_to_move
$

Anast@DESKTOP-O7KM5A5 /cygdrive/c/Users/Anast/Desktop/from_dt_2024-07-02/desktop_2024-06-10-to-13_morning/big_ones_to_move
$ #  DONE WITH THE EtymoligiaeDeAnima ONE

Anast@DESKTOP-O7KM5A5 /cygdrive/c/Users/Anast/Desktop/from_dt_2024-07-02/desktop_2024-06-10-to-13_morning/big_ones_to_move
$

Anast@DESKTOP-O7KM5A5 /cygdrive/c/Users/Anast/Desktop/from_dt_2024-07-02/desktop_2024-06-10-to-13_morning/big_ones_to_move
$ ####################################################

Anast@DESKTOP-O7KM5A5 /cygdrive/c/Users/Anast/Desktop/from_dt_2024-07-02/desktop_2024-06-10-to-13_morning/big_ones_to_move
$ ## COPY/PASTE PLACE 6

Anast@DESKTOP-O7KM5A5 /cygdrive/c/Users/Anast/Desktop/from_dt_2024-07-02/desktop_2024-06-10-to-13_morning/big_ones_to_move
$ ####################################################

Anast@DESKTOP-O7KM5A5 /cygdrive/c/Users/Anast/Desktop/from_dt_2024-07-02/desktop_2024-06-10-to-13_morning/big_ones_to_move
$

Anast@DESKTOP-O7KM5A5 /cygdrive/c/Users/Anast/Desktop/from_dt_2024-07-02/desktop_2024-06-10-to-13_morning/big_ones_to_move
$ date && date +'%s_%Y-%m-%dT%H%M%S%z'
Wed May 21 08:37:58 MDT 2025
1747838278_2025-05-21T083758-0600

Anast@DESKTOP-O7KM5A5 /cygdrive/c/Users/Anast/Desktop/from_dt_2024-07-02/desktop_2024-06-10-to-13_morning/big_ones_to_move
$ ########### COPY TO HERE FOR 6 #################

Anast@DESKTOP-O7KM5A5 /cygdrive/c/Users/Anast/Desktop/from_dt_2024-07-02/desktop_2024-06-10-to-13_morning/big_ones_to_move
$

Anast@DESKTOP-O7KM5A5 /cygdrive/c/Users/Anast/Desktop/from_dt_2024-07-02/desktop_2024-06-10-to-13_morning/big_ones_to_move
$



Anast@DESKTOP-O7KM5A5 /cygdrive/c/Users/Anast/Desktop/from_dt_2024-07-02/desktop_2024-06-10-to-13_morning/big_ones_to_move
$ find . -type d
.
./GentUnivBib_-_MargeritaPhilisophica_BHSL-HS-0007
./GentUnivBib_-_MargeritaPhilisophica_BHSL-HS-0007 - Copy
./GentUnivBib_-_MargeritaPhilisophica_BHSL-HS-0007_-_EXTRAS
./GentUnivBib_-_MargeritaPhilisophica_BHSL-HS-0007_-_EXTRAS - Copy
./GentUnivBib_-_MargeritaPhilisophica_BHSL-HS-0007_-_jpegs
./GentUnivBib_-_MargeritaPhilisophica_BHSL-HS-0007_-_jpegs - Copy

Anast@DESKTOP-O7KM5A5 /cygdrive/c/Users/Anast/Desktop/from_dt_2024-07-02/desktop_2024-06-10-to-13_morning/big_ones_to_move
$

#$@$@$@$@$@$@$@$@$@$@$$@$@$@$@$@$@$@$@@$@$@$@$@$@$@$#
#####################@@@@@@@@@@@@@@@@@@##############
#####################################################
#####################################################
# CONVERTING DESKTOP TIF TO JPEG
#####################################################
############$$$$$$$$$$$$$$$$$$$$$####################
#@$@$@$@$@$@$@$@$@$@$@@$@$@$@$@$@$@$@$$@$@$@$@$@$@$@#

# STEP 1


Anast@DESKTOP-O7KM5A5 /cygdrive/c/Users/Anast/Desktop/from_dt_2024-07-02/desktop_2024-06-10-to-13_morning/big_ones_to_move
$ cd GentUnivBib_-_MargeritaPhilisophica_BHSL-HS-0007/

Anast@DESKTOP-O7KM5A5 /cygdrive/c/Users/Anast/Desktop/from_dt_2024-07-02/desktop_2024-06-10-to-13_morning/big_ones_to_move/GentUnivBib_-_MargeritaPhilisophica_BHSL-HS-0007
$ identify -format "\n\n%f\n%[magick] %[colorspace] %[type] %[extension] %[bit-depth] %[channels]\n" *.tif | grep -v "^$\|^BHSL" | sort | uniq -c
    378 TIFF sRGB TrueColor tif 8 srgb

Anast@DESKTOP-O7KM5A5 /cygdrive/c/Users/Anast/Desktop/from_dt_2024-07-02/desktop_2024-06-10-to-13_morning/big_ones_to_move/GentUnivBib_-_MargeritaPhilisophica_BHSL-HS-0007
$ ### IGNORE NEXT

Anast@DESKTOP-O7KM5A5 /cygdrive/c/Users/Anast/Desktop/from_dt_2024-07-02/desktop_2024-06-10-to-13_morning/big_ones_to_move/GentUnivBib_-_MargeritaPhilisophica_BHSL-HS-0007
$ ### NEVER MIND

Anast@DESKTOP-O7KM5A5 /cygdrive/c/Users/Anast/Desktop/from_dt_2024-07-02/desktop_2024-06-10-to-13_morning/big_ones_to_move/GentUnivBib_-_MargeritaPhilisophica_BHSL-HS-0007
$ time mogrify -format jpg -quality 92 *.tif && date +'%s_%Y-%m-%dT%H%M%S%z'

real    1m31.504s
user    0m55.921s
sys     0m27.234s
1747838669_2025-05-21T084429-0600

Anast@DESKTOP-O7KM5A5 /cygdrive/c/Users/Anast/Desktop/from_dt_2024-07-02/desktop_2024-06-10-to-13_morning/big_ones_to_move/GentUnivBib_-_MargeritaPhilisophica_BHSL-HS-0007
$ ## REALLY IGNORE THIS NEXT ONE, pretend I had them all converted and copied

Anast@DESKTOP-O7KM5A5 /cygdrive/c/Users/Anast/Desktop/from_dt_2024-07-02/desktop_2024-06-10-to-13_morning/big_ones_to_move/GentUnivBib_-_MargeritaPhilisophica_BHSL-HS-0007
$ ## (Wait, that doesn't make sense, but whatever.)

Anast@DESKTOP-O7KM5A5 /cygdrive/c/Users/Anast/Desktop/from_dt_2024-07-02/desktop_2024-06-10-to-13_morning/big_ones_to_move/GentUnivBib_-_MargeritaPhilisophica_BHSL-HS-0007
$ ## SO DON'T IGNORE IT.

Anast@DESKTOP-O7KM5A5 /cygdrive/c/Users/Anast/Desktop/from_dt_2024-07-02/desktop_2024-06-10-to-13_morning/big_ones_to_move/GentUnivBib_-_MargeritaPhilisophica_BHSL-HS-0007
$

Anast@DESKTOP-O7KM5A5 /cygdrive/c/Users/Anast/Desktop/from_dt_2024-07-02/desktop_2024-06-10-to-13_morning/big_ones_to_move/GentUnivBib_-_MargeritaPhilisophica_BHSL-HS-0007
$ find . -type f -iname "*.tif"
./BHSL-HS-0007_2014_0001_AC.tif
./BHSL-HS-0007_2014_0002_AC.tif
./BHSL-HS-0007_2014_0003_AC.tif
./BHSL-HS-0007_2014_0004_AC.tif
./BHSL-HS-0007_2014_0005_AC.tif
./BHSL-HS-0007_2014_0006_AC.tif
./BHSL-HS-0007_2014_0007_AC.tif
./BHSL-HS-0007_2014_0008_AC.tif
./BHSL-HS-0007_2014_0009_AC.tif
./BHSL-HS-0007_2014_0010_AC.tif
./BHSL-HS-0007_2014_0011_AC.tif
./BHSL-HS-0007_2014_0012_AC.tif
./BHSL-HS-0007_2014_0013_AC.tif
./BHSL-HS-0007_2014_0014_AC.tif
./BHSL-HS-0007_2014_0015_AC.tif
./BHSL-HS-0007_2014_0016_AC.tif
./BHSL-HS-0007_2014_0017_AC.tif
./BHSL-HS-0007_2014_0018_AC.tif
./BHSL-HS-0007_2014_0019_AC.tif
./BHSL-HS-0007_2014_0020_AC.tif
./BHSL-HS-0007_2014_0021_AC.tif
./BHSL-HS-0007_2014_0022_AC.tif
./BHSL-HS-0007_2014_0023_AC.tif
./BHSL-HS-0007_2014_0024_AC.tif
./BHSL-HS-0007_2014_0025_AC.tif
./BHSL-HS-0007_2014_0026_AC.tif
./BHSL-HS-0007_2014_0027_AC.tif
./BHSL-HS-0007_2014_0028_AC.tif
./BHSL-HS-0007_2014_0029_AC.tif
./BHSL-HS-0007_2014_0030_AC.tif
./BHSL-HS-0007_2014_0031_AC.tif
./BHSL-HS-0007_2014_0032_AC.tif
./BHSL-HS-0007_2014_0033_AC.tif
./BHSL-HS-0007_2014_0034_AC.tif
./BHSL-HS-0007_2014_0035_AC.tif
./BHSL-HS-0007_2014_0036_AC.tif
./BHSL-HS-0007_2014_0037_AC.tif
./BHSL-HS-0007_2014_0038_AC.tif
./BHSL-HS-0007_2014_0039_AC.tif
./BHSL-HS-0007_2014_0040_AC.tif
./BHSL-HS-0007_2014_0041_AC.tif
./BHSL-HS-0007_2014_0042_AC.tif
./BHSL-HS-0007_2014_0043_AC.tif
./BHSL-HS-0007_2014_0044_AC.tif
./BHSL-HS-0007_2014_0045_AC.tif
./BHSL-HS-0007_2014_0046_AC.tif
./BHSL-HS-0007_2014_0047_AC.tif
./BHSL-HS-0007_2014_0048_AC.tif
./BHSL-HS-0007_2014_0049_AC.tif
./BHSL-HS-0007_2014_0050_AC.tif
./BHSL-HS-0007_2014_0051_AC.tif
./BHSL-HS-0007_2014_0052_AC.tif
./BHSL-HS-0007_2014_0053_AC.tif
./BHSL-HS-0007_2014_0054_AC.tif
./BHSL-HS-0007_2014_0055_AC.tif
./BHSL-HS-0007_2014_0056_AC.tif
./BHSL-HS-0007_2014_0057_AC.tif
./BHSL-HS-0007_2014_0058_AC.tif
./BHSL-HS-0007_2014_0059_AC.tif
./BHSL-HS-0007_2014_0060_AC.tif
./BHSL-HS-0007_2014_0061_AC.tif
./BHSL-HS-0007_2014_0062_AC.tif
./BHSL-HS-0007_2014_0063_AC.tif
./BHSL-HS-0007_2014_0064_AC.tif
./BHSL-HS-0007_2014_0065_AC.tif
./BHSL-HS-0007_2014_0066_AC.tif
./BHSL-HS-0007_2014_0067_AC.tif
./BHSL-HS-0007_2014_0068_AC.tif
./BHSL-HS-0007_2014_0069_AC.tif
./BHSL-HS-0007_2014_0070_AC.tif
./BHSL-HS-0007_2014_0071_AC.tif
./BHSL-HS-0007_2014_0072_AC.tif
./BHSL-HS-0007_2014_0073_AC.tif
./BHSL-HS-0007_2014_0074_AC.tif
./BHSL-HS-0007_2014_0075_AC.tif
./BHSL-HS-0007_2014_0076_AC.tif
./BHSL-HS-0007_2014_0077_AC.tif
./BHSL-HS-0007_2014_0078_AC.tif
./BHSL-HS-0007_2014_0079_AC.tif
./BHSL-HS-0007_2014_0080_AC.tif
./BHSL-HS-0007_2014_0081_AC.tif
./BHSL-HS-0007_2014_0082_AC.tif
./BHSL-HS-0007_2014_0083_AC.tif
./BHSL-HS-0007_2014_0084_AC.tif
./BHSL-HS-0007_2014_0085_AC.tif
./BHSL-HS-0007_2014_0086_AC.tif
./BHSL-HS-0007_2014_0087_AC.tif
./BHSL-HS-0007_2014_0088_AC.tif
./BHSL-HS-0007_2014_0089_AC.tif
./BHSL-HS-0007_2014_0090_AC.tif
./BHSL-HS-0007_2014_0091_AC.tif
./BHSL-HS-0007_2014_0092_AC.tif
./BHSL-HS-0007_2014_0093_AC.tif
./BHSL-HS-0007_2014_0094_AC.tif
./BHSL-HS-0007_2014_0095_AC.tif
./BHSL-HS-0007_2014_0096_AC.tif
./BHSL-HS-0007_2014_0097_AC.tif
./BHSL-HS-0007_2014_0098_AC.tif
./BHSL-HS-0007_2014_0099_AC.tif
./BHSL-HS-0007_2014_0100_AC.tif
./BHSL-HS-0007_2014_0101_AC.tif
./BHSL-HS-0007_2014_0102_AC.tif
./BHSL-HS-0007_2014_0103_AC.tif
./BHSL-HS-0007_2014_0104_AC.tif
./BHSL-HS-0007_2014_0105_AC.tif
./BHSL-HS-0007_2014_0106_AC.tif
./BHSL-HS-0007_2014_0107_AC.tif
./BHSL-HS-0007_2014_0108_AC.tif
./BHSL-HS-0007_2014_0109_AC.tif
./BHSL-HS-0007_2014_0110_AC.tif
./BHSL-HS-0007_2014_0111_AC.tif
./BHSL-HS-0007_2014_0112_AC.tif
./BHSL-HS-0007_2014_0113_AC.tif
./BHSL-HS-0007_2014_0114_AC.tif
./BHSL-HS-0007_2014_0115_AC.tif
./BHSL-HS-0007_2014_0116_AC.tif
./BHSL-HS-0007_2014_0117_AC.tif
./BHSL-HS-0007_2014_0118_AC.tif
./BHSL-HS-0007_2014_0119_AC.tif
./BHSL-HS-0007_2014_0120_AC.tif
./BHSL-HS-0007_2014_0121_AC.tif
./BHSL-HS-0007_2014_0122_AC.tif
./BHSL-HS-0007_2014_0123_AC.tif
./BHSL-HS-0007_2014_0124_AC.tif
./BHSL-HS-0007_2014_0125_AC.tif
./BHSL-HS-0007_2014_0126_AC.tif
./BHSL-HS-0007_2014_0127_AC.tif
./BHSL-HS-0007_2014_0128_AC.tif
./BHSL-HS-0007_2014_0129_AC.tif
./BHSL-HS-0007_2014_0130_AC.tif
./BHSL-HS-0007_2014_0131_AC.tif
./BHSL-HS-0007_2014_0132_AC.tif
./BHSL-HS-0007_2014_0133_AC.tif
./BHSL-HS-0007_2014_0134_AC.tif
./BHSL-HS-0007_2014_0135_AC.tif
./BHSL-HS-0007_2014_0136_AC.tif
./BHSL-HS-0007_2014_0137_AC.tif
./BHSL-HS-0007_2014_0138_AC.tif
./BHSL-HS-0007_2014_0139_AC.tif
./BHSL-HS-0007_2014_0140_AC.tif
./BHSL-HS-0007_2014_0141_AC.tif
./BHSL-HS-0007_2014_0142_AC.tif
./BHSL-HS-0007_2014_0143_AC.tif
./BHSL-HS-0007_2014_0144_AC.tif
./BHSL-HS-0007_2014_0145_AC.tif
./BHSL-HS-0007_2014_0146_AC.tif
./BHSL-HS-0007_2014_0147_AC.tif
./BHSL-HS-0007_2014_0148_AC.tif
./BHSL-HS-0007_2014_0149_AC.tif
./BHSL-HS-0007_2014_0150_AC.tif
./BHSL-HS-0007_2014_0151_AC.tif
./BHSL-HS-0007_2014_0152_AC.tif
./BHSL-HS-0007_2014_0153_AC.tif
./BHSL-HS-0007_2014_0154_AC.tif
./BHSL-HS-0007_2014_0155_AC.tif
./BHSL-HS-0007_2014_0156_AC.tif
./BHSL-HS-0007_2014_0157_AC.tif
./BHSL-HS-0007_2014_0158_AC.tif
./BHSL-HS-0007_2014_0159_AC.tif
./BHSL-HS-0007_2014_0160_AC.tif
./BHSL-HS-0007_2014_0161_AC.tif
./BHSL-HS-0007_2014_0162_AC.tif
./BHSL-HS-0007_2014_0163_AC.tif
./BHSL-HS-0007_2014_0164_AC.tif
./BHSL-HS-0007_2014_0165_AC.tif
./BHSL-HS-0007_2014_0166_AC.tif
./BHSL-HS-0007_2014_0167_AC.tif
./BHSL-HS-0007_2014_0168_AC.tif
./BHSL-HS-0007_2014_0169_AC.tif
./BHSL-HS-0007_2014_0170_AC.tif
./BHSL-HS-0007_2014_0171_AC.tif
./BHSL-HS-0007_2014_0172_AC.tif
./BHSL-HS-0007_2014_0173_AC.tif
./BHSL-HS-0007_2014_0174_AC.tif
./BHSL-HS-0007_2014_0175_AC.tif
./BHSL-HS-0007_2014_0176_AC.tif
./BHSL-HS-0007_2014_0177_AC.tif
./BHSL-HS-0007_2014_0178_AC.tif
./BHSL-HS-0007_2014_0179_AC.tif
./BHSL-HS-0007_2014_0180_AC.tif
./BHSL-HS-0007_2014_0181_AC.tif
./BHSL-HS-0007_2014_0182_AC.tif
./BHSL-HS-0007_2014_0183_AC.tif
./BHSL-HS-0007_2014_0184_AC.tif
./BHSL-HS-0007_2014_0185_AC.tif
./BHSL-HS-0007_2014_0186_AC.tif
./BHSL-HS-0007_2014_0187_AC.tif
./BHSL-HS-0007_2014_0188_AC.tif
./BHSL-HS-0007_2014_0189_AC.tif
./BHSL-HS-0007_2014_0190_AC.tif
./BHSL-HS-0007_2014_0191_AC.tif
./BHSL-HS-0007_2014_0192_AC.tif
./BHSL-HS-0007_2014_0193_AC.tif
./BHSL-HS-0007_2014_0194_AC.tif
./BHSL-HS-0007_2014_0195_AC.tif
./BHSL-HS-0007_2014_0196_AC.tif
./BHSL-HS-0007_2014_0197_AC.tif
./BHSL-HS-0007_2014_0198_AC.tif
./BHSL-HS-0007_2014_0199_AC.tif
./BHSL-HS-0007_2014_0200_AC.tif
./BHSL-HS-0007_2014_0201_AC.tif
./BHSL-HS-0007_2014_0202_AC.tif
./BHSL-HS-0007_2014_0203_AC.tif
./BHSL-HS-0007_2014_0204_AC.tif
./BHSL-HS-0007_2014_0205_AC.tif
./BHSL-HS-0007_2014_0206_AC.tif
./BHSL-HS-0007_2014_0207_AC.tif
./BHSL-HS-0007_2014_0208_AC.tif
./BHSL-HS-0007_2014_0209_AC.tif
./BHSL-HS-0007_2014_0210_AC.tif
./BHSL-HS-0007_2014_0211_AC.tif
./BHSL-HS-0007_2014_0212_AC.tif
./BHSL-HS-0007_2014_0213_AC.tif
./BHSL-HS-0007_2014_0214_AC.tif
./BHSL-HS-0007_2014_0215_AC.tif
./BHSL-HS-0007_2014_0216_AC.tif
./BHSL-HS-0007_2014_0217_AC.tif
./BHSL-HS-0007_2014_0218_AC.tif
./BHSL-HS-0007_2014_0219_AC.tif
./BHSL-HS-0007_2014_0220_AC.tif
./BHSL-HS-0007_2014_0221_AC.tif
./BHSL-HS-0007_2014_0222_AC.tif
./BHSL-HS-0007_2014_0223_AC.tif
./BHSL-HS-0007_2014_0224_AC.tif
./BHSL-HS-0007_2014_0225_AC.tif
./BHSL-HS-0007_2014_0226_AC.tif
./BHSL-HS-0007_2014_0227_AC.tif
./BHSL-HS-0007_2014_0228_AC.tif
./BHSL-HS-0007_2014_0229_AC.tif
./BHSL-HS-0007_2014_0230_AC.tif
./BHSL-HS-0007_2014_0231_AC.tif
./BHSL-HS-0007_2014_0232_AC.tif
./BHSL-HS-0007_2014_0233_AC.tif
./BHSL-HS-0007_2014_0234_AC.tif
./BHSL-HS-0007_2014_0235_AC.tif
./BHSL-HS-0007_2014_0236_AC.tif
./BHSL-HS-0007_2014_0237_AC.tif
./BHSL-HS-0007_2014_0238_AC.tif
./BHSL-HS-0007_2014_0239_AC.tif
./BHSL-HS-0007_2014_0240_AC.tif
./BHSL-HS-0007_2014_0241_AC.tif
./BHSL-HS-0007_2014_0242_AC.tif
./BHSL-HS-0007_2014_0243_AC.tif
./BHSL-HS-0007_2014_0244_AC.tif
./BHSL-HS-0007_2014_0245_AC.tif
./BHSL-HS-0007_2014_0246_AC.tif
./BHSL-HS-0007_2014_0247_AC.tif
./BHSL-HS-0007_2014_0248_AC.tif
./BHSL-HS-0007_2014_0249_AC.tif
./BHSL-HS-0007_2014_0250_AC.tif
./BHSL-HS-0007_2014_0251_AC.tif
./BHSL-HS-0007_2014_0252_AC.tif
./BHSL-HS-0007_2014_0253_AC.tif
./BHSL-HS-0007_2014_0254_AC.tif
./BHSL-HS-0007_2014_0255_AC.tif
./BHSL-HS-0007_2014_0256_AC.tif
./BHSL-HS-0007_2014_0257_AC.tif
./BHSL-HS-0007_2014_0258_AC.tif
./BHSL-HS-0007_2014_0259_AC.tif
./BHSL-HS-0007_2014_0260_AC.tif
./BHSL-HS-0007_2014_0261_AC.tif
./BHSL-HS-0007_2014_0262_AC.tif
./BHSL-HS-0007_2014_0263_AC.tif
./BHSL-HS-0007_2014_0264_AC.tif
./BHSL-HS-0007_2014_0265_AC.tif
./BHSL-HS-0007_2014_0266_AC.tif
./BHSL-HS-0007_2014_0267_AC.tif
./BHSL-HS-0007_2014_0268_AC.tif
./BHSL-HS-0007_2014_0269_AC.tif
./BHSL-HS-0007_2014_0270_AC.tif
./BHSL-HS-0007_2014_0271_AC.tif
./BHSL-HS-0007_2014_0272_AC.tif
./BHSL-HS-0007_2014_0273_AC.tif
./BHSL-HS-0007_2014_0274_AC.tif
./BHSL-HS-0007_2014_0275_AC.tif
./BHSL-HS-0007_2014_0276_AC.tif
./BHSL-HS-0007_2014_0277_AC.tif
./BHSL-HS-0007_2014_0278_AC.tif
./BHSL-HS-0007_2014_0279_AC.tif
./BHSL-HS-0007_2014_0280_AC.tif
./BHSL-HS-0007_2014_0281_AC.tif
./BHSL-HS-0007_2014_0282_AC.tif
./BHSL-HS-0007_2014_0283_AC.tif
./BHSL-HS-0007_2014_0284_AC.tif
./BHSL-HS-0007_2014_0285_AC.tif
./BHSL-HS-0007_2014_0286_AC.tif
./BHSL-HS-0007_2014_0287_AC.tif
./BHSL-HS-0007_2014_0288_AC.tif
./BHSL-HS-0007_2014_0289_AC.tif
./BHSL-HS-0007_2014_0290_AC.tif
./BHSL-HS-0007_2014_0291_AC.tif
./BHSL-HS-0007_2014_0292_AC.tif
./BHSL-HS-0007_2014_0293_AC.tif
./BHSL-HS-0007_2014_0294_AC.tif
./BHSL-HS-0007_2014_0295_AC.tif
./BHSL-HS-0007_2014_0296_AC.tif
./BHSL-HS-0007_2014_0297_AC.tif
./BHSL-HS-0007_2014_0298_AC.tif
./BHSL-HS-0007_2014_0299_AC.tif
./BHSL-HS-0007_2014_0300_AC.tif
./BHSL-HS-0007_2014_0301_AC.tif
./BHSL-HS-0007_2014_0302_AC.tif
./BHSL-HS-0007_2014_0303_AC.tif
./BHSL-HS-0007_2014_0304_AC.tif
./BHSL-HS-0007_2014_0305_AC.tif
./BHSL-HS-0007_2014_0306_AC.tif
./BHSL-HS-0007_2014_0307_AC.tif
./BHSL-HS-0007_2014_0308_AC.tif
./BHSL-HS-0007_2014_0309_AC.tif
./BHSL-HS-0007_2014_0310_AC.tif
./BHSL-HS-0007_2014_0311_AC.tif
./BHSL-HS-0007_2014_0312_AC.tif
./BHSL-HS-0007_2014_0313_AC.tif
./BHSL-HS-0007_2014_0314_AC.tif
./BHSL-HS-0007_2014_0315_AC.tif
./BHSL-HS-0007_2014_0316_AC.tif
./BHSL-HS-0007_2014_0317_AC.tif
./BHSL-HS-0007_2014_0318_AC.tif
./BHSL-HS-0007_2014_0319_AC.tif
./BHSL-HS-0007_2014_0320_AC.tif
./BHSL-HS-0007_2014_0321_AC.tif
./BHSL-HS-0007_2014_0322_AC.tif
./BHSL-HS-0007_2014_0323_AC.tif
./BHSL-HS-0007_2014_0324_AC.tif
./BHSL-HS-0007_2014_0325_AC.tif
./BHSL-HS-0007_2014_0326_AC.tif
./BHSL-HS-0007_2014_0327_AC.tif
./BHSL-HS-0007_2014_0328_AC.tif
./BHSL-HS-0007_2014_0329_AC.tif
./BHSL-HS-0007_2014_0330_AC.tif
./BHSL-HS-0007_2014_0331_AC.tif
./BHSL-HS-0007_2014_0332_AC.tif
./BHSL-HS-0007_2014_0333_AC.tif
./BHSL-HS-0007_2014_0334_AC.tif
./BHSL-HS-0007_2014_0335_AC.tif
./BHSL-HS-0007_2014_0336_AC.tif
./BHSL-HS-0007_2014_0337_AC.tif
./BHSL-HS-0007_2014_0338_AC.tif
./BHSL-HS-0007_2014_0339_AC.tif
./BHSL-HS-0007_2014_0340_AC.tif
./BHSL-HS-0007_2014_0341_AC.tif
./BHSL-HS-0007_2014_0342_AC.tif
./BHSL-HS-0007_2014_0343_AC.tif
./BHSL-HS-0007_2014_0344_AC.tif
./BHSL-HS-0007_2014_0345_AC.tif
./BHSL-HS-0007_2014_0346_AC.tif
./BHSL-HS-0007_2014_0347_AC.tif
./BHSL-HS-0007_2014_0348_AC.tif
./BHSL-HS-0007_2014_0349_AC.tif
./BHSL-HS-0007_2014_0350_AC.tif
./BHSL-HS-0007_2014_0351_AC.tif
./BHSL-HS-0007_2014_0352_AC.tif
./BHSL-HS-0007_2014_0353_AC.tif
./BHSL-HS-0007_2014_0354_AC.tif
./BHSL-HS-0007_2014_0355_AC.tif
./BHSL-HS-0007_2014_0356_AC.tif
./BHSL-HS-0007_2014_0357_AC.tif
./BHSL-HS-0007_2014_0358_AC.tif
./BHSL-HS-0007_2014_0359_AC.tif
./BHSL-HS-0007_2014_0360_AC.tif
./BHSL-HS-0007_2014_0361_AC.tif
./BHSL-HS-0007_2014_0362_AC.tif
./BHSL-HS-0007_2014_0363_AC.tif
./BHSL-HS-0007_2014_0364_AC.tif
./BHSL-HS-0007_2014_0365_AC.tif
./BHSL-HS-0007_2014_0366_AC.tif
./BHSL-HS-0007_2014_0367_AC.tif
./BHSL-HS-0007_2014_0368_AC.tif
./BHSL-HS-0007_2014_0369_AC.tif
./BHSL-HS-0007_2014_0370_AC.tif
./BHSL-HS-0007_2014_0371_AC.tif
./BHSL-HS-0007_2014_0372_AC.tif
./BHSL-HS-0007_2014_0373_AC.tif
./BHSL-HS-0007_2014_0374_AC.tif
./BHSL-HS-0007_2014_0375_AC.tif
./BHSL-HS-0007_2014_0376_AC.tif
./BHSL-HS-0007_2014_0377_AC.tif
./BHSL-HS-0007_2014_0378_AC.tif

Anast@DESKTOP-O7KM5A5 /cygdrive/c/Users/Anast/Desktop/from_dt_2024-07-02/desktop_2024-06-10-to-13_morning/big_ones_to_move/GentUnivBib_-_MargeritaPhilisophica_BHSL-HS-0007
$ find . -type f -iname "*.tif" | wc -l
378

Anast@DESKTOP-O7KM5A5 /cygdrive/c/Users/Anast/Desktop/from_dt_2024-07-02/desktop_2024-06-10-to-13_morning/big_ones_to_move/GentUnivBib_-_MargeritaPhilisophica_BHSL-HS-0007
$ find . -type f -iname "*.jpg" | wc -l
378

Anast@DESKTOP-O7KM5A5 /cygdrive/c/Users/Anast/Desktop/from_dt_2024-07-02/desktop_2024-06-10-to-13_morning/big_ones_to_move/GentUnivBib_-_MargeritaPhilisophica_BHSL-HS-0007
$ cp *.jpg ../GentUnivBib_-_MargeritaPhilisophica_BHSL-HS-0007_-_jpegs\ -\ Copy/

Anast@DESKTOP-O7KM5A5 /cygdrive/c/Users/Anast/Desktop/from_dt_2024-07-02/desktop_2024-06-10-to-13_morning/big_ones_to_move/GentUnivBib_-_MargeritaPhilisophica_BHSL-HS-0007
$ mv *.jpg ../GentUnivBib_-_MargeritaPhilisophica_BHSL-HS-0007_-_jpegs/

Anast@DESKTOP-O7KM5A5 /cygdrive/c/Users/Anast/Desktop/from_dt_2024-07-02/desktop_2024-06-10-to-13_morning/big_ones_to_move/GentUnivBib_-_MargeritaPhilisophica_BHSL-HS-0007
$ date +'%s' && identify -format "\n\n%f\n%[magick] %[colorspace] %[type] %[extension] %[bit-depth] %[channels]\n" ../GentUnivBib_-_MargeritaPhilisophica_BHSL-HS-0007_-_jpegs/*.jpg | grep -v "^$\|^BHSL" | sort | uniq -c && date +'%s'
1747839486
    378 JPEG sRGB TrueColor jpg 8 srgb
1747839559

Anast@DESKTOP-O7KM5A5 /cygdrive/c/Users/Anast/Desktop/from_dt_2024-07-02/desktop_2024-06-10-to-13_morning/big_ones_to_move/GentUnivBib_-_MargeritaPhilisophica_BHSL-HS-0007
$ echo "$((1747839559-1747839486)) seconds"  # bash-ishm, but no 'bc'
73 seconds

Anast@DESKTOP-O7KM5A5 /cygdrive/c/Users/Anast/Desktop/from_dt_2024-07-02/desktop_2024-06-10-to-13_morning/big_ones_to_move/GentUnivBib_-_MargeritaPhilisophica_BHSL-HS-0007
$ #  On Windows, go to jpegs folder, right-click on a file, choose

Anast@DESKTOP-O7KM5A5 /cygdrive/c/Users/Anast/Desktop/from_dt_2024-07-02/desktop_2024-06-10-to-13_morning/big_ones_to_move/GentUnivBib_-_MargeritaPhilisophica_BHSL-HS-0007
$ #+ "Properties", go to the "Details" tab, and check that "Bit depth" is 24

Anast@DESKTOP-O7KM5A5 /cygdrive/c/Users/Anast/Desktop/from_dt_2024-07-02/desktop_2024-06-10-to-13_morning/big_ones_to_move/GentUnivBib_-_MargeritaPhilisophica_BHSL-HS-0007
$ #+ especially if you just converted a grayscale

Anast@DESKTOP-O7KM5A5 /cygdrive/c/Users/Anast/Desktop/from_dt_2024-07-02/desktop_2024-06-10-to-13_morning/big_ones_to_move/GentUnivBib_-_MargeritaPhilisophica_BHSL-HS-0007
$ echo ${myjpegdir}
/cygdrive/c/David/FHTW-2025-All_-_move_2024_get_new/new_final_jpeg_to_use/GentUnivBib

Anast@DESKTOP-O7KM5A5 /cygdrive/c/Users/Anast/Desktop/from_dt_2024-07-02/desktop_2024-06-10-to-13_morning/big_ones_to_move/GentUnivBib_-_MargeritaPhilisophica_BHSL-HS-0007
$

Anast@DESKTOP-O7KM5A5 /cygdrive/c/Users/Anast/Desktop/from_dt_2024-07-02/desktop_2024-06-10-to-13_morning/big_ones_to_move/GentUnivBib_-_MargeritaPhilisophica_BHSL-HS-0007
$

#$@$@$@$@$@$@$@$@$@$@$$@$@$@$@$@$@$@$@@$@$@$@$@$@$@$#
#####################@@@@@@@@@@@@@@@@@@##############
#####################################################
#####################################################
# MOVING DESKTOP JPEGs to FHTW with NEW, BETTER NAME
#####################################################
############$$$$$$$$$$$$$$$$$$$$$####################
#@$@$@$@$@$@$@$@$@$@$@@$@$@$@$@$@$@$@$$@$@$@$@$@$@$@#

# STEP 2


Anast@DESKTOP-O7KM5A5 /cygdrive/c/Users/Anast/Desktop/from_dt_2024-07-02/desktop_2024-06-10-to-13_morning/big_ones_to_move/GentUnivBib_-_MargeritaPhilisophica_BHSL-HS-0007
$ mkdir "${myjpegdir}/GentUnivBib_-_MargeritaPhilisophica_BHSL-HS-0007/"

Anast@DESKTOP-O7KM5A5 /cygdrive/c/Users/Anast/Desktop/from_dt_2024-07-02/desktop_2024-06-10-to-13_morning/big_ones_to_move/GentUnivBib_-_MargeritaPhilisophica_BHSL-HS-0007
$ stat /cygdrive/c/David/FHTW-2025-All_-_move_2024_get_new/new_final_jpeg_to_use/GentUnivBib/GentUnivBib_-_MargeritaPhilisophica_BHSL-HS-0007/
  File: /cygdrive/c/David/FHTW-2025-All_-_move_2024_get_new/new_final_jpeg_to_use/GentUnivBib/GentUnivBib_-_MargeritaPhilisophica_BHSL-HS-0007/
  Size: 0               Blocks: 0          IO Block: 65536  directory
Device: 34409,44143     Inode: 27021597764620623  Links: 1
Access: (0775/drwxrwxr-x)  Uid: (197609/   Anast)   Gid: (197609/   Anast)
Access: 2025-05-21 09:04:38.582314300 -0600
Modify: 2025-05-21 09:04:38.582314300 -0600
Change: 2025-05-21 09:04:38.582314300 -0600
 Birth: 2025-05-21 09:04:38.582314300 -0600

Anast@DESKTOP-O7KM5A5 /cygdrive/c/Users/Anast/Desktop/from_dt_2024-07-02/desktop_2024-06-10-to-13_morning/big_ones_to_move/GentUnivBib_-_MargeritaPhilisophica_BHSL-HS-0007
$ date && date +'%s_%Y-%m-%dT%H%M%S%z'
Wed May 21 09:05:32 MDT 2025
1747839932_2025-05-21T090532-0600

Anast@DESKTOP-O7KM5A5 /cygdrive/c/Users/Anast/Desktop/from_dt_2024-07-02/desktop_2024-06-10-to-13_morning/big_ones_to_move/GentUnivBib_-_MargeritaPhilisophica_BHSL-HS-0007
$ ## find . -type f -iname "*.jpg" -print0 | xargs -I'{}' -0 bash -c 'orig="{}"; dest_path="/cygdrive/c/David/FHTW-2025-All_-_move_2024_get_new/new_final_jpeg_to_use/GentUnivBib/MargeritaPhilisophica_BHSL-HS-0007/"; orig_fname=$(echo "${orig}" | sed '"'"'s#^[.][/]##g'"'"';); echo; echo "  Moving"; echo "${orig_fname}"; new_fname_base=$(echo "${orig_fname}" | awk -F'"'"'_'"'"' '"'"'{print "GentUnivBib_-_" $1 "_0" $3 ".jpg"}'"'"'); echo "  TO"; echo "${new_fname_base}"; new_fpath=${dest_path}${new_fname_base}; echo "${new_fpath}"; echo "         ..."; echo "CMD\|mv \"${orig_fname}\" \"${new_fpath}\"" && echo "             ... success" || echo "             ... FAILURE";' |   head -n 30 #tee ../moving_bhsl-hs-0007_$(date +'%s_%Y-%m-%dT%H%M%S%z').log 2>&1

Anast@DESKTOP-O7KM5A5 /cygdrive/c/Users/Anast/Desktop/from_dt_2024-07-02/desktop_2024-06-10-to-13_morning/big_ones_to_move/GentUnivBib_-_MargeritaPhilisophica_BHSL-HS-0007
$ cd ../GentUnivBib_-_MargeritaPhilisophica_BHSL-HS-0007_-_jpegs

Anast@DESKTOP-O7KM5A5 /cygdrive/c/Users/Anast/Desktop/from_dt_2024-07-02/desktop_2024-06-10-to-13_morning/big_ones_to_move/GentUnivBib_-_MargeritaPhilisophica_BHSL-HS-0007_-_jpegs
$ find . -type f -iname "*.jpg" -print0 | xargs -I'{}' -0 bash -c 'orig="{}"; dest_path="/cygdrive/c/David/FHTW-2025-All_-_move_2024_get_new/new_final_jpeg_to_use/GentUnivBib/MargeritaPhilisophica_BHSL-HS-0007/"; orig_fname=$(echo "${orig}" | sed '"'"'s#^[.][/]##g'"'"';); echo; echo "  Moving"; echo "${orig_fname}"; new_fname_base=$(echo "${orig_fname}" | awk -F'"'"'_'"'"' '"'"'{print "GentUnivBib_-_" $1 "_0" $3 ".jpg"}'"'"'); echo "  TO"; echo "${new_fname_base}"; new_fpath=${dest_path}${new_fname_base}; echo "${new_fpath}"; echo "         ..."; echo "CMD\|mv \"${orig_fname}\" \"${new_fpath}\"" && echo "             ... success" || echo "             ... FAILURE";' |   head -n 30 #tee ../moving_bhsl-hs-0007_$(date +'%s_%Y-%m-%dT%H%M%S%z').log 2>&1

  Moving
BHSL-HS-0007_2014_0001_AC.jpg
  TO
GentUnivBib_-_BHSL-HS-0007_00001.jpg
/cygdrive/c/David/FHTW-2025-All_-_move_2024_get_new/new_final_jpeg_to_use/GentUnivBib/MargeritaPhilisophica_BHSL-HS-0007/GentUnivBib_-_BHSL-HS-0007_00001.jpg
         ...
CMD\|mv "BHSL-HS-0007_2014_0001_AC.jpg" "/cygdrive/c/David/FHTW-2025-All_-_move_2024_get_new/new_final_jpeg_to_use/GentUnivBib/MargeritaPhilisophica_BHSL-HS-0007/GentUnivBib_-_BHSL-HS-0007_00001.jpg"
             ... success

  Moving
BHSL-HS-0007_2014_0002_AC.jpg
  TO
GentUnivBib_-_BHSL-HS-0007_00002.jpg
/cygdrive/c/David/FHTW-2025-All_-_move_2024_get_new/new_final_jpeg_to_use/GentUnivBib/MargeritaPhilisophica_BHSL-HS-0007/GentUnivBib_-_BHSL-HS-0007_00002.jpg
         ...
CMD\|mv "BHSL-HS-0007_2014_0002_AC.jpg" "/cygdrive/c/David/FHTW-2025-All_-_move_2024_get_new/new_final_jpeg_to_use/GentUnivBib/MargeritaPhilisophica_BHSL-HS-0007/GentUnivBib_-_BHSL-HS-0007_00002.jpg"
             ... success

  Moving
BHSL-HS-0007_2014_0003_AC.jpg
  TO
GentUnivBib_-_BHSL-HS-0007_00003.jpg
/cygdrive/c/David/FHTW-2025-All_-_move_2024_get_new/new_final_jpeg_to_use/GentUnivBib/MargeritaPhilisophica_BHSL-HS-0007/GentUnivBib_-_BHSL-HS-0007_00003.jpg
         ...
CMD\|mv "BHSL-HS-0007_2014_0003_AC.jpg" "/cygdrive/c/David/FHTW-2025-All_-_move_2024_get_new/new_final_jpeg_to_use/GentUnivBib/MargeritaPhilisophica_BHSL-HS-0007/GentUnivBib_-_BHSL-HS-0007_00003.jpg"
             ... success

  Moving
BHSL-HS-0007_2014_0004_AC.jpg
xargs: bash: terminated by signal 13

Anast@DESKTOP-O7KM5A5 /cygdrive/c/Users/Anast/Desktop/from_dt_2024-07-02/desktop_2024-06-10-to-13_morning/big_ones_to_move/GentUnivBib_-_MargeritaPhilisophica_BHSL-HS-0007_-_jpegs
$ find . -type f -iname "*.jpg" -print0 | xargs -I'{}' -0 bash -c 'orig="{}"; dest_path="/cygdrive/c/David/FHTW-2025-All_-_move_2024_get_new/new_final_jpeg_to_use/GentUnivBib/MargeritaPhilisophica_BHSL-HS-0007/"; orig_fname=$(echo "${orig}" | sed '"'"'s#^[.][/]##g'"'"';); echo; echo "  Moving"; echo "${orig_fname}"; new_fname_base=$(echo "${orig_fname}" | awk -F'"'"'_'"'"' '"'"'{print "GentUnivBib_-_" $1 "_0" $3 ".jpg"}'"'"'); echo "  TO"; new_fpath=${dest_path}${new_fname_base}; echo "${new_fpath}"; echo "         ..."; mv "${orig_fname}" "${new_fpath}" && echo "             ... success" || echo "             ... FAILURE";' | tee ../moving_bhsl-hs-0007_$(date +'%s_%Y-%m-%dT%H%M%S%z').log 2>&1                  
  Moving
BHSL-HS-0007_2014_0001_AC.jpg
  TO
/cygdrive/c/David/FHTW-2025-All_-_move_2024_get_new/new_final_jpeg_to_use/GentUnivBib/MargeritaPhilisophica_BHSL-HS-0007/GentUnivBib_-_BHSL-HS-0007_00001.jpg
         ...
mv: cannot move 'BHSL-HS-0007_2014_0001_AC.jpg' to '/cygdrive/c/David/FHTW-2025-All_-_move_2024_get_new/new_final_jpeg_to_use/GentUnivBib/MargeritaPhilisophica_BHSL-HS-0007/GentUnivBib_-_BHSL-HS-0007_00001.jpg': No such file or directory
             ... FAILURE

  Moving
BHSL-HS-0007_2014_0002_AC.jpg
  TO
/cygdrive/c/David/FHTW-2025-All_-_move_2024_get_new/new_final_jpeg_to_use/GentUnivBib/MargeritaPhilisophica_BHSL-HS-0007/GentUnivBib_-_BHSL-HS-0007_00002.jpg
         ...
mv: cannot move 'BHSL-HS-0007_2014_0002_AC.jpg' to '/cygdrive/c/David/FHTW-2025-All_-_move_2024_get_new/new_final_jpeg_to_use/GentUnivBib/MargeritaPhilisophica_BHSL-HS-0007/GentUnivBib_-_BHSL-HS-0007_00002.jpg': No such file or directory
             ... FAILURE

  Moving
BHSL-HS-0007_2014_0003_AC.jpg
  TO
/cygdrive/c/David/FHTW-2025-All_-_move_2024_get_new/new_final_jpeg_to_use/GentUnivBib/MargeritaPhilisophica_BHSL-HS-0007/GentUnivBib_-_BHSL-HS-0007_00003.jpg
         ...
mv: cannot move 'BHSL-HS-0007_2014_0003_AC.jpg' to '/cygdrive/c/David/FHTW-2025-All_-_move_2024_get_new/new_final_jpeg_to_use/GentUnivBib/MargeritaPhilisophica_BHSL-HS-0007/GentUnivBib_-_BHSL-HS-0007_00003.jpg': No such file or directory
             ... FAILURE

  Moving
BHSL-HS-0007_2014_0004_AC.jpg
  TO
/cygdrive/c/David/FHTW-2025-All_-_move_2024_get_new/new_final_jpeg_to_use/GentUnivBib/MargeritaPhilisophica_BHSL-HS-0007/GentUnivBib_-_BHSL-HS-0007_00004.jpg
         ...
mv: cannot move 'BHSL-HS-0007_2014_0004_AC.jpg' to '/cygdrive/c/David/FHTW-2025-All_-_move_2024_get_new/new_final_jpeg_to_use/GentUnivBib/MargeritaPhilisophica_BHSL-HS-0007/GentUnivBib_-_BHSL-HS-0007_00004.jpg': No such file or directory
             ... FAILURE

  Moving
BHSL-HS-0007_2014_0005_AC.jpg
  TO
/cygdrive/c/David/FHTW-2025-All_-_move_2024_get_new/new_final_jpeg_to_use/GentUnivBib/MargeritaPhilisophica_BHSL-HS-0007/GentUnivBib_-_BHSL-HS-0007_00005.jpg
         ...
mv: cannot move 'BHSL-HS-0007_2014_0005_AC.jpg' to '/cygdrive/c/David/FHTW-2025-All_-_move_2024_get_new/new_final_jpeg_to_use/GentUnivBib/MargeritaPhilisophica_BHSL-HS-0007/GentUnivBib_-_BHSL-HS-0007_00005.jpg': No such file or directory
             ... FAILURE

  Moving
BHSL-HS-0007_2014_0006_AC.jpg
  TO
/cygdrive/c/David/FHTW-2025-All_-_move_2024_get_new/new_final_jpeg_to_use/GentUnivBib/MargeritaPhilisophica_BHSL-HS-0007/GentUnivBib_-_BHSL-HS-0007_00006.jpg
         ...
mv: cannot move 'BHSL-HS-0007_2014_0006_AC.jpg' to '/cygdrive/c/David/FHTW-2025-All_-_move_2024_get_new/new_final_jpeg_to_use/GentUnivBib/MargeritaPhilisophica_BHSL-HS-0007/GentUnivBib_-_BHSL-HS-0007_00006.jpg': No such file or directory
             ... FAILURE

  Moving
BHSL-HS-0007_2014_0007_AC.jpg
  TO
/cygdrive/c/David/FHTW-2025-All_-_move_2024_get_new/new_final_jpeg_to_use/GentUnivBib/MargeritaPhilisophica_BHSL-HS-0007/GentUnivBib_-_BHSL-HS-0007_00007.jpg
         ...
mv: cannot move 'BHSL-HS-0007_2014_0007_AC.jpg' to '/cygdrive/c/David/FHTW-2025-All_-_move_2024_get_new/new_final_jpeg_to_use/GentUnivBib/MargeritaPhilisophica_BHSL-HS-0007/GentUnivBib_-_BHSL-HS-0007_00007.jpg': No such file or directory
             ... FAILURE

  Moving
BHSL-HS-0007_2014_0008_AC.jpg
  TO
/cygdrive/c/David/FHTW-2025-All_-_move_2024_get_new/new_final_jpeg_to_use/GentUnivBib/MargeritaPhilisophica_BHSL-HS-0007/GentUnivBib_-_BHSL-HS-0007_00008.jpg
         ...
mv: cannot move 'BHSL-HS-0007_2014_0008_AC.jpg' to '/cygdrive/c/David/FHTW-2025-All_-_move_2024_get_new/new_final_jpeg_to_use/GentUnivBib/MargeritaPhilisophica_BHSL-HS-0007/GentUnivBib_-_BHSL-HS-0007_00008.jpg': No such file or directory
             ... FAILURE

  Moving
BHSL-HS-0007_2014_0009_AC.jpg
  TO
/cygdrive/c/David/FHTW-2025-All_-_move_2024_get_new/new_final_jpeg_to_use/GentUnivBib/MargeritaPhilisophica_BHSL-HS-0007/GentUnivBib_-_BHSL-HS-0007_00009.jpg
         ...
mv: cannot move 'BHSL-HS-0007_2014_0009_AC.jpg' to '/cygdrive/c/David/FHTW-2025-All_-_move_2024_get_new/new_final_jpeg_to_use/GentUnivBib/MargeritaPhilisophica_BHSL-HS-0007/GentUnivBib_-_BHSL-HS-0007_00009.jpg': No such file or directory
             ... FAILURE

  Moving
BHSL-HS-0007_2014_0010_AC.jpg
  TO
/cygdrive/c/David/FHTW-2025-All_-_move_2024_get_new/new_final_jpeg_to_use/GentUnivBib/MargeritaPhilisophica_BHSL-HS-0007/GentUnivBib_-_BHSL-HS-0007_00010.jpg
         ...
mv: cannot move 'BHSL-HS-0007_2014_0010_AC.jpg' to '/cygdrive/c/David/FHTW-2025-All_-_move_2024_get_new/new_final_jpeg_to_use/GentUnivBib/MargeritaPhilisophica_BHSL-HS-0007/GentUnivBib_-_BHSL-HS-0007_00010.jpg': No such file or directory
             ... FAILURE

  Moving
BHSL-HS-0007_2014_0011_AC.jpg
  TO
/cygdrive/c/David/FHTW-2025-All_-_move_2024_get_new/new_final_jpeg_to_use/GentUnivBib/MargeritaPhilisophica_BHSL-HS-0007/GentUnivBib_-_BHSL-HS-0007_00011.jpg
         ...
mv: cannot move 'BHSL-HS-0007_2014_0011_AC.jpg' to '/cygdrive/c/David/FHTW-2025-All_-_move_2024_get_new/new_final_jpeg_to_use/GentUnivBib/MargeritaPhilisophica_BHSL-HS-0007/GentUnivBib_-_BHSL-HS-0007_00011.jpg': No such file or directory
             ... FAILURE

  Moving
BHSL-HS-0007_2014_0012_AC.jpg
  TO
/cygdrive/c/David/FHTW-2025-All_-_move_2024_get_new/new_final_jpeg_to_use/GentUnivBib/MargeritaPhilisophica_BHSL-HS-0007/GentUnivBib_-_BHSL-HS-0007_00012.jpg
         ...
mv: cannot move 'BHSL-HS-0007_2014_0012_AC.jpg' to '/cygdrive/c/David/FHTW-2025-All_-_move_2024_get_new/new_final_jpeg_to_use/GentUnivBib/MargeritaPhilisophica_BHSL-HS-0007/GentUnivBib_-_BHSL-HS-0007_00012.jpg': No such file or directory
             ... FAILURE

  Moving
BHSL-HS-0007_2014_0013_AC.jpg
  TO
/cygdrive/c/David/FHTW-2025-All_-_move_2024_get_new/new_final_jpeg_to_use/GentUnivBib/MargeritaPhilisophica_BHSL-HS-0007/GentUnivBib_-_BHSL-HS-0007_00013.jpg
         ...
mv: cannot move 'BHSL-HS-0007_2014_0013_AC.jpg' to '/cygdrive/c/David/FHTW-2025-All_-_move_2024_get_new/new_final_jpeg_to_use/GentUnivBib/MargeritaPhilisophica_BHSL-HS-0007/GentUnivBib_-_BHSL-HS-0007_00013.jpg': No such file or directory
             ... FAILURE

  Moving
BHSL-HS-0007_2014_0014_AC.jpg
  TO
/cygdrive/c/David/FHTW-2025-All_-_move_2024_get_new/new_final_jpeg_to_use/GentUnivBib/MargeritaPhilisophica_BHSL-HS-0007/GentUnivBib_-_BHSL-HS-0007_00014.jpg
         ...
mv: cannot move 'BHSL-HS-0007_2014_0014_AC.jpg' to '/cygdrive/c/David/FHTW-2025-All_-_move_2024_get_new/new_final_jpeg_to_use/GentUnivBib/MargeritaPhilisophica_BHSL-HS-0007/GentUnivBib_-_BHSL-HS-0007_00014.jpg': No such file or directory
             ... FAILURE

  Moving
BHSL-HS-0007_2014_0015_AC.jpg
  TO
/cygdrive/c/David/FHTW-2025-All_-_move_2024_get_new/new_final_jpeg_to_use/GentUnivBib/MargeritaPhilisophica_BHSL-HS-0007/GentUnivBib_-_BHSL-HS-0007_00015.jpg
         ...
mv: cannot move 'BHSL-HS-0007_2014_0015_AC.jpg' to '/cygdrive/c/David/FHTW-2025-All_-_move_2024_get_new/new_final_jpeg_to_use/GentUnivBib/MargeritaPhilisophica_BHSL-HS-0007/GentUnivBib_-_BHSL-HS-0007_00015.jpg': No such file or directory
             ... FAILURE

  Moving
BHSL-HS-0007_2014_0016_AC.jpg
  TO
/cygdrive/c/David/FHTW-2025-All_-_move_2024_get_new/new_final_jpeg_to_use/GentUnivBib/MargeritaPhilisophica_BHSL-HS-0007/GentUnivBib_-_BHSL-HS-0007_00016.jpg
         ...
mv: cannot move 'BHSL-HS-0007_2014_0016_AC.jpg' to '/cygdrive/c/David/FHTW-2025-All_-_move_2024_get_new/new_final_jpeg_to_use/GentUnivBib/MargeritaPhilisophica_BHSL-HS-0007/GentUnivBib_-_BHSL-HS-0007_00016.jpg': No such file or directory
             ... FAILURE

  Moving
BHSL-HS-0007_2014_0017_AC.jpg
  TO
/cygdrive/c/David/FHTW-2025-All_-_move_2024_get_new/new_final_jpeg_to_use/GentUnivBib/MargeritaPhilisophica_BHSL-HS-0007/GentUnivBib_-_BHSL-HS-0007_00017.jpg
         ...
mv: cannot move 'BHSL-HS-0007_2014_0017_AC.jpg' to '/cygdrive/c/David/FHTW-2025-All_-_move_2024_get_new/new_final_jpeg_to_use/GentUnivBib/MargeritaPhilisophica_BHSL-HS-0007/GentUnivBib_-_BHSL-HS-0007_00017.jpg': No such file or directory
             ... FAILURE

  Moving
BHSL-HS-0007_2014_0018_AC.jpg
  TO
/cygdrive/c/David/FHTW-2025-All_-_move_2024_get_new/new_final_jpeg_to_use/GentUnivBib/MargeritaPhilisophica_BHSL-HS-0007/GentUnivBib_-_BHSL-HS-0007_00018.jpg
         ...
mv: cannot move 'BHSL-HS-0007_2014_0018_AC.jpg' to '/cygdrive/c/David/FHTW-2025-All_-_move_2024_get_new/new_final_jpeg_to_use/GentUnivBib/MargeritaPhilisophica_BHSL-HS-0007/GentUnivBib_-_BHSL-HS-0007_00018.jpg': No such file or directory
             ... FAILURE

  Moving
BHSL-HS-0007_2014_0019_AC.jpg
  TO
/cygdrive/c/David/FHTW-2025-All_-_move_2024_get_new/new_final_jpeg_to_use/GentUnivBib/MargeritaPhilisophica_BHSL-HS-0007/GentUnivBib_-_BHSL-HS-0007_00019.jpg
         ...
mv: cannot move 'BHSL-HS-0007_2014_0019_AC.jpg' to '/cygdrive/c/David/FHTW-2025-All_-_move_2024_get_new/new_final_jpeg_to_use/GentUnivBib/MargeritaPhilisophica_BHSL-HS-0007/GentUnivBib_-_BHSL-HS-0007_00019.jpg': No such file or directory
             ... FAILURE

  Moving
BHSL-HS-0007_2014_0020_AC.jpg
  TO
/cygdrive/c/David/FHTW-2025-All_-_move_2024_get_new/new_final_jpeg_to_use/GentUnivBib/MargeritaPhilisophica_BHSL-HS-0007/GentUnivBib_-_BHSL-HS-0007_00020.jpg
         ...
mv: cannot move 'BHSL-HS-0007_2014_0020_AC.jpg' to '/cygdrive/c/David/FHTW-2025-All_-_move_2024_get_new/new_final_jpeg_to_use/GentUnivBib/MargeritaPhilisophica_BHSL-HS-0007/GentUnivBib_-_BHSL-HS-0007_00020.jpg': No such file or directory
             ... FAILURE

  Moving
BHSL-HS-0007_2014_0021_AC.jpg
  TO
/cygdrive/c/David/FHTW-2025-All_-_move_2024_get_new/new_final_jpeg_to_use/GentUnivBib/MargeritaPhilisophica_BHSL-HS-0007/GentUnivBib_-_BHSL-HS-0007_00021.jpg
         ...
mv: cannot move 'BHSL-HS-0007_2014_0021_AC.jpg' to '/cygdrive/c/David/FHTW-2025-All_-_move_2024_get_new/new_final_jpeg_to_use/GentUnivBib/MargeritaPhilisophica_BHSL-HS-0007/GentUnivBib_-_BHSL-HS-0007_00021.jpg': No such file or directory
             ... FAILURE

  Moving
BHSL-HS-0007_2014_0022_AC.jpg
  TO
/cygdrive/c/David/FHTW-2025-All_-_move_2024_get_new/new_final_jpeg_to_use/GentUnivBib/MargeritaPhilisophica_BHSL-HS-0007/GentUnivBib_-_BHSL-HS-0007_00022.jpg
         ...
mv: cannot move 'BHSL-HS-0007_2014_0022_AC.jpg' to '/cygdrive/c/David/FHTW-2025-All_-_move_2024_get_new/new_final_jpeg_to_use/GentUnivBib/MargeritaPhilisophica_BHSL-HS-0007/GentUnivBib_-_BHSL-HS-0007_00022.jpg': No such file or directory
             ... FAILURE

  Moving
BHSL-HS-0007_2014_0023_AC.jpg
  TO
/cygdrive/c/David/FHTW-2025-All_-_move_2024_get_new/new_final_jpeg_to_use/GentUnivBib/MargeritaPhilisophica_BHSL-HS-0007/GentUnivBib_-_BHSL-HS-0007_00023.jpg
         ...
mv: cannot move 'BHSL-HS-0007_2014_0023_AC.jpg' to '/cygdrive/c/David/FHTW-2025-All_-_move_2024_get_new/new_final_jpeg_to_use/GentUnivBib/MargeritaPhilisophica_BHSL-HS-0007/GentUnivBib_-_BHSL-HS-0007_00023.jpg': No such file or directory
             ... FAILURE

  Moving
BHSL-HS-0007_2014_0024_AC.jpg
  TO
/cygdrive/c/David/FHTW-2025-All_-_move_2024_get_new/new_final_jpeg_to_use/GentUnivBib/MargeritaPhilisophica_BHSL-HS-0007/GentUnivBib_-_BHSL-HS-0007_00024.jpg
         ...
mv: cannot move 'BHSL-HS-0007_2014_0024_AC.jpg' to '/cygdrive/c/David/FHTW-2025-All_-_move_2024_get_new/new_final_jpeg_to_use/GentUnivBib/MargeritaPhilisophica_BHSL-HS-0007/GentUnivBib_-_BHSL-HS-0007_00024.jpg': No such file or directory
             ... FAILURE

  Moving
BHSL-HS-0007_2014_0025_AC.jpg
  TO
/cygdrive/c/David/FHTW-2025-All_-_move_2024_get_new/new_final_jpeg_to_use/GentUnivBib/MargeritaPhilisophica_BHSL-HS-0007/GentUnivBib_-_BHSL-HS-0007_00025.jpg
         ...
mv: cannot move 'BHSL-HS-0007_2014_0025_AC.jpg' to '/cygdrive/c/David/FHTW-2025-All_-_move_2024_get_new/new_final_jpeg_to_use/GentUnivBib/MargeritaPhilisophica_BHSL-HS-0007/GentUnivBib_-_BHSL-HS-0007_00025.jpg': No such file or directory
             ... FAILURE

  Moving
BHSL-HS-0007_2014_0026_AC.jpg
  TO
/cygdrive/c/David/FHTW-2025-All_-_move_2024_get_new/new_final_jpeg_to_use/GentUnivBib/MargeritaPhilisophica_BHSL-HS-0007/GentUnivBib_-_BHSL-HS-0007_00026.jpg
         ...
mv: cannot move 'BHSL-HS-0007_2014_0026_AC.jpg' to '/cygdrive/c/David/FHTW-2025-All_-_move_2024_get_new/new_final_jpeg_to_use/GentUnivBib/MargeritaPhilisophica_BHSL-HS-0007/GentUnivBib_-_BHSL-HS-0007_00026.jpg': No such file or directory
             ... FAILURE

  Moving
BHSL-HS-0007_2014_0027_AC.jpg
  TO
/cygdrive/c/David/FHTW-2025-All_-_move_2024_get_new/new_final_jpeg_to_use/GentUnivBib/MargeritaPhilisophica_BHSL-HS-0007/GentUnivBib_-_BHSL-HS-0007_00027.jpg
         ...
mv: cannot move 'BHSL-HS-0007_2014_0027_AC.jpg' to '/cygdrive/c/David/FHTW-2025-All_-_move_2024_get_new/new_final_jpeg_to_use/GentUnivBib/MargeritaPhilisophica_BHSL-HS-0007/GentUnivBib_-_BHSL-HS-0007_00027.jpg': No such file or directory
             ... FAILURE

  Moving
BHSL-HS-0007_2014_0028_AC.jpg
  TO
/cygdrive/c/David/FHTW-2025-All_-_move_2024_get_new/new_final_jpeg_to_use/GentUnivBib/MargeritaPhilisophica_BHSL-HS-0007/GentUnivBib_-_BHSL-HS-0007_00028.jpg
         ...
mv: cannot move 'BHSL-HS-0007_2014_0028_AC.jpg' to '/cygdrive/c/David/FHTW-2025-All_-_move_2024_get_new/new_final_jpeg_to_use/GentUnivBib/MargeritaPhilisophica_BHSL-HS-0007/GentUnivBib_-_BHSL-HS-0007_00028.jpg': No such file or directory
             ... FAILURE

  Moving
BHSL-HS-0007_2014_0029_AC.jpg
  TO
/cygdrive/c/David/FHTW-2025-All_-_move_2024_get_new/new_final_jpeg_to_use/GentUnivBib/MargeritaPhilisophica_BHSL-HS-0007/GentUnivBib_-_BHSL-HS-0007_00029.jpg
         ...
mv: cannot move 'BHSL-HS-0007_2014_0029_AC.jpg' to '/cygdrive/c/David/FHTW-2025-All_-_move_2024_get_new/new_final_jpeg_to_use/GentUnivBib/MargeritaPhilisophica_BHSL-HS-0007/GentUnivBib_-_BHSL-HS-0007_00029.jpg': No such file or directory
             ... FAILURE

  Moving
BHSL-HS-0007_2014_0030_AC.jpg
  TO
/cygdrive/c/David/FHTW-2025-All_-_move_2024_get_new/new_final_jpeg_to_use/GentUnivBib/MargeritaPhilisophica_BHSL-HS-0007/GentUnivBib_-_BHSL-HS-0007_00030.jpg
         ...
mv: cannot move 'BHSL-HS-0007_2014_0030_AC.jpg' to '/cygdrive/c/David/FHTW-2025-All_-_move_2024_get_new/new_final_jpeg_to_use/GentUnivBib/MargeritaPhilisophica_BHSL-HS-0007/GentUnivBib_-_BHSL-HS-0007_00030.jpg': No such file or directory
             ... FAILURE

  Moving
BHSL-HS-0007_2014_0031_AC.jpg
  TO
/cygdrive/c/David/FHTW-2025-All_-_move_2024_get_new/new_final_jpeg_to_use/GentUnivBib/MargeritaPhilisophica_BHSL-HS-0007/GentUnivBib_-_BHSL-HS-0007_00031.jpg
         ...
mv: cannot move 'BHSL-HS-0007_2014_0031_AC.jpg' to '/cygdrive/c/David/FHTW-2025-All_-_move_2024_get_new/new_final_jpeg_to_use/GentUnivBib/MargeritaPhilisophica_BHSL-HS-0007/GentUnivBib_-_BHSL-HS-0007_00031.jpg': No such file or directory
             ... FAILURE

  Moving
BHSL-HS-0007_2014_0032_AC.jpg
  TO
/cygdrive/c/David/FHTW-2025-All_-_move_2024_get_new/new_final_jpeg_to_use/GentUnivBib/MargeritaPhilisophica_BHSL-HS-0007/GentUnivBib_-_BHSL-HS-0007_00032.jpg
         ...
mv: cannot move 'BHSL-HS-0007_2014_0032_AC.jpg' to '/cygdrive/c/David/FHTW-2025-All_-_move_2024_get_new/new_final_jpeg_to_use/GentUnivBib/MargeritaPhilisophica_BHSL-HS-0007/GentUnivBib_-_BHSL-HS-0007_00032.jpg': No such file or directory
             ... FAILURE

  Moving
BHSL-HS-0007_2014_0033_AC.jpg
  TO
/cygdrive/c/David/FHTW-2025-All_-_move_2024_get_new/new_final_jpeg_to_use/GentUnivBib/MargeritaPhilisophica_BHSL-HS-0007/GentUnivBib_-_BHSL-HS-0007_00033.jpg
         ...
mv: cannot move 'BHSL-HS-0007_2014_0033_AC.jpg' to '/cygdrive/c/David/FHTW-2025-All_-_move_2024_get_new/new_final_jpeg_to_use/GentUnivBib/MargeritaPhilisophica_BHSL-HS-0007/GentUnivBib_-_BHSL-HS-0007_00033.jpg': No such file or directory
             ... FAILURE

  Moving
BHSL-HS-0007_2014_0034_AC.jpg
  TO
/cygdrive/c/David/FHTW-2025-All_-_move_2024_get_new/new_final_jpeg_to_use/GentUnivBib/MargeritaPhilisophica_BHSL-HS-0007/GentUnivBib_-_BHSL-HS-0007_00034.jpg
         ...
mv: cannot move 'BHSL-HS-0007_2014_0034_AC.jpg' to '/cygdrive/c/David/FHTW-2025-All_-_move_2024_get_new/new_final_jpeg_to_use/GentUnivBib/MargeritaPhilisophica_BHSL-HS-0007/GentUnivBib_-_BHSL-HS-0007_00034.jpg': No such file or directory
             ... FAILURE

  Moving
BHSL-HS-0007_2014_0035_AC.jpg
  TO
/cygdrive/c/David/FHTW-2025-All_-_move_2024_get_new/new_final_jpeg_to_use/GentUnivBib/MargeritaPhilisophica_BHSL-HS-0007/GentUnivBib_-_BHSL-HS-0007_00035.jpg
         ...
mv: cannot move 'BHSL-HS-0007_2014_0035_AC.jpg' to '/cygdrive/c/David/FHTW-2025-All_-_move_2024_get_new/new_final_jpeg_to_use/GentUnivBib/MargeritaPhilisophica_BHSL-HS-0007/GentUnivBib_-_BHSL-HS-0007_00035.jpg': No such file or directory
             ... FAILURE

  Moving
BHSL-HS-0007_2014_0036_AC.jpg
  TO
/cygdrive/c/David/FHTW-2025-All_-_move_2024_get_new/new_final_jpeg_to_use/GentUnivBib/MargeritaPhilisophica_BHSL-HS-0007/GentUnivBib_-_BHSL-HS-0007_00036.jpg
         ...
mv: cannot move 'BHSL-HS-0007_2014_0036_AC.jpg' to '/cygdrive/c/David/FHTW-2025-All_-_move_2024_get_new/new_final_jpeg_to_use/GentUnivBib/MargeritaPhilisophica_BHSL-HS-0007/GentUnivBib_-_BHSL-HS-0007_00036.jpg': No such file or directory
             ... FAILURE

  Moving
BHSL-HS-0007_2014_0037_AC.jpg
  TO
/cygdrive/c/David/FHTW-2025-All_-_move_2024_get_new/new_final_jpeg_to_use/GentUnivBib/MargeritaPhilisophica_BHSL-HS-0007/GentUnivBib_-_BHSL-HS-0007_00037.jpg
         ...
mv: cannot move 'BHSL-HS-0007_2014_0037_AC.jpg' to '/cygdrive/c/David/FHTW-2025-All_-_move_2024_get_new/new_final_jpeg_to_use/GentUnivBib/MargeritaPhilisophica_BHSL-HS-0007/GentUnivBib_-_BHSL-HS-0007_00037.jpg': No such file or directory
             ... FAILURE

  Moving
BHSL-HS-0007_2014_0038_AC.jpg
  TO
/cygdrive/c/David/FHTW-2025-All_-_move_2024_get_new/new_final_jpeg_to_use/GentUnivBib/MargeritaPhilisophica_BHSL-HS-0007/GentUnivBib_-_BHSL-HS-0007_00038.jpg
         ...
mv: cannot move 'BHSL-HS-0007_2014_0038_AC.jpg' to '/cygdrive/c/David/FHTW-2025-All_-_move_2024_get_new/new_final_jpeg_to_use/GentUnivBib/MargeritaPhilisophica_BHSL-HS-0007/GentUnivBib_-_BHSL-HS-0007_00038.jpg': No such file or directory
             ... FAILURE

  Moving
BHSL-HS-0007_2014_0039_AC.jpg
  TO
/cygdrive/c/David/FHTW-2025-All_-_move_2024_get_new/new_final_jpeg_to_use/GentUnivBib/MargeritaPhilisophica_BHSL-HS-0007/GentUnivBib_-_BHSL-HS-0007_00039.jpg
         ...
mv: cannot move 'BHSL-HS-0007_2014_0039_AC.jpg' to '/cygdrive/c/David/FHTW-2025-All_-_move_2024_get_new/new_final_jpeg_to_use/GentUnivBib/MargeritaPhilisophica_BHSL-HS-0007/GentUnivBib_-_BHSL-HS-0007_00039.jpg': No such file or directory
             ... FAILURE

  Moving
BHSL-HS-0007_2014_0040_AC.jpg
  TO
/cygdrive/c/David/FHTW-2025-All_-_move_2024_get_new/new_final_jpeg_to_use/GentUnivBib/MargeritaPhilisophica_BHSL-HS-0007/GentUnivBib_-_BHSL-HS-0007_00040.jpg
         ...
mv: cannot move 'BHSL-HS-0007_2014_0040_AC.jpg' to '/cygdrive/c/David/FHTW-2025-All_-_move_2024_get_new/new_final_jpeg_to_use/GentUnivBib/MargeritaPhilisophica_BHSL-HS-0007/GentUnivBib_-_BHSL-HS-0007_00040.jpg': No such file or directory
             ... FAILURE

  Moving
BHSL-HS-0007_2014_0041_AC.jpg
  TO
/cygdrive/c/David/FHTW-2025-All_-_move_2024_get_new/new_final_jpeg_to_use/GentUnivBib/MargeritaPhilisophica_BHSL-HS-0007/GentUnivBib_-_BHSL-HS-0007_00041.jpg
         ...
mv: cannot move 'BHSL-HS-0007_2014_0041_AC.jpg' to '/cygdrive/c/David/FHTW-2025-All_-_move_2024_get_new/new_final_jpeg_to_use/GentUnivBib/MargeritaPhilisophica_BHSL-HS-0007/GentUnivBib_-_BHSL-HS-0007_00041.jpg': No such file or directory
             ... FAILURE

  Moving
BHSL-HS-0007_2014_0042_AC.jpg
  TO
/cygdrive/c/David/FHTW-2025-All_-_move_2024_get_new/new_final_jpeg_to_use/GentUnivBib/MargeritaPhilisophica_BHSL-HS-0007/GentUnivBib_-_BHSL-HS-0007_00042.jpg
         ...
mv: cannot move 'BHSL-HS-0007_2014_0042_AC.jpg' to '/cygdrive/c/David/FHTW-2025-All_-_move_2024_get_new/new_final_jpeg_to_use/GentUnivBib/MargeritaPhilisophica_BHSL-HS-0007/GentUnivBib_-_BHSL-HS-0007_00042.jpg': No such file or directory
             ... FAILURE

  Moving
BHSL-HS-0007_2014_0043_AC.jpg
  TO
/cygdrive/c/David/FHTW-2025-All_-_move_2024_get_new/new_final_jpeg_to_use/GentUnivBib/MargeritaPhilisophica_BHSL-HS-0007/GentUnivBib_-_BHSL-HS-0007_00043.jpg
         ...
mv: cannot move 'BHSL-HS-0007_2014_0043_AC.jpg' to '/cygdrive/c/David/FHTW-2025-All_-_move_2024_get_new/new_final_jpeg_to_use/GentUnivBib/MargeritaPhilisophica_BHSL-HS-0007/GentUnivBib_-_BHSL-HS-0007_00043.jpg': No such file or directory
             ... FAILURE

  Moving
BHSL-HS-0007_2014_0044_AC.jpg
  TO
/cygdrive/c/David/FHTW-2025-All_-_move_2024_get_new/new_final_jpeg_to_use/GentUnivBib/MargeritaPhilisophica_BHSL-HS-0007/GentUnivBib_-_BHSL-HS-0007_00044.jpg
         ...
mv: cannot move 'BHSL-HS-0007_2014_0044_AC.jpg' to '/cygdrive/c/David/FHTW-2025-All_-_move_2024_get_new/new_final_jpeg_to_use/GentUnivBib/MargeritaPhilisophica_BHSL-HS-0007/GentUnivBib_-_BHSL-HS-0007_00044.jpg': No such file or directory
             ... FAILURE

  Moving
BHSL-HS-0007_2014_0045_AC.jpg
  TO
/cygdrive/c/David/FHTW-2025-All_-_move_2024_get_new/new_final_jpeg_to_use/GentUnivBib/MargeritaPhilisophica_BHSL-HS-0007/GentUnivBib_-_BHSL-HS-0007_00045.jpg
         ...
mv: cannot move 'BHSL-HS-0007_2014_0045_AC.jpg' to '/cygdrive/c/David/FHTW-2025-All_-_move_2024_get_new/new_final_jpeg_to_use/GentUnivBib/MargeritaPhilisophica_BHSL-HS-0007/GentUnivBib_-_BHSL-HS-0007_00045.jpg': No such file or directory
             ... FAILURE

  Moving
BHSL-HS-0007_2014_0046_AC.jpg
  TO
/cygdrive/c/David/FHTW-2025-All_-_move_2024_get_new/new_final_jpeg_to_use/GentUnivBib/MargeritaPhilisophica_BHSL-HS-0007/GentUnivBib_-_BHSL-HS-0007_00046.jpg
         ...
mv: cannot move 'BHSL-HS-0007_2014_0046_AC.jpg' to '/cygdrive/c/David/FHTW-2025-All_-_move_2024_get_new/new_final_jpeg_to_use/GentUnivBib/MargeritaPhilisophica_BHSL-HS-0007/GentUnivBib_-_BHSL-HS-0007_00046.jpg': No such file or directory
             ... FAILURE

  Moving
BHSL-HS-0007_2014_0047_AC.jpg
  TO
/cygdrive/c/David/FHTW-2025-All_-_move_2024_get_new/new_final_jpeg_to_use/GentUnivBib/MargeritaPhilisophica_BHSL-HS-0007/GentUnivBib_-_BHSL-HS-0007_00047.jpg
         ...
mv: cannot move 'BHSL-HS-0007_2014_0047_AC.jpg' to '/cygdrive/c/David/FHTW-2025-All_-_move_2024_get_new/new_final_jpeg_to_use/GentUnivBib/MargeritaPhilisophica_BHSL-HS-0007/GentUnivBib_-_BHSL-HS-0007_00047.jpg': No such file or directory
             ... FAILURE

  Moving
BHSL-HS-0007_2014_0048_AC.jpg
  TO
/cygdrive/c/David/FHTW-2025-All_-_move_2024_get_new/new_final_jpeg_to_use/GentUnivBib/MargeritaPhilisophica_BHSL-HS-0007/GentUnivBib_-_BHSL-HS-0007_00048.jpg
         ...
mv: cannot move 'BHSL-HS-0007_2014_0048_AC.jpg' to '/cygdrive/c/David/FHTW-2025-All_-_move_2024_get_new/new_final_jpeg_to_use/GentUnivBib/MargeritaPhilisophica_BHSL-HS-0007/GentUnivBib_-_BHSL-HS-0007_00048.jpg': No such file or directory
             ... FAILURE

  Moving
BHSL-HS-0007_2014_0049_AC.jpg
  TO
/cygdrive/c/David/FHTW-2025-All_-_move_2024_get_new/new_final_jpeg_to_use/GentUnivBib/MargeritaPhilisophica_BHSL-HS-0007/GentUnivBib_-_BHSL-HS-0007_00049.jpg
         ...
mv: cannot move 'BHSL-HS-0007_2014_0049_AC.jpg' to '/cygdrive/c/David/FHTW-2025-All_-_move_2024_get_new/new_final_jpeg_to_use/GentUnivBib/MargeritaPhilisophica_BHSL-HS-0007/GentUnivBib_-_BHSL-HS-0007_00049.jpg': No such file or directory
             ... FAILURE

  Moving
BHSL-HS-0007_2014_0050_AC.jpg
  TO
/cygdrive/c/David/FHTW-2025-All_-_move_2024_get_new/new_final_jpeg_to_use/GentUnivBib/MargeritaPhilisophica_BHSL-HS-0007/GentUnivBib_-_BHSL-HS-0007_00050.jpg
         ...
mv: cannot move 'BHSL-HS-0007_2014_0050_AC.jpg' to '/cygdrive/c/David/FHTW-2025-All_-_move_2024_get_new/new_final_jpeg_to_use/GentUnivBib/MargeritaPhilisophica_BHSL-HS-0007/GentUnivBib_-_BHSL-HS-0007_00050.jpg': No such file or directory
             ... FAILURE

  Moving
BHSL-HS-0007_2014_0051_AC.jpg
  TO
/cygdrive/c/David/FHTW-2025-All_-_move_2024_get_new/new_final_jpeg_to_use/GentUnivBib/MargeritaPhilisophica_BHSL-HS-0007/GentUnivBib_-_BHSL-HS-0007_00051.jpg
         ...
mv: cannot move 'BHSL-HS-0007_2014_0051_AC.jpg' to '/cygdrive/c/David/FHTW-2025-All_-_move_2024_get_new/new_final_jpeg_to_use/GentUnivBib/MargeritaPhilisophica_BHSL-HS-0007/GentUnivBib_-_BHSL-HS-0007_00051.jpg': No such file or directory
             ... FAILURE

  Moving
BHSL-HS-0007_2014_0052_AC.jpg
  TO
/cygdrive/c/David/FHTW-2025-All_-_move_2024_get_new/new_final_jpeg_to_use/GentUnivBib/MargeritaPhilisophica_BHSL-HS-0007/GentUnivBib_-_BHSL-HS-0007_00052.jpg
         ...
mv: cannot move 'BHSL-HS-0007_2014_0052_AC.jpg' to '/cygdrive/c/David/FHTW-2025-All_-_move_2024_get_new/new_final_jpeg_to_use/GentUnivBib/MargeritaPhilisophica_BHSL-HS-0007/GentUnivBib_-_BHSL-HS-0007_00052.jpg': No such file or directory
             ... FAILURE

  Moving
BHSL-HS-0007_2014_0053_AC.jpg
  TO
/cygdrive/c/David/FHTW-2025-All_-_move_2024_get_new/new_final_jpeg_to_use/GentUnivBib/MargeritaPhilisophica_BHSL-HS-0007/GentUnivBib_-_BHSL-HS-0007_00053.jpg
         ...
mv: cannot move 'BHSL-HS-0007_2014_0053_AC.jpg' to '/cygdrive/c/David/FHTW-2025-All_-_move_2024_get_new/new_final_jpeg_to_use/GentUnivBib/MargeritaPhilisophica_BHSL-HS-0007/GentUnivBib_-_BHSL-HS-0007_00053.jpg': No such file or directory
             ... FAILURE

  Moving
BHSL-HS-0007_2014_0054_AC.jpg
  TO
/cygdrive/c/David/FHTW-2025-All_-_move_2024_get_new/new_final_jpeg_to_use/GentUnivBib/MargeritaPhilisophica_BHSL-HS-0007/GentUnivBib_-_BHSL-HS-0007_00054.jpg
         ...
mv: cannot move 'BHSL-HS-0007_2014_0054_AC.jpg' to '/cygdrive/c/David/FHTW-2025-All_-_move_2024_get_new/new_final_jpeg_to_use/GentUnivBib/MargeritaPhilisophica_BHSL-HS-0007/GentUnivBib_-_BHSL-HS-0007_00054.jpg': No such file or directory
             ... FAILURE

  Moving
BHSL-HS-0007_2014_0055_AC.jpg
  TO
/cygdrive/c/David/FHTW-2025-All_-_move_2024_get_new/new_final_jpeg_to_use/GentUnivBib/MargeritaPhilisophica_BHSL-HS-0007/GentUnivBib_-_BHSL-HS-0007_00055.jpg
         ...
mv: cannot move 'BHSL-HS-0007_2014_0055_AC.jpg' to '/cygdrive/c/David/FHTW-2025-All_-_move_2024_get_new/new_final_jpeg_to_use/GentUnivBib/MargeritaPhilisophica_BHSL-HS-0007/GentUnivBib_-_BHSL-HS-0007_00055.jpg': No such file or directory
             ... FAILURE

  Moving
BHSL-HS-0007_2014_0056_AC.jpg
  TO
/cygdrive/c/David/FHTW-2025-All_-_move_2024_get_new/new_final_jpeg_to_use/GentUnivBib/MargeritaPhilisophica_BHSL-HS-0007/GentUnivBib_-_BHSL-HS-0007_00056.jpg
         ...
mv: cannot move 'BHSL-HS-0007_2014_0056_AC.jpg' to '/cygdrive/c/David/FHTW-2025-All_-_move_2024_get_new/new_final_jpeg_to_use/GentUnivBib/MargeritaPhilisophica_BHSL-HS-0007/GentUnivBib_-_BHSL-HS-0007_00056.jpg': No such file or directory
             ... FAILURE

  Moving
BHSL-HS-0007_2014_0057_AC.jpg
  TO
/cygdrive/c/David/FHTW-2025-All_-_move_2024_get_new/new_final_jpeg_to_use/GentUnivBib/MargeritaPhilisophica_BHSL-HS-0007/GentUnivBib_-_BHSL-HS-0007_00057.jpg
         ...
mv: cannot move 'BHSL-HS-0007_2014_0057_AC.jpg' to '/cygdrive/c/David/FHTW-2025-All_-_move_2024_get_new/new_final_jpeg_to_use/GentUnivBib/MargeritaPhilisophica_BHSL-HS-0007/GentUnivBib_-_BHSL-HS-0007_00057.jpg': No such file or directory
             ... FAILURE

  Moving
BHSL-HS-0007_2014_0058_AC.jpg
  TO
/cygdrive/c/David/FHTW-2025-All_-_move_2024_get_new/new_final_jpeg_to_use/GentUnivBib/MargeritaPhilisophica_BHSL-HS-0007/GentUnivBib_-_BHSL-HS-0007_00058.jpg
         ...
mv: cannot move 'BHSL-HS-0007_2014_0058_AC.jpg' to '/cygdrive/c/David/FHTW-2025-All_-_move_2024_get_new/new_final_jpeg_to_use/GentUnivBib/MargeritaPhilisophica_BHSL-HS-0007/GentUnivBib_-_BHSL-HS-0007_00058.jpg': No such file or directory
             ... FAILURE

  Moving
BHSL-HS-0007_2014_0059_AC.jpg
  TO
/cygdrive/c/David/FHTW-2025-All_-_move_2024_get_new/new_final_jpeg_to_use/GentUnivBib/MargeritaPhilisophica_BHSL-HS-0007/GentUnivBib_-_BHSL-HS-0007_00059.jpg
         ...
mv: cannot move 'BHSL-HS-0007_2014_0059_AC.jpg' to '/cygdrive/c/David/FHTW-2025-All_-_move_2024_get_new/new_final_jpeg_to_use/GentUnivBib/MargeritaPhilisophica_BHSL-HS-0007/GentUnivBib_-_BHSL-HS-0007_00059.jpg': No such file or directory
             ... FAILURE

  Moving
BHSL-HS-0007_2014_0060_AC.jpg
  TO
/cygdrive/c/David/FHTW-2025-All_-_move_2024_get_new/new_final_jpeg_to_use/GentUnivBib/MargeritaPhilisophica_BHSL-HS-0007/GentUnivBib_-_BHSL-HS-0007_00060.jpg
         ...
mv: cannot move 'BHSL-HS-0007_2014_0060_AC.jpg' to '/cygdrive/c/David/FHTW-2025-All_-_move_2024_get_new/new_final_jpeg_to_use/GentUnivBib/MargeritaPhilisophica_BHSL-HS-0007/GentUnivBib_-_BHSL-HS-0007_00060.jpg': No such file or directory
             ... FAILURE

  Moving
BHSL-HS-0007_2014_0061_AC.jpg
  TO
/cygdrive/c/David/FHTW-2025-All_-_move_2024_get_new/new_final_jpeg_to_use/GentUnivBib/MargeritaPhilisophica_BHSL-HS-0007/GentUnivBib_-_BHSL-HS-0007_00061.jpg
         ...
mv: cannot move 'BHSL-HS-0007_2014_0061_AC.jpg' to '/cygdrive/c/David/FHTW-2025-All_-_move_2024_get_new/new_final_jpeg_to_use/GentUnivBib/MargeritaPhilisophica_BHSL-HS-0007/GentUnivBib_-_BHSL-HS-0007_00061.jpg': No such file or directory
             ... FAILURE

  Moving
BHSL-HS-0007_2014_0062_AC.jpg
  TO
/cygdrive/c/David/FHTW-2025-All_-_move_2024_get_new/new_final_jpeg_to_use/GentUnivBib/MargeritaPhilisophica_BHSL-HS-0007/GentUnivBib_-_BHSL-HS-0007_00062.jpg
         ...
mv: cannot move 'BHSL-HS-0007_2014_0062_AC.jpg' to '/cygdrive/c/David/FHTW-2025-All_-_move_2024_get_new/new_final_jpeg_to_use/GentUnivBib/MargeritaPhilisophica_BHSL-HS-0007/GentUnivBib_-_BHSL-HS-0007_00062.jpg': No such file or directory
             ... FAILURE

  Moving
BHSL-HS-0007_2014_0063_AC.jpg
  TO
/cygdrive/c/David/FHTW-2025-All_-_move_2024_get_new/new_final_jpeg_to_use/GentUnivBib/MargeritaPhilisophica_BHSL-HS-0007/GentUnivBib_-_BHSL-HS-0007_00063.jpg
         ...
mv: cannot move 'BHSL-HS-0007_2014_0063_AC.jpg' to '/cygdrive/c/David/FHTW-2025-All_-_move_2024_get_new/new_final_jpeg_to_use/GentUnivBib/MargeritaPhilisophica_BHSL-HS-0007/GentUnivBib_-_BHSL-HS-0007_00063.jpg': No such file or directory
             ... FAILURE

  Moving
BHSL-HS-0007_2014_0064_AC.jpg
  TO
/cygdrive/c/David/FHTW-2025-All_-_move_2024_get_new/new_final_jpeg_to_use/GentUnivBib/MargeritaPhilisophica_BHSL-HS-0007/GentUnivBib_-_BHSL-HS-0007_00064.jpg
         ...
mv: cannot move 'BHSL-HS-0007_2014_0064_AC.jpg' to '/cygdrive/c/David/FHTW-2025-All_-_move_2024_get_new/new_final_jpeg_to_use/GentUnivBib/MargeritaPhilisophica_BHSL-HS-0007/GentUnivBib_-_BHSL-HS-0007_00064.jpg': No such file or directory
             ... FAILURE

  Moving
BHSL-HS-0007_2014_0065_AC.jpg
  TO
/cygdrive/c/David/FHTW-2025-All_-_move_2024_get_new/new_final_jpeg_to_use/GentUnivBib/MargeritaPhilisophica_BHSL-HS-0007/GentUnivBib_-_BHSL-HS-0007_00065.jpg
         ...
mv: cannot move 'BHSL-HS-0007_2014_0065_AC.jpg' to '/cygdrive/c/David/FHTW-2025-All_-_move_2024_get_new/new_final_jpeg_to_use/GentUnivBib/MargeritaPhilisophica_BHSL-HS-0007/GentUnivBib_-_BHSL-HS-0007_00065.jpg': No such file or directory
             ... FAILURE

  Moving
BHSL-HS-0007_2014_0066_AC.jpg
  TO
/cygdrive/c/David/FHTW-2025-All_-_move_2024_get_new/new_final_jpeg_to_use/GentUnivBib/MargeritaPhilisophica_BHSL-HS-0007/GentUnivBib_-_BHSL-HS-0007_00066.jpg
         ...
mv: cannot move 'BHSL-HS-0007_2014_0066_AC.jpg' to '/cygdrive/c/David/FHTW-2025-All_-_move_2024_get_new/new_final_jpeg_to_use/GentUnivBib/MargeritaPhilisophica_BHSL-HS-0007/GentUnivBib_-_BHSL-HS-0007_00066.jpg': No such file or directory
             ... FAILURE

  Moving
BHSL-HS-0007_2014_0067_AC.jpg
  TO
/cygdrive/c/David/FHTW-2025-All_-_move_2024_get_new/new_final_jpeg_to_use/GentUnivBib/MargeritaPhilisophica_BHSL-HS-0007/GentUnivBib_-_BHSL-HS-0007_00067.jpg
         ...
mv: cannot move 'BHSL-HS-0007_2014_0067_AC.jpg' to '/cygdrive/c/David/FHTW-2025-All_-_move_2024_get_new/new_final_jpeg_to_use/GentUnivBib/MargeritaPhilisophica_BHSL-HS-0007/GentUnivBib_-_BHSL-HS-0007_00067.jpg': No such file or directory
             ... FAILURE

  Moving
BHSL-HS-0007_2014_0068_AC.jpg
  TO
/cygdrive/c/David/FHTW-2025-All_-_move_2024_get_new/new_final_jpeg_to_use/GentUnivBib/MargeritaPhilisophica_BHSL-HS-0007/GentUnivBib_-_BHSL-HS-0007_00068.jpg
         ...
mv: cannot move 'BHSL-HS-0007_2014_0068_AC.jpg' to '/cygdrive/c/David/FHTW-2025-All_-_move_2024_get_new/new_final_jpeg_to_use/GentUnivBib/MargeritaPhilisophica_BHSL-HS-0007/GentUnivBib_-_BHSL-HS-0007_00068.jpg': No such file or directory
             ... FAILURE

  Moving
BHSL-HS-0007_2014_0069_AC.jpg
  TO
/cygdrive/c/David/FHTW-2025-All_-_move_2024_get_new/new_final_jpeg_to_use/GentUnivBib/MargeritaPhilisophica_BHSL-HS-0007/GentUnivBib_-_BHSL-HS-0007_00069.jpg
         ...
mv: cannot move 'BHSL-HS-0007_2014_0069_AC.jpg' to '/cygdrive/c/David/FHTW-2025-All_-_move_2024_get_new/new_final_jpeg_to_use/GentUnivBib/MargeritaPhilisophica_BHSL-HS-0007/GentUnivBib_-_BHSL-HS-0007_00069.jpg': No such file or directory
             ... FAILURE

  Moving
BHSL-HS-0007_2014_0070_AC.jpg
  TO
/cygdrive/c/David/FHTW-2025-All_-_move_2024_get_new/new_final_jpeg_to_use/GentUnivBib/MargeritaPhilisophica_BHSL-HS-0007/GentUnivBib_-_BHSL-HS-0007_00070.jpg
         ...
mv: cannot move 'BHSL-HS-0007_2014_0070_AC.jpg' to '/cygdrive/c/David/FHTW-2025-All_-_move_2024_get_new/new_final_jpeg_to_use/GentUnivBib/MargeritaPhilisophica_BHSL-HS-0007/GentUnivBib_-_BHSL-HS-0007_00070.jpg': No such file or directory
             ... FAILURE

  Moving
BHSL-HS-0007_2014_0071_AC.jpg
  TO
/cygdrive/c/David/FHTW-2025-All_-_move_2024_get_new/new_final_jpeg_to_use/GentUnivBib/MargeritaPhilisophica_BHSL-HS-0007/GentUnivBib_-_BHSL-HS-0007_00071.jpg
         ...
mv: cannot move 'BHSL-HS-0007_2014_0071_AC.jpg' to '/cygdrive/c/David/FHTW-2025-All_-_move_2024_get_new/new_final_jpeg_to_use/GentUnivBib/MargeritaPhilisophica_BHSL-HS-0007/GentUnivBib_-_BHSL-HS-0007_00071.jpg': No such file or directory
             ... FAILURE

  Moving
BHSL-HS-0007_2014_0072_AC.jpg
  TO
/cygdrive/c/David/FHTW-2025-All_-_move_2024_get_new/new_final_jpeg_to_use/GentUnivBib/MargeritaPhilisophica_BHSL-HS-0007/GentUnivBib_-_BHSL-HS-0007_00072.jpg
         ...
mv: cannot move 'BHSL-HS-0007_2014_0072_AC.jpg' to '/cygdrive/c/David/FHTW-2025-All_-_move_2024_get_new/new_final_jpeg_to_use/GentUnivBib/MargeritaPhilisophica_BHSL-HS-0007/GentUnivBib_-_BHSL-HS-0007_00072.jpg': No such file or directory
             ... FAILURE

  Moving
BHSL-HS-0007_2014_0073_AC.jpg
  TO
/cygdrive/c/David/FHTW-2025-All_-_move_2024_get_new/new_final_jpeg_to_use/GentUnivBib/MargeritaPhilisophica_BHSL-HS-0007/GentUnivBib_-_BHSL-HS-0007_00073.jpg
         ...
mv: cannot move 'BHSL-HS-0007_2014_0073_AC.jpg' to '/cygdrive/c/David/FHTW-2025-All_-_move_2024_get_new/new_final_jpeg_to_use/GentUnivBib/MargeritaPhilisophica_BHSL-HS-0007/GentUnivBib_-_BHSL-HS-0007_00073.jpg': No such file or directory
             ... FAILURE

  Moving
BHSL-HS-0007_2014_0074_AC.jpg
  TO
/cygdrive/c/David/FHTW-2025-All_-_move_2024_get_new/new_final_jpeg_to_use/GentUnivBib/MargeritaPhilisophica_BHSL-HS-0007/GentUnivBib_-_BHSL-HS-0007_00074.jpg
         ...
mv: cannot move 'BHSL-HS-0007_2014_0074_AC.jpg' to '/cygdrive/c/David/FHTW-2025-All_-_move_2024_get_new/new_final_jpeg_to_use/GentUnivBib/MargeritaPhilisophica_BHSL-HS-0007/GentUnivBib_-_BHSL-HS-0007_00074.jpg': No such file or directory
             ... FAILURE

  Moving
BHSL-HS-0007_2014_0075_AC.jpg
  TO
/cygdrive/c/David/FHTW-2025-All_-_move_2024_get_new/new_final_jpeg_to_use/GentUnivBib/MargeritaPhilisophica_BHSL-HS-0007/GentUnivBib_-_BHSL-HS-0007_00075.jpg
         ...
mv: cannot move 'BHSL-HS-0007_2014_0075_AC.jpg' to '/cygdrive/c/David/FHTW-2025-All_-_move_2024_get_new/new_final_jpeg_to_use/GentUnivBib/MargeritaPhilisophica_BHSL-HS-0007/GentUnivBib_-_BHSL-HS-0007_00075.jpg': No such file or directory
             ... FAILURE

  Moving
BHSL-HS-0007_2014_0076_AC.jpg
  TO
/cygdrive/c/David/FHTW-2025-All_-_move_2024_get_new/new_final_jpeg_to_use/GentUnivBib/MargeritaPhilisophica_BHSL-HS-0007/GentUnivBib_-_BHSL-HS-0007_00076.jpg
         ...
mv: cannot move 'BHSL-HS-0007_2014_0076_AC.jpg' to '/cygdrive/c/David/FHTW-2025-All_-_move_2024_get_new/new_final_jpeg_to_use/GentUnivBib/MargeritaPhilisophica_BHSL-HS-0007/GentUnivBib_-_BHSL-HS-0007_00076.jpg': No such file or directory
             ... FAILURE

  Moving
BHSL-HS-0007_2014_0077_AC.jpg
  TO
/cygdrive/c/David/FHTW-2025-All_-_move_2024_get_new/new_final_jpeg_to_use/GentUnivBib/MargeritaPhilisophica_BHSL-HS-0007/GentUnivBib_-_BHSL-HS-0007_00077.jpg
         ...
mv: cannot move 'BHSL-HS-0007_2014_0077_AC.jpg' to '/cygdrive/c/David/FHTW-2025-All_-_move_2024_get_new/new_final_jpeg_to_use/GentUnivBib/MargeritaPhilisophica_BHSL-HS-0007/GentUnivBib_-_BHSL-HS-0007_00077.jpg': No such file or directory
             ... FAILURE

  Moving
BHSL-HS-0007_2014_0078_AC.jpg
  TO
/cygdrive/c/David/FHTW-2025-All_-_move_2024_get_new/new_final_jpeg_to_use/GentUnivBib/MargeritaPhilisophica_BHSL-HS-0007/GentUnivBib_-_BHSL-HS-0007_00078.jpg
         ...
mv: cannot move 'BHSL-HS-0007_2014_0078_AC.jpg' to '/cygdrive/c/David/FHTW-2025-All_-_move_2024_get_new/new_final_jpeg_to_use/GentUnivBib/MargeritaPhilisophica_BHSL-HS-0007/GentUnivBib_-_BHSL-HS-0007_00078.jpg': No such file or directory
             ... FAILURE

  Moving
BHSL-HS-0007_2014_0079_AC.jpg
  TO
/cygdrive/c/David/FHTW-2025-All_-_move_2024_get_new/new_final_jpeg_to_use/GentUnivBib/MargeritaPhilisophica_BHSL-HS-0007/GentUnivBib_-_BHSL-HS-0007_00079.jpg
         ...
mv: cannot move 'BHSL-HS-0007_2014_0079_AC.jpg' to '/cygdrive/c/David/FHTW-2025-All_-_move_2024_get_new/new_final_jpeg_to_use/GentUnivBib/MargeritaPhilisophica_BHSL-HS-0007/GentUnivBib_-_BHSL-HS-0007_00079.jpg': No such file or directory
             ... FAILURE

  Moving
BHSL-HS-0007_2014_0080_AC.jpg


Anast@DESKTOP-O7KM5A5 /cygdrive/c/Users/Anast/Desktop/from_dt_2024-07-02/desktop_2024-06-10-to-13_morning/big_ones_to_move/GentUnivBib_-_MargeritaPhilisophica_BHSL-HS-0007_-_jpegs
$ ^C

Anast@DESKTOP-O7KM5A5 /cygdrive/c/Users/Anast/Desktop/from_dt_2024-07-02/desktop_2024-06-10-to-13_morning/big_ones_to_move/GentUnivBib_-_MargeritaPhilisophica_BHSL-HS-0007_-_jpegs
$ ^C

Anast@DESKTOP-O7KM5A5 /cygdrive/c/Users/Anast/Desktop/from_dt_2024-07-02/desktop_2024-06-10-to-13_morning/big_ones_to_move/GentUnivBib_-_MargeritaPhilisophica_BHSL-HS-0007_-_jpegs
$ find . -type f -iname "*.jpg" -print0 | xargs -I'{}' -0 bash -c 'orig="{}"; dest_path="/cygdrive/c/David/FHTW-2025-All_-_move_2024_get_new/new_final_jpeg_to_use/GentUnivBib_-_MargeritaPhilisophica_BHSL-HS-0007/"; orig_fname=$(echo "${orig}" | sed '"'"'s#^[.][/]##g'"'"';); echo; echo "  Moving"; echo "${orig_fname}"; new_fname_base=$(echo "${orig_fname}" | awk -F'"'"'_'"'"' '"'"'{print "GentUnivBib_-_" $1 "_0" $3 ".jpg"}'"'"'); echo "  TO"; new_fpath=${dest_path}${new_fname_base}; echo "${new_fpath}"; echo "         ..."; mv "${orig_fname}" "${new_fpath}" && echo "             ... success" || echo "             ... FAILURE";' | tee ../moving_bhsl-hs-0007_$(date +'%s_%Y-%m-%dT%H%M%S%z').log 2>&1

  Moving
BHSL-HS-0007_2014_0001_AC.jpg
  TO
/cygdrive/c/David/FHTW-2025-All_-_move_2024_get_new/new_final_jpeg_to_use/GentUnivBib_-_MargeritaPhilisophica_BHSL-HS-0007/GentUnivBib_-_BHSL-HS-0007_00001.jpg
         ...
mv: cannot move 'BHSL-HS-0007_2014_0001_AC.jpg' to '/cygdrive/c/David/FHTW-2025-All_-_move_2024_get_new/new_final_jpeg_to_use/GentUnivBib_-_MargeritaPhilisophica_BHSL-HS-0007/GentUnivBib_-_BHSL-HS-0007_00001.jpg': No such file or directory
             ... FAILURE

  Moving
BHSL-HS-0007_2014_0002_AC.jpg
  TO
/cygdrive/c/David/FHTW-2025-All_-_move_2024_get_new/new_final_jpeg_to_use/GentUnivBib_-_MargeritaPhilisophica_BHSL-HS-0007/GentUnivBib_-_BHSL-HS-0007_00002.jpg
         ...
mv: cannot move 'BHSL-HS-0007_2014_0002_AC.jpg' to '/cygdrive/c/David/FHTW-2025-All_-_move_2024_get_new/new_final_jpeg_to_use/GentUnivBib_-_MargeritaPhilisophica_BHSL-HS-0007/GentUnivBib_-_BHSL-HS-0007_00002.jpg': No such file or directory
             ... FAILURE

  Moving
BHSL-HS-0007_2014_0003_AC.jpg
  TO
/cygdrive/c/David/FHTW-2025-All_-_move_2024_get_new/new_final_jpeg_to_use/GentUnivBib_-_MargeritaPhilisophica_BHSL-HS-0007/GentUnivBib_-_BHSL-HS-0007_00003.jpg
         ...
mv: cannot move 'BHSL-HS-0007_2014_0003_AC.jpg' to '/cygdrive/c/David/FHTW-2025-All_-_move_2024_get_new/new_final_jpeg_to_use/GentUnivBib_-_MargeritaPhilisophica_BHSL-HS-0007/GentUnivBib_-_BHSL-HS-0007_00003.jpg': No such file or directory
             ... FAILURE

  Moving
BHSL-HS-0007_2014_0004_AC.jpg
  TO
/cygdrive/c/David/FHTW-2025-All_-_move_2024_get_new/new_final_jpeg_to_use/GentUnivBib_-_MargeritaPhilisophica_BHSL-HS-0007/GentUnivBib_-_BHSL-HS-0007_00004.jpg
         ...
mv: cannot move 'BHSL-HS-0007_2014_0004_AC.jpg' to '/cygdrive/c/David/FHTW-2025-All_-_move_2024_get_new/new_final_jpeg_to_use/GentUnivBib_-_MargeritaPhilisophica_BHSL-HS-0007/GentUnivBib_-_BHSL-HS-0007_00004.jpg': No such file or directory
             ... FAILURE

  Moving
BHSL-HS-0007_2014_0005_AC.jpg
  TO
/cygdrive/c/David/FHTW-2025-All_-_move_2024_get_new/new_final_jpeg_to_use/GentUnivBib_-_MargeritaPhilisophica_BHSL-HS-0007/GentUnivBib_-_BHSL-HS-0007_00005.jpg
         ...
mv: cannot move 'BHSL-HS-0007_2014_0005_AC.jpg' to '/cygdrive/c/David/FHTW-2025-All_-_move_2024_get_new/new_final_jpeg_to_use/GentUnivBib_-_MargeritaPhilisophica_BHSL-HS-0007/GentUnivBib_-_BHSL-HS-0007_00005.jpg': No such file or directory
             ... FAILURE

  Moving
BHSL-HS-0007_2014_0006_AC.jpg
  TO
/cygdrive/c/David/FHTW-2025-All_-_move_2024_get_new/new_final_jpeg_to_use/GentUnivBib_-_MargeritaPhilisophica_BHSL-HS-0007/GentUnivBib_-_BHSL-HS-0007_00006.jpg
         ...
mv: cannot move 'BHSL-HS-0007_2014_0006_AC.jpg' to '/cygdrive/c/David/FHTW-2025-All_-_move_2024_get_new/new_final_jpeg_to_use/GentUnivBib_-_MargeritaPhilisophica_BHSL-HS-0007/GentUnivBib_-_BHSL-HS-0007_00006.jpg': No such file or directory
             ... FAILURE

  Moving
BHSL-HS-0007_2014_0007_AC.jpg
  TO
/cygdrive/c/David/FHTW-2025-All_-_move_2024_get_new/new_final_jpeg_to_use/GentUnivBib_-_MargeritaPhilisophica_BHSL-HS-0007/GentUnivBib_-_BHSL-HS-0007_00007.jpg
         ...
mv: cannot move 'BHSL-HS-0007_2014_0007_AC.jpg' to '/cygdrive/c/David/FHTW-2025-All_-_move_2024_get_new/new_final_jpeg_to_use/GentUnivBib_-_MargeritaPhilisophica_BHSL-HS-0007/GentUnivBib_-_BHSL-HS-0007_00007.jpg': No such file or directory
             ... FAILURE

  Moving
BHSL-HS-0007_2014_0008_AC.jpg
  TO
/cygdrive/c/David/FHTW-2025-All_-_move_2024_get_new/new_final_jpeg_to_use/GentUnivBib_-_MargeritaPhilisophica_BHSL-HS-0007/GentUnivBib_-_BHSL-HS-0007_00008.jpg
         ...
mv: cannot move 'BHSL-HS-0007_2014_0008_AC.jpg' to '/cygdrive/c/David/FHTW-2025-All_-_move_2024_get_new/new_final_jpeg_to_use/GentUnivBib_-_MargeritaPhilisophica_BHSL-HS-0007/GentUnivBib_-_BHSL-HS-0007_00008.jpg': No such file or directory
             ... FAILURE

  Moving
BHSL-HS-0007_2014_0009_AC.jpg
  TO
/cygdrive/c/David/FHTW-2025-All_-_move_2024_get_new/new_final_jpeg_to_use/GentUnivBib_-_MargeritaPhilisophica_BHSL-HS-0007/GentUnivBib_-_BHSL-HS-0007_00009.jpg
         ...
mv: cannot move 'BHSL-HS-0007_2014_0009_AC.jpg' to '/cygdrive/c/David/FHTW-2025-All_-_move_2024_get_new/new_final_jpeg_to_use/GentUnivBib_-_MargeritaPhilisophica_BHSL-HS-0007/GentUnivBib_-_BHSL-HS-0007_00009.jpg': No such file or directory
             ... FAILURE

  Moving
BHSL-HS-0007_2014_0010_AC.jpg
  TO
/cygdrive/c/David/FHTW-2025-All_-_move_2024_get_new/new_final_jpeg_to_use/GentUnivBib_-_MargeritaPhilisophica_BHSL-HS-0007/GentUnivBib_-_BHSL-HS-0007_00010.jpg
         ...
mv: cannot move 'BHSL-HS-0007_2014_0010_AC.jpg' to '/cygdrive/c/David/FHTW-2025-All_-_move_2024_get_new/new_final_jpeg_to_use/GentUnivBib_-_MargeritaPhilisophica_BHSL-HS-0007/GentUnivBib_-_BHSL-HS-0007_00010.jpg': No such file or directory
             ... FAILURE

  Moving
BHSL-HS-0007_2014_0011_AC.jpg
  TO
/cygdrive/c/David/FHTW-2025-All_-_move_2024_get_new/new_final_jpeg_to_use/GentUnivBib_-_MargeritaPhilisophica_BHSL-HS-0007/GentUnivBib_-_BHSL-HS-0007_00011.jpg
         ...
mv: cannot move 'BHSL-HS-0007_2014_0011_AC.jpg' to '/cygdrive/c/David/FHTW-2025-All_-_move_2024_get_new/new_final_jpeg_to_use/GentUnivBib_-_MargeritaPhilisophica_BHSL-HS-0007/GentUnivBib_-_BHSL-HS-0007_00011.jpg': No such file or directory
             ... FAILURE

  Moving
BHSL-HS-0007_2014_0012_AC.jpg
  TO
/cygdrive/c/David/FHTW-2025-All_-_move_2024_get_new/new_final_jpeg_to_use/GentUnivBib_-_MargeritaPhilisophica_BHSL-HS-0007/GentUnivBib_-_BHSL-HS-0007_00012.jpg
         ...
mv: cannot move 'BHSL-HS-0007_2014_0012_AC.jpg' to '/cygdrive/c/David/FHTW-2025-All_-_move_2024_get_new/new_final_jpeg_to_use/GentUnivBib_-_MargeritaPhilisophica_BHSL-HS-0007/GentUnivBib_-_BHSL-HS-0007_00012.jpg': No such file or directory
             ... FAILURE

  Moving
BHSL-HS-0007_2014_0013_AC.jpg


Anast@DESKTOP-O7KM5A5 /cygdrive/c/Users/Anast/Desktop/from_dt_2024-07-02/desktop_2024-06-10-to-13_morning/big_ones_to_move/GentUnivBib_-_MargeritaPhilisophica_BHSL-HS-0007_-_jpegs
$ stat /cygdrive/c/David/FHTW-2025-All_-_move_2024_get_new/new_final_jpeg_to_use/GentUnivBib_-_MargeritaPhilisophica_BHSL-HS-0007/
stat: cannot stat '/cygdrive/c/David/FHTW-2025-All_-_move_2024_get_new/new_final_jpeg_to_use/GentUnivBib_-_MargeritaPhilisophica_BHSL-HS-0007/': No such file or directory

Anast@DESKTOP-O7KM5A5 /cygdrive/c/Users/Anast/Desktop/from_dt_2024-07-02/desktop_2024-06-10-to-13_morning/big_ones_to_move/GentUnivBib_-_MargeritaPhilisophica_BHSL-HS-0007_-_jpegs
$ stat /cygdrive/c/David/FHTW-2025-All_-_move_2024_get_new/new_final_jpeg_to_use/GentUnivBib/GentUnivBib_-_MargeritaPhilisophica_BHSL-HS-0007/
  File: /cygdrive/c/David/FHTW-2025-All_-_move_2024_get_new/new_final_jpeg_to_use/GentUnivBib/GentUnivBib_-_MargeritaPhilisophica_BHSL-HS-0007/
  Size: 0               Blocks: 0          IO Block: 65536  directory
Device: 34409,44143     Inode: 27021597764620623  Links: 1
Access: (0775/drwxrwxr-x)  Uid: (197609/   Anast)   Gid: (197609/   Anast)
Access: 2025-05-21 09:10:47.412168300 -0600
Modify: 2025-05-21 09:04:38.582314300 -0600
Change: 2025-05-21 09:04:38.582314300 -0600
 Birth: 2025-05-21 09:04:38.582314300 -0600

Anast@DESKTOP-O7KM5A5 /cygdrive/c/Users/Anast/Desktop/from_dt_2024-07-02/desktop_2024-06-10-to-13_morning/big_ones_to_move/GentUnivBib_-_MargeritaPhilisophica_BHSL-HS-0007_-_jpegs
$ find . -type f -iname "*.jpg" -print0 | xargs -I'{}' -0 bash -c 'orig="{}"; dest_path="/cygdrive/c/David/FHTW-2025-All_-_move_2024_get_new/new_final_jpeg_to_use/GentUnivBib/GentUnivBib_-_MargeritaPhilisophica_BHSL-HS-0007/"; orig_fname=$(echo "${orig}" | sed '"'"'s#^[.][/]##g'"'"';); echo; echo "  Moving"; echo "${orig_fname}"; new_fname_base=$(echo "${orig_fname}" | awk -F'"'"'_'"'"' '"'"'{print "GentUnivBib_-_" $1 "_0" $3 ".jpg"}'"'"'); echo "  TO"; new_fpath=${dest_path}${new_fname_base}; echo "${new_fpath}"; echo "         ..."; mv "${orig_fname}" "${new_fpath}" && echo "             ... success" || echo "             ... FAILURE";' | tee ../moving_bhsl-hs-0007_$(date +'%s_%Y-%m-%dT%H%M%S%z').log 2>&1

  Moving
BHSL-HS-0007_2014_0001_AC.jpg
  TO
/cygdrive/c/David/FHTW-2025-All_-_move_2024_get_new/new_final_jpeg_to_use/GentUnivBib/GentUnivBib_-_MargeritaPhilisophica_BHSL-HS-0007/GentUnivBib_-_BHSL-HS-0007_00001.jpg
         ...
             ... success

  Moving
BHSL-HS-0007_2014_0002_AC.jpg
  TO
/cygdrive/c/David/FHTW-2025-All_-_move_2024_get_new/new_final_jpeg_to_use/GentUnivBib/GentUnivBib_-_MargeritaPhilisophica_BHSL-HS-0007/GentUnivBib_-_BHSL-HS-0007_00002.jpg
         ...
             ... success

  Moving
BHSL-HS-0007_2014_0003_AC.jpg
  TO
/cygdrive/c/David/FHTW-2025-All_-_move_2024_get_new/new_final_jpeg_to_use/GentUnivBib/GentUnivBib_-_MargeritaPhilisophica_BHSL-HS-0007/GentUnivBib_-_BHSL-HS-0007_00003.jpg
         ...
             ... success

  Moving
BHSL-HS-0007_2014_0004_AC.jpg
  TO
/cygdrive/c/David/FHTW-2025-All_-_move_2024_get_new/new_final_jpeg_to_use/GentUnivBib/GentUnivBib_-_MargeritaPhilisophica_BHSL-HS-0007/GentUnivBib_-_BHSL-HS-0007_00004.jpg
         ...
             ... success

  Moving
BHSL-HS-0007_2014_0005_AC.jpg
  TO
/cygdrive/c/David/FHTW-2025-All_-_move_2024_get_new/new_final_jpeg_to_use/GentUnivBib/GentUnivBib_-_MargeritaPhilisophica_BHSL-HS-0007/GentUnivBib_-_BHSL-HS-0007_00005.jpg
         ...
             ... success

  Moving
BHSL-HS-0007_2014_0006_AC.jpg
  TO
/cygdrive/c/David/FHTW-2025-All_-_move_2024_get_new/new_final_jpeg_to_use/GentUnivBib/GentUnivBib_-_MargeritaPhilisophica_BHSL-HS-0007/GentUnivBib_-_BHSL-HS-0007_00006.jpg
         ...
             ... success

  Moving
BHSL-HS-0007_2014_0007_AC.jpg
  TO
/cygdrive/c/David/FHTW-2025-All_-_move_2024_get_new/new_final_jpeg_to_use/GentUnivBib/GentUnivBib_-_MargeritaPhilisophica_BHSL-HS-0007/GentUnivBib_-_BHSL-HS-0007_00007.jpg
         ...
             ... success

  Moving
BHSL-HS-0007_2014_0008_AC.jpg
  TO
/cygdrive/c/David/FHTW-2025-All_-_move_2024_get_new/new_final_jpeg_to_use/GentUnivBib/GentUnivBib_-_MargeritaPhilisophica_BHSL-HS-0007/GentUnivBib_-_BHSL-HS-0007_00008.jpg
         ...
             ... success

  Moving
BHSL-HS-0007_2014_0009_AC.jpg
  TO
/cygdrive/c/David/FHTW-2025-All_-_move_2024_get_new/new_final_jpeg_to_use/GentUnivBib/GentUnivBib_-_MargeritaPhilisophica_BHSL-HS-0007/GentUnivBib_-_BHSL-HS-0007_00009.jpg
         ...
             ... success

  Moving
BHSL-HS-0007_2014_0010_AC.jpg
  TO
/cygdrive/c/David/FHTW-2025-All_-_move_2024_get_new/new_final_jpeg_to_use/GentUnivBib/GentUnivBib_-_MargeritaPhilisophica_BHSL-HS-0007/GentUnivBib_-_BHSL-HS-0007_00010.jpg
         ...
             ... success

  Moving
BHSL-HS-0007_2014_0011_AC.jpg
  TO
/cygdrive/c/David/FHTW-2025-All_-_move_2024_get_new/new_final_jpeg_to_use/GentUnivBib/GentUnivBib_-_MargeritaPhilisophica_BHSL-HS-0007/GentUnivBib_-_BHSL-HS-0007_00011.jpg
         ...
             ... success

  Moving
BHSL-HS-0007_2014_0012_AC.jpg
  TO
/cygdrive/c/David/FHTW-2025-All_-_move_2024_get_new/new_final_jpeg_to_use/GentUnivBib/GentUnivBib_-_MargeritaPhilisophica_BHSL-HS-0007/GentUnivBib_-_BHSL-HS-0007_00012.jpg
         ...
             ... success

  Moving
BHSL-HS-0007_2014_0013_AC.jpg
  TO
/cygdrive/c/David/FHTW-2025-All_-_move_2024_get_new/new_final_jpeg_to_use/GentUnivBib/GentUnivBib_-_MargeritaPhilisophica_BHSL-HS-0007/GentUnivBib_-_BHSL-HS-0007_00013.jpg
         ...
             ... success

  Moving
BHSL-HS-0007_2014_0014_AC.jpg
  TO
/cygdrive/c/David/FHTW-2025-All_-_move_2024_get_new/new_final_jpeg_to_use/GentUnivBib/GentUnivBib_-_MargeritaPhilisophica_BHSL-HS-0007/GentUnivBib_-_BHSL-HS-0007_00014.jpg
         ...
             ... success

  Moving
BHSL-HS-0007_2014_0015_AC.jpg
  TO
/cygdrive/c/David/FHTW-2025-All_-_move_2024_get_new/new_final_jpeg_to_use/GentUnivBib/GentUnivBib_-_MargeritaPhilisophica_BHSL-HS-0007/GentUnivBib_-_BHSL-HS-0007_00015.jpg
         ...
             ... success

  Moving
BHSL-HS-0007_2014_0016_AC.jpg
  TO
/cygdrive/c/David/FHTW-2025-All_-_move_2024_get_new/new_final_jpeg_to_use/GentUnivBib/GentUnivBib_-_MargeritaPhilisophica_BHSL-HS-0007/GentUnivBib_-_BHSL-HS-0007_00016.jpg
         ...
             ... success

  Moving
BHSL-HS-0007_2014_0017_AC.jpg
  TO
/cygdrive/c/David/FHTW-2025-All_-_move_2024_get_new/new_final_jpeg_to_use/GentUnivBib/GentUnivBib_-_MargeritaPhilisophica_BHSL-HS-0007/GentUnivBib_-_BHSL-HS-0007_00017.jpg
         ...
             ... success

  Moving
BHSL-HS-0007_2014_0018_AC.jpg
  TO
/cygdrive/c/David/FHTW-2025-All_-_move_2024_get_new/new_final_jpeg_to_use/GentUnivBib/GentUnivBib_-_MargeritaPhilisophica_BHSL-HS-0007/GentUnivBib_-_BHSL-HS-0007_00018.jpg
         ...
             ... success

  Moving
BHSL-HS-0007_2014_0019_AC.jpg
  TO
/cygdrive/c/David/FHTW-2025-All_-_move_2024_get_new/new_final_jpeg_to_use/GentUnivBib/GentUnivBib_-_MargeritaPhilisophica_BHSL-HS-0007/GentUnivBib_-_BHSL-HS-0007_00019.jpg
         ...
             ... success

  Moving
BHSL-HS-0007_2014_0020_AC.jpg
  TO
/cygdrive/c/David/FHTW-2025-All_-_move_2024_get_new/new_final_jpeg_to_use/GentUnivBib/GentUnivBib_-_MargeritaPhilisophica_BHSL-HS-0007/GentUnivBib_-_BHSL-HS-0007_00020.jpg
         ...
             ... success

  Moving
BHSL-HS-0007_2014_0021_AC.jpg
  TO
/cygdrive/c/David/FHTW-2025-All_-_move_2024_get_new/new_final_jpeg_to_use/GentUnivBib/GentUnivBib_-_MargeritaPhilisophica_BHSL-HS-0007/GentUnivBib_-_BHSL-HS-0007_00021.jpg
         ...
             ... success

  Moving
BHSL-HS-0007_2014_0022_AC.jpg
  TO
/cygdrive/c/David/FHTW-2025-All_-_move_2024_get_new/new_final_jpeg_to_use/GentUnivBib/GentUnivBib_-_MargeritaPhilisophica_BHSL-HS-0007/GentUnivBib_-_BHSL-HS-0007_00022.jpg
         ...
             ... success

  Moving
BHSL-HS-0007_2014_0023_AC.jpg
  TO
/cygdrive/c/David/FHTW-2025-All_-_move_2024_get_new/new_final_jpeg_to_use/GentUnivBib/GentUnivBib_-_MargeritaPhilisophica_BHSL-HS-0007/GentUnivBib_-_BHSL-HS-0007_00023.jpg
         ...
             ... success

  Moving
BHSL-HS-0007_2014_0024_AC.jpg
  TO
/cygdrive/c/David/FHTW-2025-All_-_move_2024_get_new/new_final_jpeg_to_use/GentUnivBib/GentUnivBib_-_MargeritaPhilisophica_BHSL-HS-0007/GentUnivBib_-_BHSL-HS-0007_00024.jpg
         ...
             ... success

  Moving
BHSL-HS-0007_2014_0025_AC.jpg
  TO
/cygdrive/c/David/FHTW-2025-All_-_move_2024_get_new/new_final_jpeg_to_use/GentUnivBib/GentUnivBib_-_MargeritaPhilisophica_BHSL-HS-0007/GentUnivBib_-_BHSL-HS-0007_00025.jpg
         ...
             ... success

  Moving
BHSL-HS-0007_2014_0026_AC.jpg
  TO
/cygdrive/c/David/FHTW-2025-All_-_move_2024_get_new/new_final_jpeg_to_use/GentUnivBib/GentUnivBib_-_MargeritaPhilisophica_BHSL-HS-0007/GentUnivBib_-_BHSL-HS-0007_00026.jpg
         ...
             ... success

  Moving
BHSL-HS-0007_2014_0027_AC.jpg
  TO
/cygdrive/c/David/FHTW-2025-All_-_move_2024_get_new/new_final_jpeg_to_use/GentUnivBib/GentUnivBib_-_MargeritaPhilisophica_BHSL-HS-0007/GentUnivBib_-_BHSL-HS-0007_00027.jpg
         ...
             ... success

  Moving
BHSL-HS-0007_2014_0028_AC.jpg
  TO
/cygdrive/c/David/FHTW-2025-All_-_move_2024_get_new/new_final_jpeg_to_use/GentUnivBib/GentUnivBib_-_MargeritaPhilisophica_BHSL-HS-0007/GentUnivBib_-_BHSL-HS-0007_00028.jpg
         ...
             ... success

  Moving
BHSL-HS-0007_2014_0029_AC.jpg
  TO
/cygdrive/c/David/FHTW-2025-All_-_move_2024_get_new/new_final_jpeg_to_use/GentUnivBib/GentUnivBib_-_MargeritaPhilisophica_BHSL-HS-0007/GentUnivBib_-_BHSL-HS-0007_00029.jpg
         ...
             ... success

  Moving
BHSL-HS-0007_2014_0030_AC.jpg
  TO
/cygdrive/c/David/FHTW-2025-All_-_move_2024_get_new/new_final_jpeg_to_use/GentUnivBib/GentUnivBib_-_MargeritaPhilisophica_BHSL-HS-0007/GentUnivBib_-_BHSL-HS-0007_00030.jpg
         ...
             ... success

  Moving
BHSL-HS-0007_2014_0031_AC.jpg
  TO
/cygdrive/c/David/FHTW-2025-All_-_move_2024_get_new/new_final_jpeg_to_use/GentUnivBib/GentUnivBib_-_MargeritaPhilisophica_BHSL-HS-0007/GentUnivBib_-_BHSL-HS-0007_00031.jpg
         ...
             ... success

  Moving
BHSL-HS-0007_2014_0032_AC.jpg
  TO
/cygdrive/c/David/FHTW-2025-All_-_move_2024_get_new/new_final_jpeg_to_use/GentUnivBib/GentUnivBib_-_MargeritaPhilisophica_BHSL-HS-0007/GentUnivBib_-_BHSL-HS-0007_00032.jpg
         ...
             ... success

  Moving
BHSL-HS-0007_2014_0033_AC.jpg
  TO
/cygdrive/c/David/FHTW-2025-All_-_move_2024_get_new/new_final_jpeg_to_use/GentUnivBib/GentUnivBib_-_MargeritaPhilisophica_BHSL-HS-0007/GentUnivBib_-_BHSL-HS-0007_00033.jpg
         ...
             ... success

  Moving
BHSL-HS-0007_2014_0034_AC.jpg
  TO
/cygdrive/c/David/FHTW-2025-All_-_move_2024_get_new/new_final_jpeg_to_use/GentUnivBib/GentUnivBib_-_MargeritaPhilisophica_BHSL-HS-0007/GentUnivBib_-_BHSL-HS-0007_00034.jpg
         ...
             ... success

  Moving
BHSL-HS-0007_2014_0035_AC.jpg
  TO
/cygdrive/c/David/FHTW-2025-All_-_move_2024_get_new/new_final_jpeg_to_use/GentUnivBib/GentUnivBib_-_MargeritaPhilisophica_BHSL-HS-0007/GentUnivBib_-_BHSL-HS-0007_00035.jpg
         ...
             ... success

  Moving
BHSL-HS-0007_2014_0036_AC.jpg
  TO
/cygdrive/c/David/FHTW-2025-All_-_move_2024_get_new/new_final_jpeg_to_use/GentUnivBib/GentUnivBib_-_MargeritaPhilisophica_BHSL-HS-0007/GentUnivBib_-_BHSL-HS-0007_00036.jpg
         ...
             ... success

  Moving
BHSL-HS-0007_2014_0037_AC.jpg
  TO
/cygdrive/c/David/FHTW-2025-All_-_move_2024_get_new/new_final_jpeg_to_use/GentUnivBib/GentUnivBib_-_MargeritaPhilisophica_BHSL-HS-0007/GentUnivBib_-_BHSL-HS-0007_00037.jpg
         ...
             ... success

  Moving
BHSL-HS-0007_2014_0038_AC.jpg
  TO
/cygdrive/c/David/FHTW-2025-All_-_move_2024_get_new/new_final_jpeg_to_use/GentUnivBib/GentUnivBib_-_MargeritaPhilisophica_BHSL-HS-0007/GentUnivBib_-_BHSL-HS-0007_00038.jpg
         ...
             ... success

  Moving
BHSL-HS-0007_2014_0039_AC.jpg
  TO
/cygdrive/c/David/FHTW-2025-All_-_move_2024_get_new/new_final_jpeg_to_use/GentUnivBib/GentUnivBib_-_MargeritaPhilisophica_BHSL-HS-0007/GentUnivBib_-_BHSL-HS-0007_00039.jpg
         ...
             ... success

  Moving
BHSL-HS-0007_2014_0040_AC.jpg
  TO
/cygdrive/c/David/FHTW-2025-All_-_move_2024_get_new/new_final_jpeg_to_use/GentUnivBib/GentUnivBib_-_MargeritaPhilisophica_BHSL-HS-0007/GentUnivBib_-_BHSL-HS-0007_00040.jpg
         ...
             ... success

  Moving
BHSL-HS-0007_2014_0041_AC.jpg
  TO
/cygdrive/c/David/FHTW-2025-All_-_move_2024_get_new/new_final_jpeg_to_use/GentUnivBib/GentUnivBib_-_MargeritaPhilisophica_BHSL-HS-0007/GentUnivBib_-_BHSL-HS-0007_00041.jpg
         ...
             ... success

  Moving
BHSL-HS-0007_2014_0042_AC.jpg
  TO
/cygdrive/c/David/FHTW-2025-All_-_move_2024_get_new/new_final_jpeg_to_use/GentUnivBib/GentUnivBib_-_MargeritaPhilisophica_BHSL-HS-0007/GentUnivBib_-_BHSL-HS-0007_00042.jpg
         ...
             ... success

  Moving
BHSL-HS-0007_2014_0043_AC.jpg
  TO
/cygdrive/c/David/FHTW-2025-All_-_move_2024_get_new/new_final_jpeg_to_use/GentUnivBib/GentUnivBib_-_MargeritaPhilisophica_BHSL-HS-0007/GentUnivBib_-_BHSL-HS-0007_00043.jpg
         ...
             ... success

  Moving
BHSL-HS-0007_2014_0044_AC.jpg
  TO
/cygdrive/c/David/FHTW-2025-All_-_move_2024_get_new/new_final_jpeg_to_use/GentUnivBib/GentUnivBib_-_MargeritaPhilisophica_BHSL-HS-0007/GentUnivBib_-_BHSL-HS-0007_00044.jpg
         ...
             ... success

  Moving
BHSL-HS-0007_2014_0045_AC.jpg
  TO
/cygdrive/c/David/FHTW-2025-All_-_move_2024_get_new/new_final_jpeg_to_use/GentUnivBib/GentUnivBib_-_MargeritaPhilisophica_BHSL-HS-0007/GentUnivBib_-_BHSL-HS-0007_00045.jpg
         ...
             ... success

  Moving
BHSL-HS-0007_2014_0046_AC.jpg
  TO
/cygdrive/c/David/FHTW-2025-All_-_move_2024_get_new/new_final_jpeg_to_use/GentUnivBib/GentUnivBib_-_MargeritaPhilisophica_BHSL-HS-0007/GentUnivBib_-_BHSL-HS-0007_00046.jpg
         ...
             ... success

  Moving
BHSL-HS-0007_2014_0047_AC.jpg
  TO
/cygdrive/c/David/FHTW-2025-All_-_move_2024_get_new/new_final_jpeg_to_use/GentUnivBib/GentUnivBib_-_MargeritaPhilisophica_BHSL-HS-0007/GentUnivBib_-_BHSL-HS-0007_00047.jpg
         ...
             ... success

  Moving
BHSL-HS-0007_2014_0048_AC.jpg
  TO
/cygdrive/c/David/FHTW-2025-All_-_move_2024_get_new/new_final_jpeg_to_use/GentUnivBib/GentUnivBib_-_MargeritaPhilisophica_BHSL-HS-0007/GentUnivBib_-_BHSL-HS-0007_00048.jpg
         ...
             ... success

  Moving
BHSL-HS-0007_2014_0049_AC.jpg
  TO
/cygdrive/c/David/FHTW-2025-All_-_move_2024_get_new/new_final_jpeg_to_use/GentUnivBib/GentUnivBib_-_MargeritaPhilisophica_BHSL-HS-0007/GentUnivBib_-_BHSL-HS-0007_00049.jpg
         ...
             ... success

  Moving
BHSL-HS-0007_2014_0050_AC.jpg
  TO
/cygdrive/c/David/FHTW-2025-All_-_move_2024_get_new/new_final_jpeg_to_use/GentUnivBib/GentUnivBib_-_MargeritaPhilisophica_BHSL-HS-0007/GentUnivBib_-_BHSL-HS-0007_00050.jpg
         ...
             ... success

  Moving
BHSL-HS-0007_2014_0051_AC.jpg
  TO
/cygdrive/c/David/FHTW-2025-All_-_move_2024_get_new/new_final_jpeg_to_use/GentUnivBib/GentUnivBib_-_MargeritaPhilisophica_BHSL-HS-0007/GentUnivBib_-_BHSL-HS-0007_00051.jpg
         ...
             ... success

  Moving
BHSL-HS-0007_2014_0052_AC.jpg
  TO
/cygdrive/c/David/FHTW-2025-All_-_move_2024_get_new/new_final_jpeg_to_use/GentUnivBib/GentUnivBib_-_MargeritaPhilisophica_BHSL-HS-0007/GentUnivBib_-_BHSL-HS-0007_00052.jpg
         ...
             ... success

  Moving
BHSL-HS-0007_2014_0053_AC.jpg
  TO
/cygdrive/c/David/FHTW-2025-All_-_move_2024_get_new/new_final_jpeg_to_use/GentUnivBib/GentUnivBib_-_MargeritaPhilisophica_BHSL-HS-0007/GentUnivBib_-_BHSL-HS-0007_00053.jpg
         ...
             ... success

  Moving
BHSL-HS-0007_2014_0054_AC.jpg
  TO
/cygdrive/c/David/FHTW-2025-All_-_move_2024_get_new/new_final_jpeg_to_use/GentUnivBib/GentUnivBib_-_MargeritaPhilisophica_BHSL-HS-0007/GentUnivBib_-_BHSL-HS-0007_00054.jpg
         ...
             ... success

  Moving
BHSL-HS-0007_2014_0055_AC.jpg
  TO
/cygdrive/c/David/FHTW-2025-All_-_move_2024_get_new/new_final_jpeg_to_use/GentUnivBib/GentUnivBib_-_MargeritaPhilisophica_BHSL-HS-0007/GentUnivBib_-_BHSL-HS-0007_00055.jpg
         ...
             ... success

  Moving
BHSL-HS-0007_2014_0056_AC.jpg
  TO
/cygdrive/c/David/FHTW-2025-All_-_move_2024_get_new/new_final_jpeg_to_use/GentUnivBib/GentUnivBib_-_MargeritaPhilisophica_BHSL-HS-0007/GentUnivBib_-_BHSL-HS-0007_00056.jpg
         ...
             ... success

  Moving
BHSL-HS-0007_2014_0057_AC.jpg
  TO
/cygdrive/c/David/FHTW-2025-All_-_move_2024_get_new/new_final_jpeg_to_use/GentUnivBib/GentUnivBib_-_MargeritaPhilisophica_BHSL-HS-0007/GentUnivBib_-_BHSL-HS-0007_00057.jpg
         ...
             ... success

  Moving
BHSL-HS-0007_2014_0058_AC.jpg
  TO
/cygdrive/c/David/FHTW-2025-All_-_move_2024_get_new/new_final_jpeg_to_use/GentUnivBib/GentUnivBib_-_MargeritaPhilisophica_BHSL-HS-0007/GentUnivBib_-_BHSL-HS-0007_00058.jpg
         ...
             ... success

  Moving
BHSL-HS-0007_2014_0059_AC.jpg
  TO
/cygdrive/c/David/FHTW-2025-All_-_move_2024_get_new/new_final_jpeg_to_use/GentUnivBib/GentUnivBib_-_MargeritaPhilisophica_BHSL-HS-0007/GentUnivBib_-_BHSL-HS-0007_00059.jpg
         ...
             ... success

  Moving
BHSL-HS-0007_2014_0060_AC.jpg
  TO
/cygdrive/c/David/FHTW-2025-All_-_move_2024_get_new/new_final_jpeg_to_use/GentUnivBib/GentUnivBib_-_MargeritaPhilisophica_BHSL-HS-0007/GentUnivBib_-_BHSL-HS-0007_00060.jpg
         ...
             ... success

  Moving
BHSL-HS-0007_2014_0061_AC.jpg
  TO
/cygdrive/c/David/FHTW-2025-All_-_move_2024_get_new/new_final_jpeg_to_use/GentUnivBib/GentUnivBib_-_MargeritaPhilisophica_BHSL-HS-0007/GentUnivBib_-_BHSL-HS-0007_00061.jpg
         ...
             ... success

  Moving
BHSL-HS-0007_2014_0062_AC.jpg
  TO
/cygdrive/c/David/FHTW-2025-All_-_move_2024_get_new/new_final_jpeg_to_use/GentUnivBib/GentUnivBib_-_MargeritaPhilisophica_BHSL-HS-0007/GentUnivBib_-_BHSL-HS-0007_00062.jpg
         ...
             ... success

  Moving
BHSL-HS-0007_2014_0063_AC.jpg
  TO
/cygdrive/c/David/FHTW-2025-All_-_move_2024_get_new/new_final_jpeg_to_use/GentUnivBib/GentUnivBib_-_MargeritaPhilisophica_BHSL-HS-0007/GentUnivBib_-_BHSL-HS-0007_00063.jpg
         ...
             ... success

  Moving
BHSL-HS-0007_2014_0064_AC.jpg
  TO
/cygdrive/c/David/FHTW-2025-All_-_move_2024_get_new/new_final_jpeg_to_use/GentUnivBib/GentUnivBib_-_MargeritaPhilisophica_BHSL-HS-0007/GentUnivBib_-_BHSL-HS-0007_00064.jpg
         ...
             ... success

  Moving
BHSL-HS-0007_2014_0065_AC.jpg
  TO
/cygdrive/c/David/FHTW-2025-All_-_move_2024_get_new/new_final_jpeg_to_use/GentUnivBib/GentUnivBib_-_MargeritaPhilisophica_BHSL-HS-0007/GentUnivBib_-_BHSL-HS-0007_00065.jpg
         ...
             ... success

  Moving
BHSL-HS-0007_2014_0066_AC.jpg
  TO
/cygdrive/c/David/FHTW-2025-All_-_move_2024_get_new/new_final_jpeg_to_use/GentUnivBib/GentUnivBib_-_MargeritaPhilisophica_BHSL-HS-0007/GentUnivBib_-_BHSL-HS-0007_00066.jpg
         ...
             ... success

  Moving
BHSL-HS-0007_2014_0067_AC.jpg
  TO
/cygdrive/c/David/FHTW-2025-All_-_move_2024_get_new/new_final_jpeg_to_use/GentUnivBib/GentUnivBib_-_MargeritaPhilisophica_BHSL-HS-0007/GentUnivBib_-_BHSL-HS-0007_00067.jpg
         ...
             ... success

  Moving
BHSL-HS-0007_2014_0068_AC.jpg
  TO
/cygdrive/c/David/FHTW-2025-All_-_move_2024_get_new/new_final_jpeg_to_use/GentUnivBib/GentUnivBib_-_MargeritaPhilisophica_BHSL-HS-0007/GentUnivBib_-_BHSL-HS-0007_00068.jpg
         ...
             ... success

  Moving
BHSL-HS-0007_2014_0069_AC.jpg
  TO
/cygdrive/c/David/FHTW-2025-All_-_move_2024_get_new/new_final_jpeg_to_use/GentUnivBib/GentUnivBib_-_MargeritaPhilisophica_BHSL-HS-0007/GentUnivBib_-_BHSL-HS-0007_00069.jpg
         ...
             ... success

  Moving
BHSL-HS-0007_2014_0070_AC.jpg
  TO
/cygdrive/c/David/FHTW-2025-All_-_move_2024_get_new/new_final_jpeg_to_use/GentUnivBib/GentUnivBib_-_MargeritaPhilisophica_BHSL-HS-0007/GentUnivBib_-_BHSL-HS-0007_00070.jpg
         ...
             ... success

  Moving
BHSL-HS-0007_2014_0071_AC.jpg
  TO
/cygdrive/c/David/FHTW-2025-All_-_move_2024_get_new/new_final_jpeg_to_use/GentUnivBib/GentUnivBib_-_MargeritaPhilisophica_BHSL-HS-0007/GentUnivBib_-_BHSL-HS-0007_00071.jpg
         ...
             ... success

  Moving
BHSL-HS-0007_2014_0072_AC.jpg
  TO
/cygdrive/c/David/FHTW-2025-All_-_move_2024_get_new/new_final_jpeg_to_use/GentUnivBib/GentUnivBib_-_MargeritaPhilisophica_BHSL-HS-0007/GentUnivBib_-_BHSL-HS-0007_00072.jpg
         ...
             ... success

  Moving
BHSL-HS-0007_2014_0073_AC.jpg
  TO
/cygdrive/c/David/FHTW-2025-All_-_move_2024_get_new/new_final_jpeg_to_use/GentUnivBib/GentUnivBib_-_MargeritaPhilisophica_BHSL-HS-0007/GentUnivBib_-_BHSL-HS-0007_00073.jpg
         ...
             ... success

  Moving
BHSL-HS-0007_2014_0074_AC.jpg
  TO
/cygdrive/c/David/FHTW-2025-All_-_move_2024_get_new/new_final_jpeg_to_use/GentUnivBib/GentUnivBib_-_MargeritaPhilisophica_BHSL-HS-0007/GentUnivBib_-_BHSL-HS-0007_00074.jpg
         ...
             ... success

  Moving
BHSL-HS-0007_2014_0075_AC.jpg
  TO
/cygdrive/c/David/FHTW-2025-All_-_move_2024_get_new/new_final_jpeg_to_use/GentUnivBib/GentUnivBib_-_MargeritaPhilisophica_BHSL-HS-0007/GentUnivBib_-_BHSL-HS-0007_00075.jpg
         ...
             ... success

  Moving
BHSL-HS-0007_2014_0076_AC.jpg
  TO
/cygdrive/c/David/FHTW-2025-All_-_move_2024_get_new/new_final_jpeg_to_use/GentUnivBib/GentUnivBib_-_MargeritaPhilisophica_BHSL-HS-0007/GentUnivBib_-_BHSL-HS-0007_00076.jpg
         ...
             ... success

  Moving
BHSL-HS-0007_2014_0077_AC.jpg
  TO
/cygdrive/c/David/FHTW-2025-All_-_move_2024_get_new/new_final_jpeg_to_use/GentUnivBib/GentUnivBib_-_MargeritaPhilisophica_BHSL-HS-0007/GentUnivBib_-_BHSL-HS-0007_00077.jpg
         ...
             ... success

  Moving
BHSL-HS-0007_2014_0078_AC.jpg
  TO
/cygdrive/c/David/FHTW-2025-All_-_move_2024_get_new/new_final_jpeg_to_use/GentUnivBib/GentUnivBib_-_MargeritaPhilisophica_BHSL-HS-0007/GentUnivBib_-_BHSL-HS-0007_00078.jpg
         ...
             ... success

  Moving
BHSL-HS-0007_2014_0079_AC.jpg
  TO
/cygdrive/c/David/FHTW-2025-All_-_move_2024_get_new/new_final_jpeg_to_use/GentUnivBib/GentUnivBib_-_MargeritaPhilisophica_BHSL-HS-0007/GentUnivBib_-_BHSL-HS-0007_00079.jpg
         ...
             ... success

  Moving
BHSL-HS-0007_2014_0080_AC.jpg
  TO
/cygdrive/c/David/FHTW-2025-All_-_move_2024_get_new/new_final_jpeg_to_use/GentUnivBib/GentUnivBib_-_MargeritaPhilisophica_BHSL-HS-0007/GentUnivBib_-_BHSL-HS-0007_00080.jpg
         ...
             ... success

  Moving
BHSL-HS-0007_2014_0081_AC.jpg
  TO
/cygdrive/c/David/FHTW-2025-All_-_move_2024_get_new/new_final_jpeg_to_use/GentUnivBib/GentUnivBib_-_MargeritaPhilisophica_BHSL-HS-0007/GentUnivBib_-_BHSL-HS-0007_00081.jpg
         ...
             ... success

  Moving
BHSL-HS-0007_2014_0082_AC.jpg
  TO
/cygdrive/c/David/FHTW-2025-All_-_move_2024_get_new/new_final_jpeg_to_use/GentUnivBib/GentUnivBib_-_MargeritaPhilisophica_BHSL-HS-0007/GentUnivBib_-_BHSL-HS-0007_00082.jpg
         ...
             ... success

  Moving
BHSL-HS-0007_2014_0083_AC.jpg
  TO
/cygdrive/c/David/FHTW-2025-All_-_move_2024_get_new/new_final_jpeg_to_use/GentUnivBib/GentUnivBib_-_MargeritaPhilisophica_BHSL-HS-0007/GentUnivBib_-_BHSL-HS-0007_00083.jpg
         ...
             ... success

  Moving
BHSL-HS-0007_2014_0084_AC.jpg
  TO
/cygdrive/c/David/FHTW-2025-All_-_move_2024_get_new/new_final_jpeg_to_use/GentUnivBib/GentUnivBib_-_MargeritaPhilisophica_BHSL-HS-0007/GentUnivBib_-_BHSL-HS-0007_00084.jpg
         ...
             ... success

  Moving
BHSL-HS-0007_2014_0085_AC.jpg
  TO
/cygdrive/c/David/FHTW-2025-All_-_move_2024_get_new/new_final_jpeg_to_use/GentUnivBib/GentUnivBib_-_MargeritaPhilisophica_BHSL-HS-0007/GentUnivBib_-_BHSL-HS-0007_00085.jpg
         ...
             ... success

  Moving
BHSL-HS-0007_2014_0086_AC.jpg
  TO
/cygdrive/c/David/FHTW-2025-All_-_move_2024_get_new/new_final_jpeg_to_use/GentUnivBib/GentUnivBib_-_MargeritaPhilisophica_BHSL-HS-0007/GentUnivBib_-_BHSL-HS-0007_00086.jpg
         ...
             ... success

  Moving
BHSL-HS-0007_2014_0087_AC.jpg
  TO
/cygdrive/c/David/FHTW-2025-All_-_move_2024_get_new/new_final_jpeg_to_use/GentUnivBib/GentUnivBib_-_MargeritaPhilisophica_BHSL-HS-0007/GentUnivBib_-_BHSL-HS-0007_00087.jpg
         ...
             ... success

  Moving
BHSL-HS-0007_2014_0088_AC.jpg
  TO
/cygdrive/c/David/FHTW-2025-All_-_move_2024_get_new/new_final_jpeg_to_use/GentUnivBib/GentUnivBib_-_MargeritaPhilisophica_BHSL-HS-0007/GentUnivBib_-_BHSL-HS-0007_00088.jpg
         ...
             ... success

  Moving
BHSL-HS-0007_2014_0089_AC.jpg
  TO
/cygdrive/c/David/FHTW-2025-All_-_move_2024_get_new/new_final_jpeg_to_use/GentUnivBib/GentUnivBib_-_MargeritaPhilisophica_BHSL-HS-0007/GentUnivBib_-_BHSL-HS-0007_00089.jpg
         ...
             ... success

  Moving
BHSL-HS-0007_2014_0090_AC.jpg
  TO
/cygdrive/c/David/FHTW-2025-All_-_move_2024_get_new/new_final_jpeg_to_use/GentUnivBib/GentUnivBib_-_MargeritaPhilisophica_BHSL-HS-0007/GentUnivBib_-_BHSL-HS-0007_00090.jpg
         ...
             ... success

  Moving
BHSL-HS-0007_2014_0091_AC.jpg
  TO
/cygdrive/c/David/FHTW-2025-All_-_move_2024_get_new/new_final_jpeg_to_use/GentUnivBib/GentUnivBib_-_MargeritaPhilisophica_BHSL-HS-0007/GentUnivBib_-_BHSL-HS-0007_00091.jpg
         ...
             ... success

  Moving
BHSL-HS-0007_2014_0092_AC.jpg
  TO
/cygdrive/c/David/FHTW-2025-All_-_move_2024_get_new/new_final_jpeg_to_use/GentUnivBib/GentUnivBib_-_MargeritaPhilisophica_BHSL-HS-0007/GentUnivBib_-_BHSL-HS-0007_00092.jpg
         ...
             ... success

  Moving
BHSL-HS-0007_2014_0093_AC.jpg
  TO
/cygdrive/c/David/FHTW-2025-All_-_move_2024_get_new/new_final_jpeg_to_use/GentUnivBib/GentUnivBib_-_MargeritaPhilisophica_BHSL-HS-0007/GentUnivBib_-_BHSL-HS-0007_00093.jpg
         ...
             ... success

  Moving
BHSL-HS-0007_2014_0094_AC.jpg
  TO
/cygdrive/c/David/FHTW-2025-All_-_move_2024_get_new/new_final_jpeg_to_use/GentUnivBib/GentUnivBib_-_MargeritaPhilisophica_BHSL-HS-0007/GentUnivBib_-_BHSL-HS-0007_00094.jpg
         ...
             ... success

  Moving
BHSL-HS-0007_2014_0095_AC.jpg
  TO
/cygdrive/c/David/FHTW-2025-All_-_move_2024_get_new/new_final_jpeg_to_use/GentUnivBib/GentUnivBib_-_MargeritaPhilisophica_BHSL-HS-0007/GentUnivBib_-_BHSL-HS-0007_00095.jpg
         ...
             ... success

  Moving
BHSL-HS-0007_2014_0096_AC.jpg
  TO
/cygdrive/c/David/FHTW-2025-All_-_move_2024_get_new/new_final_jpeg_to_use/GentUnivBib/GentUnivBib_-_MargeritaPhilisophica_BHSL-HS-0007/GentUnivBib_-_BHSL-HS-0007_00096.jpg
         ...
             ... success

  Moving
BHSL-HS-0007_2014_0097_AC.jpg
  TO
/cygdrive/c/David/FHTW-2025-All_-_move_2024_get_new/new_final_jpeg_to_use/GentUnivBib/GentUnivBib_-_MargeritaPhilisophica_BHSL-HS-0007/GentUnivBib_-_BHSL-HS-0007_00097.jpg
         ...
             ... success

  Moving
BHSL-HS-0007_2014_0098_AC.jpg
  TO
/cygdrive/c/David/FHTW-2025-All_-_move_2024_get_new/new_final_jpeg_to_use/GentUnivBib/GentUnivBib_-_MargeritaPhilisophica_BHSL-HS-0007/GentUnivBib_-_BHSL-HS-0007_00098.jpg
         ...
             ... success

  Moving
BHSL-HS-0007_2014_0099_AC.jpg
  TO
/cygdrive/c/David/FHTW-2025-All_-_move_2024_get_new/new_final_jpeg_to_use/GentUnivBib/GentUnivBib_-_MargeritaPhilisophica_BHSL-HS-0007/GentUnivBib_-_BHSL-HS-0007_00099.jpg
         ...
             ... success

  Moving
BHSL-HS-0007_2014_0100_AC.jpg
  TO
/cygdrive/c/David/FHTW-2025-All_-_move_2024_get_new/new_final_jpeg_to_use/GentUnivBib/GentUnivBib_-_MargeritaPhilisophica_BHSL-HS-0007/GentUnivBib_-_BHSL-HS-0007_00100.jpg
         ...
             ... success

  Moving
BHSL-HS-0007_2014_0101_AC.jpg
  TO
/cygdrive/c/David/FHTW-2025-All_-_move_2024_get_new/new_final_jpeg_to_use/GentUnivBib/GentUnivBib_-_MargeritaPhilisophica_BHSL-HS-0007/GentUnivBib_-_BHSL-HS-0007_00101.jpg
         ...
             ... success

  Moving
BHSL-HS-0007_2014_0102_AC.jpg
  TO
/cygdrive/c/David/FHTW-2025-All_-_move_2024_get_new/new_final_jpeg_to_use/GentUnivBib/GentUnivBib_-_MargeritaPhilisophica_BHSL-HS-0007/GentUnivBib_-_BHSL-HS-0007_00102.jpg
         ...
             ... success

  Moving
BHSL-HS-0007_2014_0103_AC.jpg
  TO
/cygdrive/c/David/FHTW-2025-All_-_move_2024_get_new/new_final_jpeg_to_use/GentUnivBib/GentUnivBib_-_MargeritaPhilisophica_BHSL-HS-0007/GentUnivBib_-_BHSL-HS-0007_00103.jpg
         ...
             ... success

  Moving
BHSL-HS-0007_2014_0104_AC.jpg
  TO
/cygdrive/c/David/FHTW-2025-All_-_move_2024_get_new/new_final_jpeg_to_use/GentUnivBib/GentUnivBib_-_MargeritaPhilisophica_BHSL-HS-0007/GentUnivBib_-_BHSL-HS-0007_00104.jpg
         ...
             ... success

  Moving
BHSL-HS-0007_2014_0105_AC.jpg
  TO
/cygdrive/c/David/FHTW-2025-All_-_move_2024_get_new/new_final_jpeg_to_use/GentUnivBib/GentUnivBib_-_MargeritaPhilisophica_BHSL-HS-0007/GentUnivBib_-_BHSL-HS-0007_00105.jpg
         ...
             ... success

  Moving
BHSL-HS-0007_2014_0106_AC.jpg
  TO
/cygdrive/c/David/FHTW-2025-All_-_move_2024_get_new/new_final_jpeg_to_use/GentUnivBib/GentUnivBib_-_MargeritaPhilisophica_BHSL-HS-0007/GentUnivBib_-_BHSL-HS-0007_00106.jpg
         ...
             ... success

  Moving
BHSL-HS-0007_2014_0107_AC.jpg
  TO
/cygdrive/c/David/FHTW-2025-All_-_move_2024_get_new/new_final_jpeg_to_use/GentUnivBib/GentUnivBib_-_MargeritaPhilisophica_BHSL-HS-0007/GentUnivBib_-_BHSL-HS-0007_00107.jpg
         ...
             ... success

  Moving
BHSL-HS-0007_2014_0108_AC.jpg
  TO
/cygdrive/c/David/FHTW-2025-All_-_move_2024_get_new/new_final_jpeg_to_use/GentUnivBib/GentUnivBib_-_MargeritaPhilisophica_BHSL-HS-0007/GentUnivBib_-_BHSL-HS-0007_00108.jpg
         ...
             ... success

  Moving
BHSL-HS-0007_2014_0109_AC.jpg
  TO
/cygdrive/c/David/FHTW-2025-All_-_move_2024_get_new/new_final_jpeg_to_use/GentUnivBib/GentUnivBib_-_MargeritaPhilisophica_BHSL-HS-0007/GentUnivBib_-_BHSL-HS-0007_00109.jpg
         ...
             ... success

  Moving
BHSL-HS-0007_2014_0110_AC.jpg
  TO
/cygdrive/c/David/FHTW-2025-All_-_move_2024_get_new/new_final_jpeg_to_use/GentUnivBib/GentUnivBib_-_MargeritaPhilisophica_BHSL-HS-0007/GentUnivBib_-_BHSL-HS-0007_00110.jpg
         ...
             ... success

  Moving
BHSL-HS-0007_2014_0111_AC.jpg
  TO
/cygdrive/c/David/FHTW-2025-All_-_move_2024_get_new/new_final_jpeg_to_use/GentUnivBib/GentUnivBib_-_MargeritaPhilisophica_BHSL-HS-0007/GentUnivBib_-_BHSL-HS-0007_00111.jpg
         ...
             ... success

  Moving
BHSL-HS-0007_2014_0112_AC.jpg
  TO
/cygdrive/c/David/FHTW-2025-All_-_move_2024_get_new/new_final_jpeg_to_use/GentUnivBib/GentUnivBib_-_MargeritaPhilisophica_BHSL-HS-0007/GentUnivBib_-_BHSL-HS-0007_00112.jpg
         ...
             ... success

  Moving
BHSL-HS-0007_2014_0113_AC.jpg
  TO
/cygdrive/c/David/FHTW-2025-All_-_move_2024_get_new/new_final_jpeg_to_use/GentUnivBib/GentUnivBib_-_MargeritaPhilisophica_BHSL-HS-0007/GentUnivBib_-_BHSL-HS-0007_00113.jpg
         ...
             ... success

  Moving
BHSL-HS-0007_2014_0114_AC.jpg
  TO
/cygdrive/c/David/FHTW-2025-All_-_move_2024_get_new/new_final_jpeg_to_use/GentUnivBib/GentUnivBib_-_MargeritaPhilisophica_BHSL-HS-0007/GentUnivBib_-_BHSL-HS-0007_00114.jpg
         ...
             ... success

  Moving
BHSL-HS-0007_2014_0115_AC.jpg
  TO
/cygdrive/c/David/FHTW-2025-All_-_move_2024_get_new/new_final_jpeg_to_use/GentUnivBib/GentUnivBib_-_MargeritaPhilisophica_BHSL-HS-0007/GentUnivBib_-_BHSL-HS-0007_00115.jpg
         ...
             ... success

  Moving
BHSL-HS-0007_2014_0116_AC.jpg
  TO
/cygdrive/c/David/FHTW-2025-All_-_move_2024_get_new/new_final_jpeg_to_use/GentUnivBib/GentUnivBib_-_MargeritaPhilisophica_BHSL-HS-0007/GentUnivBib_-_BHSL-HS-0007_00116.jpg
         ...
             ... success

  Moving
BHSL-HS-0007_2014_0117_AC.jpg
  TO
/cygdrive/c/David/FHTW-2025-All_-_move_2024_get_new/new_final_jpeg_to_use/GentUnivBib/GentUnivBib_-_MargeritaPhilisophica_BHSL-HS-0007/GentUnivBib_-_BHSL-HS-0007_00117.jpg
         ...
             ... success

  Moving
BHSL-HS-0007_2014_0118_AC.jpg
  TO
/cygdrive/c/David/FHTW-2025-All_-_move_2024_get_new/new_final_jpeg_to_use/GentUnivBib/GentUnivBib_-_MargeritaPhilisophica_BHSL-HS-0007/GentUnivBib_-_BHSL-HS-0007_00118.jpg
         ...
             ... success

  Moving
BHSL-HS-0007_2014_0119_AC.jpg
  TO
/cygdrive/c/David/FHTW-2025-All_-_move_2024_get_new/new_final_jpeg_to_use/GentUnivBib/GentUnivBib_-_MargeritaPhilisophica_BHSL-HS-0007/GentUnivBib_-_BHSL-HS-0007_00119.jpg
         ...
             ... success

  Moving
BHSL-HS-0007_2014_0120_AC.jpg
  TO
/cygdrive/c/David/FHTW-2025-All_-_move_2024_get_new/new_final_jpeg_to_use/GentUnivBib/GentUnivBib_-_MargeritaPhilisophica_BHSL-HS-0007/GentUnivBib_-_BHSL-HS-0007_00120.jpg
         ...
             ... success

  Moving
BHSL-HS-0007_2014_0121_AC.jpg
  TO
/cygdrive/c/David/FHTW-2025-All_-_move_2024_get_new/new_final_jpeg_to_use/GentUnivBib/GentUnivBib_-_MargeritaPhilisophica_BHSL-HS-0007/GentUnivBib_-_BHSL-HS-0007_00121.jpg
         ...
             ... success

  Moving
BHSL-HS-0007_2014_0122_AC.jpg
  TO
/cygdrive/c/David/FHTW-2025-All_-_move_2024_get_new/new_final_jpeg_to_use/GentUnivBib/GentUnivBib_-_MargeritaPhilisophica_BHSL-HS-0007/GentUnivBib_-_BHSL-HS-0007_00122.jpg
         ...
             ... success

  Moving
BHSL-HS-0007_2014_0123_AC.jpg
  TO
/cygdrive/c/David/FHTW-2025-All_-_move_2024_get_new/new_final_jpeg_to_use/GentUnivBib/GentUnivBib_-_MargeritaPhilisophica_BHSL-HS-0007/GentUnivBib_-_BHSL-HS-0007_00123.jpg
         ...
             ... success

  Moving
BHSL-HS-0007_2014_0124_AC.jpg
  TO
/cygdrive/c/David/FHTW-2025-All_-_move_2024_get_new/new_final_jpeg_to_use/GentUnivBib/GentUnivBib_-_MargeritaPhilisophica_BHSL-HS-0007/GentUnivBib_-_BHSL-HS-0007_00124.jpg
         ...
             ... success

  Moving
BHSL-HS-0007_2014_0125_AC.jpg
  TO
/cygdrive/c/David/FHTW-2025-All_-_move_2024_get_new/new_final_jpeg_to_use/GentUnivBib/GentUnivBib_-_MargeritaPhilisophica_BHSL-HS-0007/GentUnivBib_-_BHSL-HS-0007_00125.jpg
         ...
             ... success

  Moving
BHSL-HS-0007_2014_0126_AC.jpg
  TO
/cygdrive/c/David/FHTW-2025-All_-_move_2024_get_new/new_final_jpeg_to_use/GentUnivBib/GentUnivBib_-_MargeritaPhilisophica_BHSL-HS-0007/GentUnivBib_-_BHSL-HS-0007_00126.jpg
         ...
             ... success

  Moving
BHSL-HS-0007_2014_0127_AC.jpg
  TO
/cygdrive/c/David/FHTW-2025-All_-_move_2024_get_new/new_final_jpeg_to_use/GentUnivBib/GentUnivBib_-_MargeritaPhilisophica_BHSL-HS-0007/GentUnivBib_-_BHSL-HS-0007_00127.jpg
         ...
             ... success

  Moving
BHSL-HS-0007_2014_0128_AC.jpg
  TO
/cygdrive/c/David/FHTW-2025-All_-_move_2024_get_new/new_final_jpeg_to_use/GentUnivBib/GentUnivBib_-_MargeritaPhilisophica_BHSL-HS-0007/GentUnivBib_-_BHSL-HS-0007_00128.jpg
         ...
             ... success

  Moving
BHSL-HS-0007_2014_0129_AC.jpg
  TO
/cygdrive/c/David/FHTW-2025-All_-_move_2024_get_new/new_final_jpeg_to_use/GentUnivBib/GentUnivBib_-_MargeritaPhilisophica_BHSL-HS-0007/GentUnivBib_-_BHSL-HS-0007_00129.jpg
         ...
             ... success

  Moving
BHSL-HS-0007_2014_0130_AC.jpg
  TO
/cygdrive/c/David/FHTW-2025-All_-_move_2024_get_new/new_final_jpeg_to_use/GentUnivBib/GentUnivBib_-_MargeritaPhilisophica_BHSL-HS-0007/GentUnivBib_-_BHSL-HS-0007_00130.jpg
         ...
             ... success

  Moving
BHSL-HS-0007_2014_0131_AC.jpg
  TO
/cygdrive/c/David/FHTW-2025-All_-_move_2024_get_new/new_final_jpeg_to_use/GentUnivBib/GentUnivBib_-_MargeritaPhilisophica_BHSL-HS-0007/GentUnivBib_-_BHSL-HS-0007_00131.jpg
         ...
             ... success

  Moving
BHSL-HS-0007_2014_0132_AC.jpg
  TO
/cygdrive/c/David/FHTW-2025-All_-_move_2024_get_new/new_final_jpeg_to_use/GentUnivBib/GentUnivBib_-_MargeritaPhilisophica_BHSL-HS-0007/GentUnivBib_-_BHSL-HS-0007_00132.jpg
         ...
             ... success

  Moving
BHSL-HS-0007_2014_0133_AC.jpg
  TO
/cygdrive/c/David/FHTW-2025-All_-_move_2024_get_new/new_final_jpeg_to_use/GentUnivBib/GentUnivBib_-_MargeritaPhilisophica_BHSL-HS-0007/GentUnivBib_-_BHSL-HS-0007_00133.jpg
         ...
             ... success

  Moving
BHSL-HS-0007_2014_0134_AC.jpg
  TO
/cygdrive/c/David/FHTW-2025-All_-_move_2024_get_new/new_final_jpeg_to_use/GentUnivBib/GentUnivBib_-_MargeritaPhilisophica_BHSL-HS-0007/GentUnivBib_-_BHSL-HS-0007_00134.jpg
         ...
             ... success

  Moving
BHSL-HS-0007_2014_0135_AC.jpg
  TO
/cygdrive/c/David/FHTW-2025-All_-_move_2024_get_new/new_final_jpeg_to_use/GentUnivBib/GentUnivBib_-_MargeritaPhilisophica_BHSL-HS-0007/GentUnivBib_-_BHSL-HS-0007_00135.jpg
         ...
             ... success

  Moving
BHSL-HS-0007_2014_0136_AC.jpg
  TO
/cygdrive/c/David/FHTW-2025-All_-_move_2024_get_new/new_final_jpeg_to_use/GentUnivBib/GentUnivBib_-_MargeritaPhilisophica_BHSL-HS-0007/GentUnivBib_-_BHSL-HS-0007_00136.jpg
         ...
             ... success

  Moving
BHSL-HS-0007_2014_0137_AC.jpg
  TO
/cygdrive/c/David/FHTW-2025-All_-_move_2024_get_new/new_final_jpeg_to_use/GentUnivBib/GentUnivBib_-_MargeritaPhilisophica_BHSL-HS-0007/GentUnivBib_-_BHSL-HS-0007_00137.jpg
         ...
             ... success

  Moving
BHSL-HS-0007_2014_0138_AC.jpg
  TO
/cygdrive/c/David/FHTW-2025-All_-_move_2024_get_new/new_final_jpeg_to_use/GentUnivBib/GentUnivBib_-_MargeritaPhilisophica_BHSL-HS-0007/GentUnivBib_-_BHSL-HS-0007_00138.jpg
         ...
             ... success

  Moving
BHSL-HS-0007_2014_0139_AC.jpg
  TO
/cygdrive/c/David/FHTW-2025-All_-_move_2024_get_new/new_final_jpeg_to_use/GentUnivBib/GentUnivBib_-_MargeritaPhilisophica_BHSL-HS-0007/GentUnivBib_-_BHSL-HS-0007_00139.jpg
         ...
             ... success

  Moving
BHSL-HS-0007_2014_0140_AC.jpg
  TO
/cygdrive/c/David/FHTW-2025-All_-_move_2024_get_new/new_final_jpeg_to_use/GentUnivBib/GentUnivBib_-_MargeritaPhilisophica_BHSL-HS-0007/GentUnivBib_-_BHSL-HS-0007_00140.jpg
         ...
             ... success

  Moving
BHSL-HS-0007_2014_0141_AC.jpg
  TO
/cygdrive/c/David/FHTW-2025-All_-_move_2024_get_new/new_final_jpeg_to_use/GentUnivBib/GentUnivBib_-_MargeritaPhilisophica_BHSL-HS-0007/GentUnivBib_-_BHSL-HS-0007_00141.jpg
         ...
             ... success

  Moving
BHSL-HS-0007_2014_0142_AC.jpg
  TO
/cygdrive/c/David/FHTW-2025-All_-_move_2024_get_new/new_final_jpeg_to_use/GentUnivBib/GentUnivBib_-_MargeritaPhilisophica_BHSL-HS-0007/GentUnivBib_-_BHSL-HS-0007_00142.jpg
         ...
             ... success

  Moving
BHSL-HS-0007_2014_0143_AC.jpg
  TO
/cygdrive/c/David/FHTW-2025-All_-_move_2024_get_new/new_final_jpeg_to_use/GentUnivBib/GentUnivBib_-_MargeritaPhilisophica_BHSL-HS-0007/GentUnivBib_-_BHSL-HS-0007_00143.jpg
         ...
             ... success

  Moving
BHSL-HS-0007_2014_0144_AC.jpg
  TO
/cygdrive/c/David/FHTW-2025-All_-_move_2024_get_new/new_final_jpeg_to_use/GentUnivBib/GentUnivBib_-_MargeritaPhilisophica_BHSL-HS-0007/GentUnivBib_-_BHSL-HS-0007_00144.jpg
         ...
             ... success

  Moving
BHSL-HS-0007_2014_0145_AC.jpg
  TO
/cygdrive/c/David/FHTW-2025-All_-_move_2024_get_new/new_final_jpeg_to_use/GentUnivBib/GentUnivBib_-_MargeritaPhilisophica_BHSL-HS-0007/GentUnivBib_-_BHSL-HS-0007_00145.jpg
         ...
             ... success

  Moving
BHSL-HS-0007_2014_0146_AC.jpg
  TO
/cygdrive/c/David/FHTW-2025-All_-_move_2024_get_new/new_final_jpeg_to_use/GentUnivBib/GentUnivBib_-_MargeritaPhilisophica_BHSL-HS-0007/GentUnivBib_-_BHSL-HS-0007_00146.jpg
         ...
             ... success

  Moving
BHSL-HS-0007_2014_0147_AC.jpg
  TO
/cygdrive/c/David/FHTW-2025-All_-_move_2024_get_new/new_final_jpeg_to_use/GentUnivBib/GentUnivBib_-_MargeritaPhilisophica_BHSL-HS-0007/GentUnivBib_-_BHSL-HS-0007_00147.jpg
         ...
             ... success

  Moving
BHSL-HS-0007_2014_0148_AC.jpg
  TO
/cygdrive/c/David/FHTW-2025-All_-_move_2024_get_new/new_final_jpeg_to_use/GentUnivBib/GentUnivBib_-_MargeritaPhilisophica_BHSL-HS-0007/GentUnivBib_-_BHSL-HS-0007_00148.jpg
         ...
             ... success

  Moving
BHSL-HS-0007_2014_0149_AC.jpg
  TO
/cygdrive/c/David/FHTW-2025-All_-_move_2024_get_new/new_final_jpeg_to_use/GentUnivBib/GentUnivBib_-_MargeritaPhilisophica_BHSL-HS-0007/GentUnivBib_-_BHSL-HS-0007_00149.jpg
         ...
             ... success

  Moving
BHSL-HS-0007_2014_0150_AC.jpg
  TO
/cygdrive/c/David/FHTW-2025-All_-_move_2024_get_new/new_final_jpeg_to_use/GentUnivBib/GentUnivBib_-_MargeritaPhilisophica_BHSL-HS-0007/GentUnivBib_-_BHSL-HS-0007_00150.jpg
         ...
             ... success

  Moving
BHSL-HS-0007_2014_0151_AC.jpg
  TO
/cygdrive/c/David/FHTW-2025-All_-_move_2024_get_new/new_final_jpeg_to_use/GentUnivBib/GentUnivBib_-_MargeritaPhilisophica_BHSL-HS-0007/GentUnivBib_-_BHSL-HS-0007_00151.jpg
         ...
             ... success

  Moving
BHSL-HS-0007_2014_0152_AC.jpg
  TO
/cygdrive/c/David/FHTW-2025-All_-_move_2024_get_new/new_final_jpeg_to_use/GentUnivBib/GentUnivBib_-_MargeritaPhilisophica_BHSL-HS-0007/GentUnivBib_-_BHSL-HS-0007_00152.jpg
         ...
             ... success

  Moving
BHSL-HS-0007_2014_0153_AC.jpg
  TO
/cygdrive/c/David/FHTW-2025-All_-_move_2024_get_new/new_final_jpeg_to_use/GentUnivBib/GentUnivBib_-_MargeritaPhilisophica_BHSL-HS-0007/GentUnivBib_-_BHSL-HS-0007_00153.jpg
         ...
             ... success

  Moving
BHSL-HS-0007_2014_0154_AC.jpg
  TO
/cygdrive/c/David/FHTW-2025-All_-_move_2024_get_new/new_final_jpeg_to_use/GentUnivBib/GentUnivBib_-_MargeritaPhilisophica_BHSL-HS-0007/GentUnivBib_-_BHSL-HS-0007_00154.jpg
         ...
             ... success

  Moving
BHSL-HS-0007_2014_0155_AC.jpg
  TO
/cygdrive/c/David/FHTW-2025-All_-_move_2024_get_new/new_final_jpeg_to_use/GentUnivBib/GentUnivBib_-_MargeritaPhilisophica_BHSL-HS-0007/GentUnivBib_-_BHSL-HS-0007_00155.jpg
         ...
             ... success

  Moving
BHSL-HS-0007_2014_0156_AC.jpg
  TO
/cygdrive/c/David/FHTW-2025-All_-_move_2024_get_new/new_final_jpeg_to_use/GentUnivBib/GentUnivBib_-_MargeritaPhilisophica_BHSL-HS-0007/GentUnivBib_-_BHSL-HS-0007_00156.jpg
         ...
             ... success

  Moving
BHSL-HS-0007_2014_0157_AC.jpg
  TO
/cygdrive/c/David/FHTW-2025-All_-_move_2024_get_new/new_final_jpeg_to_use/GentUnivBib/GentUnivBib_-_MargeritaPhilisophica_BHSL-HS-0007/GentUnivBib_-_BHSL-HS-0007_00157.jpg
         ...
             ... success

  Moving
BHSL-HS-0007_2014_0158_AC.jpg
  TO
/cygdrive/c/David/FHTW-2025-All_-_move_2024_get_new/new_final_jpeg_to_use/GentUnivBib/GentUnivBib_-_MargeritaPhilisophica_BHSL-HS-0007/GentUnivBib_-_BHSL-HS-0007_00158.jpg
         ...
             ... success

  Moving
BHSL-HS-0007_2014_0159_AC.jpg
  TO
/cygdrive/c/David/FHTW-2025-All_-_move_2024_get_new/new_final_jpeg_to_use/GentUnivBib/GentUnivBib_-_MargeritaPhilisophica_BHSL-HS-0007/GentUnivBib_-_BHSL-HS-0007_00159.jpg
         ...
             ... success

  Moving
BHSL-HS-0007_2014_0160_AC.jpg
  TO
/cygdrive/c/David/FHTW-2025-All_-_move_2024_get_new/new_final_jpeg_to_use/GentUnivBib/GentUnivBib_-_MargeritaPhilisophica_BHSL-HS-0007/GentUnivBib_-_BHSL-HS-0007_00160.jpg
         ...
             ... success

  Moving
BHSL-HS-0007_2014_0161_AC.jpg
  TO
/cygdrive/c/David/FHTW-2025-All_-_move_2024_get_new/new_final_jpeg_to_use/GentUnivBib/GentUnivBib_-_MargeritaPhilisophica_BHSL-HS-0007/GentUnivBib_-_BHSL-HS-0007_00161.jpg
         ...
             ... success

  Moving
BHSL-HS-0007_2014_0162_AC.jpg
  TO
/cygdrive/c/David/FHTW-2025-All_-_move_2024_get_new/new_final_jpeg_to_use/GentUnivBib/GentUnivBib_-_MargeritaPhilisophica_BHSL-HS-0007/GentUnivBib_-_BHSL-HS-0007_00162.jpg
         ...
             ... success

  Moving
BHSL-HS-0007_2014_0163_AC.jpg
  TO
/cygdrive/c/David/FHTW-2025-All_-_move_2024_get_new/new_final_jpeg_to_use/GentUnivBib/GentUnivBib_-_MargeritaPhilisophica_BHSL-HS-0007/GentUnivBib_-_BHSL-HS-0007_00163.jpg
         ...
             ... success

  Moving
BHSL-HS-0007_2014_0164_AC.jpg
  TO
/cygdrive/c/David/FHTW-2025-All_-_move_2024_get_new/new_final_jpeg_to_use/GentUnivBib/GentUnivBib_-_MargeritaPhilisophica_BHSL-HS-0007/GentUnivBib_-_BHSL-HS-0007_00164.jpg
         ...
             ... success

  Moving
BHSL-HS-0007_2014_0165_AC.jpg
  TO
/cygdrive/c/David/FHTW-2025-All_-_move_2024_get_new/new_final_jpeg_to_use/GentUnivBib/GentUnivBib_-_MargeritaPhilisophica_BHSL-HS-0007/GentUnivBib_-_BHSL-HS-0007_00165.jpg
         ...
             ... success

  Moving
BHSL-HS-0007_2014_0166_AC.jpg
  TO
/cygdrive/c/David/FHTW-2025-All_-_move_2024_get_new/new_final_jpeg_to_use/GentUnivBib/GentUnivBib_-_MargeritaPhilisophica_BHSL-HS-0007/GentUnivBib_-_BHSL-HS-0007_00166.jpg
         ...
             ... success

  Moving
BHSL-HS-0007_2014_0167_AC.jpg
  TO
/cygdrive/c/David/FHTW-2025-All_-_move_2024_get_new/new_final_jpeg_to_use/GentUnivBib/GentUnivBib_-_MargeritaPhilisophica_BHSL-HS-0007/GentUnivBib_-_BHSL-HS-0007_00167.jpg
         ...
             ... success

  Moving
BHSL-HS-0007_2014_0168_AC.jpg
  TO
/cygdrive/c/David/FHTW-2025-All_-_move_2024_get_new/new_final_jpeg_to_use/GentUnivBib/GentUnivBib_-_MargeritaPhilisophica_BHSL-HS-0007/GentUnivBib_-_BHSL-HS-0007_00168.jpg
         ...
             ... success

  Moving
BHSL-HS-0007_2014_0169_AC.jpg
  TO
/cygdrive/c/David/FHTW-2025-All_-_move_2024_get_new/new_final_jpeg_to_use/GentUnivBib/GentUnivBib_-_MargeritaPhilisophica_BHSL-HS-0007/GentUnivBib_-_BHSL-HS-0007_00169.jpg
         ...
             ... success

  Moving
BHSL-HS-0007_2014_0170_AC.jpg
  TO
/cygdrive/c/David/FHTW-2025-All_-_move_2024_get_new/new_final_jpeg_to_use/GentUnivBib/GentUnivBib_-_MargeritaPhilisophica_BHSL-HS-0007/GentUnivBib_-_BHSL-HS-0007_00170.jpg
         ...
             ... success

  Moving
BHSL-HS-0007_2014_0171_AC.jpg
  TO
/cygdrive/c/David/FHTW-2025-All_-_move_2024_get_new/new_final_jpeg_to_use/GentUnivBib/GentUnivBib_-_MargeritaPhilisophica_BHSL-HS-0007/GentUnivBib_-_BHSL-HS-0007_00171.jpg
         ...
             ... success

  Moving
BHSL-HS-0007_2014_0172_AC.jpg
  TO
/cygdrive/c/David/FHTW-2025-All_-_move_2024_get_new/new_final_jpeg_to_use/GentUnivBib/GentUnivBib_-_MargeritaPhilisophica_BHSL-HS-0007/GentUnivBib_-_BHSL-HS-0007_00172.jpg
         ...
             ... success

  Moving
BHSL-HS-0007_2014_0173_AC.jpg
  TO
/cygdrive/c/David/FHTW-2025-All_-_move_2024_get_new/new_final_jpeg_to_use/GentUnivBib/GentUnivBib_-_MargeritaPhilisophica_BHSL-HS-0007/GentUnivBib_-_BHSL-HS-0007_00173.jpg
         ...
             ... success

  Moving
BHSL-HS-0007_2014_0174_AC.jpg
  TO
/cygdrive/c/David/FHTW-2025-All_-_move_2024_get_new/new_final_jpeg_to_use/GentUnivBib/GentUnivBib_-_MargeritaPhilisophica_BHSL-HS-0007/GentUnivBib_-_BHSL-HS-0007_00174.jpg
         ...
             ... success

  Moving
BHSL-HS-0007_2014_0175_AC.jpg
  TO
/cygdrive/c/David/FHTW-2025-All_-_move_2024_get_new/new_final_jpeg_to_use/GentUnivBib/GentUnivBib_-_MargeritaPhilisophica_BHSL-HS-0007/GentUnivBib_-_BHSL-HS-0007_00175.jpg
         ...
             ... success

  Moving
BHSL-HS-0007_2014_0176_AC.jpg
  TO
/cygdrive/c/David/FHTW-2025-All_-_move_2024_get_new/new_final_jpeg_to_use/GentUnivBib/GentUnivBib_-_MargeritaPhilisophica_BHSL-HS-0007/GentUnivBib_-_BHSL-HS-0007_00176.jpg
         ...
             ... success

  Moving
BHSL-HS-0007_2014_0177_AC.jpg
  TO
/cygdrive/c/David/FHTW-2025-All_-_move_2024_get_new/new_final_jpeg_to_use/GentUnivBib/GentUnivBib_-_MargeritaPhilisophica_BHSL-HS-0007/GentUnivBib_-_BHSL-HS-0007_00177.jpg
         ...
             ... success

  Moving
BHSL-HS-0007_2014_0178_AC.jpg
  TO
/cygdrive/c/David/FHTW-2025-All_-_move_2024_get_new/new_final_jpeg_to_use/GentUnivBib/GentUnivBib_-_MargeritaPhilisophica_BHSL-HS-0007/GentUnivBib_-_BHSL-HS-0007_00178.jpg
         ...
             ... success

  Moving
BHSL-HS-0007_2014_0179_AC.jpg
  TO
/cygdrive/c/David/FHTW-2025-All_-_move_2024_get_new/new_final_jpeg_to_use/GentUnivBib/GentUnivBib_-_MargeritaPhilisophica_BHSL-HS-0007/GentUnivBib_-_BHSL-HS-0007_00179.jpg
         ...
             ... success

  Moving
BHSL-HS-0007_2014_0180_AC.jpg
  TO
/cygdrive/c/David/FHTW-2025-All_-_move_2024_get_new/new_final_jpeg_to_use/GentUnivBib/GentUnivBib_-_MargeritaPhilisophica_BHSL-HS-0007/GentUnivBib_-_BHSL-HS-0007_00180.jpg
         ...
             ... success

  Moving
BHSL-HS-0007_2014_0181_AC.jpg
  TO
/cygdrive/c/David/FHTW-2025-All_-_move_2024_get_new/new_final_jpeg_to_use/GentUnivBib/GentUnivBib_-_MargeritaPhilisophica_BHSL-HS-0007/GentUnivBib_-_BHSL-HS-0007_00181.jpg
         ...
             ... success

  Moving
BHSL-HS-0007_2014_0182_AC.jpg
  TO
/cygdrive/c/David/FHTW-2025-All_-_move_2024_get_new/new_final_jpeg_to_use/GentUnivBib/GentUnivBib_-_MargeritaPhilisophica_BHSL-HS-0007/GentUnivBib_-_BHSL-HS-0007_00182.jpg
         ...
             ... success

  Moving
BHSL-HS-0007_2014_0183_AC.jpg
  TO
/cygdrive/c/David/FHTW-2025-All_-_move_2024_get_new/new_final_jpeg_to_use/GentUnivBib/GentUnivBib_-_MargeritaPhilisophica_BHSL-HS-0007/GentUnivBib_-_BHSL-HS-0007_00183.jpg
         ...
             ... success

  Moving
BHSL-HS-0007_2014_0184_AC.jpg
  TO
/cygdrive/c/David/FHTW-2025-All_-_move_2024_get_new/new_final_jpeg_to_use/GentUnivBib/GentUnivBib_-_MargeritaPhilisophica_BHSL-HS-0007/GentUnivBib_-_BHSL-HS-0007_00184.jpg
         ...
             ... success

  Moving
BHSL-HS-0007_2014_0185_AC.jpg
  TO
/cygdrive/c/David/FHTW-2025-All_-_move_2024_get_new/new_final_jpeg_to_use/GentUnivBib/GentUnivBib_-_MargeritaPhilisophica_BHSL-HS-0007/GentUnivBib_-_BHSL-HS-0007_00185.jpg
         ...
             ... success

  Moving
BHSL-HS-0007_2014_0186_AC.jpg
  TO
/cygdrive/c/David/FHTW-2025-All_-_move_2024_get_new/new_final_jpeg_to_use/GentUnivBib/GentUnivBib_-_MargeritaPhilisophica_BHSL-HS-0007/GentUnivBib_-_BHSL-HS-0007_00186.jpg
         ...
             ... success

  Moving
BHSL-HS-0007_2014_0187_AC.jpg
  TO
/cygdrive/c/David/FHTW-2025-All_-_move_2024_get_new/new_final_jpeg_to_use/GentUnivBib/GentUnivBib_-_MargeritaPhilisophica_BHSL-HS-0007/GentUnivBib_-_BHSL-HS-0007_00187.jpg
         ...
             ... success

  Moving
BHSL-HS-0007_2014_0188_AC.jpg
  TO
/cygdrive/c/David/FHTW-2025-All_-_move_2024_get_new/new_final_jpeg_to_use/GentUnivBib/GentUnivBib_-_MargeritaPhilisophica_BHSL-HS-0007/GentUnivBib_-_BHSL-HS-0007_00188.jpg
         ...
             ... success

  Moving
BHSL-HS-0007_2014_0189_AC.jpg
  TO
/cygdrive/c/David/FHTW-2025-All_-_move_2024_get_new/new_final_jpeg_to_use/GentUnivBib/GentUnivBib_-_MargeritaPhilisophica_BHSL-HS-0007/GentUnivBib_-_BHSL-HS-0007_00189.jpg
         ...
             ... success

  Moving
BHSL-HS-0007_2014_0190_AC.jpg
  TO
/cygdrive/c/David/FHTW-2025-All_-_move_2024_get_new/new_final_jpeg_to_use/GentUnivBib/GentUnivBib_-_MargeritaPhilisophica_BHSL-HS-0007/GentUnivBib_-_BHSL-HS-0007_00190.jpg
         ...
             ... success

  Moving
BHSL-HS-0007_2014_0191_AC.jpg
  TO
/cygdrive/c/David/FHTW-2025-All_-_move_2024_get_new/new_final_jpeg_to_use/GentUnivBib/GentUnivBib_-_MargeritaPhilisophica_BHSL-HS-0007/GentUnivBib_-_BHSL-HS-0007_00191.jpg
         ...
             ... success

  Moving
BHSL-HS-0007_2014_0192_AC.jpg
  TO
/cygdrive/c/David/FHTW-2025-All_-_move_2024_get_new/new_final_jpeg_to_use/GentUnivBib/GentUnivBib_-_MargeritaPhilisophica_BHSL-HS-0007/GentUnivBib_-_BHSL-HS-0007_00192.jpg
         ...
             ... success

  Moving
BHSL-HS-0007_2014_0193_AC.jpg
  TO
/cygdrive/c/David/FHTW-2025-All_-_move_2024_get_new/new_final_jpeg_to_use/GentUnivBib/GentUnivBib_-_MargeritaPhilisophica_BHSL-HS-0007/GentUnivBib_-_BHSL-HS-0007_00193.jpg
         ...
             ... success

  Moving
BHSL-HS-0007_2014_0194_AC.jpg
  TO
/cygdrive/c/David/FHTW-2025-All_-_move_2024_get_new/new_final_jpeg_to_use/GentUnivBib/GentUnivBib_-_MargeritaPhilisophica_BHSL-HS-0007/GentUnivBib_-_BHSL-HS-0007_00194.jpg
         ...
             ... success

  Moving
BHSL-HS-0007_2014_0195_AC.jpg
  TO
/cygdrive/c/David/FHTW-2025-All_-_move_2024_get_new/new_final_jpeg_to_use/GentUnivBib/GentUnivBib_-_MargeritaPhilisophica_BHSL-HS-0007/GentUnivBib_-_BHSL-HS-0007_00195.jpg
         ...
             ... success

  Moving
BHSL-HS-0007_2014_0196_AC.jpg
  TO
/cygdrive/c/David/FHTW-2025-All_-_move_2024_get_new/new_final_jpeg_to_use/GentUnivBib/GentUnivBib_-_MargeritaPhilisophica_BHSL-HS-0007/GentUnivBib_-_BHSL-HS-0007_00196.jpg
         ...
             ... success

  Moving
BHSL-HS-0007_2014_0197_AC.jpg
  TO
/cygdrive/c/David/FHTW-2025-All_-_move_2024_get_new/new_final_jpeg_to_use/GentUnivBib/GentUnivBib_-_MargeritaPhilisophica_BHSL-HS-0007/GentUnivBib_-_BHSL-HS-0007_00197.jpg
         ...
             ... success

  Moving
BHSL-HS-0007_2014_0198_AC.jpg
  TO
/cygdrive/c/David/FHTW-2025-All_-_move_2024_get_new/new_final_jpeg_to_use/GentUnivBib/GentUnivBib_-_MargeritaPhilisophica_BHSL-HS-0007/GentUnivBib_-_BHSL-HS-0007_00198.jpg
         ...
             ... success

  Moving
BHSL-HS-0007_2014_0199_AC.jpg
  TO
/cygdrive/c/David/FHTW-2025-All_-_move_2024_get_new/new_final_jpeg_to_use/GentUnivBib/GentUnivBib_-_MargeritaPhilisophica_BHSL-HS-0007/GentUnivBib_-_BHSL-HS-0007_00199.jpg
         ...
             ... success

  Moving
BHSL-HS-0007_2014_0200_AC.jpg
  TO
/cygdrive/c/David/FHTW-2025-All_-_move_2024_get_new/new_final_jpeg_to_use/GentUnivBib/GentUnivBib_-_MargeritaPhilisophica_BHSL-HS-0007/GentUnivBib_-_BHSL-HS-0007_00200.jpg
         ...
             ... success

  Moving
BHSL-HS-0007_2014_0201_AC.jpg
  TO
/cygdrive/c/David/FHTW-2025-All_-_move_2024_get_new/new_final_jpeg_to_use/GentUnivBib/GentUnivBib_-_MargeritaPhilisophica_BHSL-HS-0007/GentUnivBib_-_BHSL-HS-0007_00201.jpg
         ...
             ... success

  Moving
BHSL-HS-0007_2014_0202_AC.jpg
  TO
/cygdrive/c/David/FHTW-2025-All_-_move_2024_get_new/new_final_jpeg_to_use/GentUnivBib/GentUnivBib_-_MargeritaPhilisophica_BHSL-HS-0007/GentUnivBib_-_BHSL-HS-0007_00202.jpg
         ...
             ... success

  Moving
BHSL-HS-0007_2014_0203_AC.jpg
  TO
/cygdrive/c/David/FHTW-2025-All_-_move_2024_get_new/new_final_jpeg_to_use/GentUnivBib/GentUnivBib_-_MargeritaPhilisophica_BHSL-HS-0007/GentUnivBib_-_BHSL-HS-0007_00203.jpg
         ...
             ... success

  Moving
BHSL-HS-0007_2014_0204_AC.jpg
  TO
/cygdrive/c/David/FHTW-2025-All_-_move_2024_get_new/new_final_jpeg_to_use/GentUnivBib/GentUnivBib_-_MargeritaPhilisophica_BHSL-HS-0007/GentUnivBib_-_BHSL-HS-0007_00204.jpg
         ...
             ... success

  Moving
BHSL-HS-0007_2014_0205_AC.jpg
  TO
/cygdrive/c/David/FHTW-2025-All_-_move_2024_get_new/new_final_jpeg_to_use/GentUnivBib/GentUnivBib_-_MargeritaPhilisophica_BHSL-HS-0007/GentUnivBib_-_BHSL-HS-0007_00205.jpg
         ...
             ... success

  Moving
BHSL-HS-0007_2014_0206_AC.jpg
  TO
/cygdrive/c/David/FHTW-2025-All_-_move_2024_get_new/new_final_jpeg_to_use/GentUnivBib/GentUnivBib_-_MargeritaPhilisophica_BHSL-HS-0007/GentUnivBib_-_BHSL-HS-0007_00206.jpg
         ...
             ... success

  Moving
BHSL-HS-0007_2014_0207_AC.jpg
  TO
/cygdrive/c/David/FHTW-2025-All_-_move_2024_get_new/new_final_jpeg_to_use/GentUnivBib/GentUnivBib_-_MargeritaPhilisophica_BHSL-HS-0007/GentUnivBib_-_BHSL-HS-0007_00207.jpg
         ...
             ... success

  Moving
BHSL-HS-0007_2014_0208_AC.jpg
  TO
/cygdrive/c/David/FHTW-2025-All_-_move_2024_get_new/new_final_jpeg_to_use/GentUnivBib/GentUnivBib_-_MargeritaPhilisophica_BHSL-HS-0007/GentUnivBib_-_BHSL-HS-0007_00208.jpg
         ...
             ... success

  Moving
BHSL-HS-0007_2014_0209_AC.jpg
  TO
/cygdrive/c/David/FHTW-2025-All_-_move_2024_get_new/new_final_jpeg_to_use/GentUnivBib/GentUnivBib_-_MargeritaPhilisophica_BHSL-HS-0007/GentUnivBib_-_BHSL-HS-0007_00209.jpg
         ...
             ... success

  Moving
BHSL-HS-0007_2014_0210_AC.jpg
  TO
/cygdrive/c/David/FHTW-2025-All_-_move_2024_get_new/new_final_jpeg_to_use/GentUnivBib/GentUnivBib_-_MargeritaPhilisophica_BHSL-HS-0007/GentUnivBib_-_BHSL-HS-0007_00210.jpg
         ...
             ... success

  Moving
BHSL-HS-0007_2014_0211_AC.jpg
  TO
/cygdrive/c/David/FHTW-2025-All_-_move_2024_get_new/new_final_jpeg_to_use/GentUnivBib/GentUnivBib_-_MargeritaPhilisophica_BHSL-HS-0007/GentUnivBib_-_BHSL-HS-0007_00211.jpg
         ...
             ... success

  Moving
BHSL-HS-0007_2014_0212_AC.jpg
  TO
/cygdrive/c/David/FHTW-2025-All_-_move_2024_get_new/new_final_jpeg_to_use/GentUnivBib/GentUnivBib_-_MargeritaPhilisophica_BHSL-HS-0007/GentUnivBib_-_BHSL-HS-0007_00212.jpg
         ...
             ... success

  Moving
BHSL-HS-0007_2014_0213_AC.jpg
  TO
/cygdrive/c/David/FHTW-2025-All_-_move_2024_get_new/new_final_jpeg_to_use/GentUnivBib/GentUnivBib_-_MargeritaPhilisophica_BHSL-HS-0007/GentUnivBib_-_BHSL-HS-0007_00213.jpg
         ...
             ... success

  Moving
BHSL-HS-0007_2014_0214_AC.jpg
  TO
/cygdrive/c/David/FHTW-2025-All_-_move_2024_get_new/new_final_jpeg_to_use/GentUnivBib/GentUnivBib_-_MargeritaPhilisophica_BHSL-HS-0007/GentUnivBib_-_BHSL-HS-0007_00214.jpg
         ...
             ... success

  Moving
BHSL-HS-0007_2014_0215_AC.jpg
  TO
/cygdrive/c/David/FHTW-2025-All_-_move_2024_get_new/new_final_jpeg_to_use/GentUnivBib/GentUnivBib_-_MargeritaPhilisophica_BHSL-HS-0007/GentUnivBib_-_BHSL-HS-0007_00215.jpg
         ...
             ... success

  Moving
BHSL-HS-0007_2014_0216_AC.jpg
  TO
/cygdrive/c/David/FHTW-2025-All_-_move_2024_get_new/new_final_jpeg_to_use/GentUnivBib/GentUnivBib_-_MargeritaPhilisophica_BHSL-HS-0007/GentUnivBib_-_BHSL-HS-0007_00216.jpg
         ...
             ... success

  Moving
BHSL-HS-0007_2014_0217_AC.jpg
  TO
/cygdrive/c/David/FHTW-2025-All_-_move_2024_get_new/new_final_jpeg_to_use/GentUnivBib/GentUnivBib_-_MargeritaPhilisophica_BHSL-HS-0007/GentUnivBib_-_BHSL-HS-0007_00217.jpg
         ...
             ... success

  Moving
BHSL-HS-0007_2014_0218_AC.jpg
  TO
/cygdrive/c/David/FHTW-2025-All_-_move_2024_get_new/new_final_jpeg_to_use/GentUnivBib/GentUnivBib_-_MargeritaPhilisophica_BHSL-HS-0007/GentUnivBib_-_BHSL-HS-0007_00218.jpg
         ...
             ... success

  Moving
BHSL-HS-0007_2014_0219_AC.jpg
  TO
/cygdrive/c/David/FHTW-2025-All_-_move_2024_get_new/new_final_jpeg_to_use/GentUnivBib/GentUnivBib_-_MargeritaPhilisophica_BHSL-HS-0007/GentUnivBib_-_BHSL-HS-0007_00219.jpg
         ...
             ... success

  Moving
BHSL-HS-0007_2014_0220_AC.jpg
  TO
/cygdrive/c/David/FHTW-2025-All_-_move_2024_get_new/new_final_jpeg_to_use/GentUnivBib/GentUnivBib_-_MargeritaPhilisophica_BHSL-HS-0007/GentUnivBib_-_BHSL-HS-0007_00220.jpg
         ...
             ... success

  Moving
BHSL-HS-0007_2014_0221_AC.jpg
  TO
/cygdrive/c/David/FHTW-2025-All_-_move_2024_get_new/new_final_jpeg_to_use/GentUnivBib/GentUnivBib_-_MargeritaPhilisophica_BHSL-HS-0007/GentUnivBib_-_BHSL-HS-0007_00221.jpg
         ...
             ... success

  Moving
BHSL-HS-0007_2014_0222_AC.jpg
  TO
/cygdrive/c/David/FHTW-2025-All_-_move_2024_get_new/new_final_jpeg_to_use/GentUnivBib/GentUnivBib_-_MargeritaPhilisophica_BHSL-HS-0007/GentUnivBib_-_BHSL-HS-0007_00222.jpg
         ...
             ... success

  Moving
BHSL-HS-0007_2014_0223_AC.jpg
  TO
/cygdrive/c/David/FHTW-2025-All_-_move_2024_get_new/new_final_jpeg_to_use/GentUnivBib/GentUnivBib_-_MargeritaPhilisophica_BHSL-HS-0007/GentUnivBib_-_BHSL-HS-0007_00223.jpg
         ...
             ... success

  Moving
BHSL-HS-0007_2014_0224_AC.jpg
  TO
/cygdrive/c/David/FHTW-2025-All_-_move_2024_get_new/new_final_jpeg_to_use/GentUnivBib/GentUnivBib_-_MargeritaPhilisophica_BHSL-HS-0007/GentUnivBib_-_BHSL-HS-0007_00224.jpg
         ...
             ... success

  Moving
BHSL-HS-0007_2014_0225_AC.jpg
  TO
/cygdrive/c/David/FHTW-2025-All_-_move_2024_get_new/new_final_jpeg_to_use/GentUnivBib/GentUnivBib_-_MargeritaPhilisophica_BHSL-HS-0007/GentUnivBib_-_BHSL-HS-0007_00225.jpg
         ...
             ... success

  Moving
BHSL-HS-0007_2014_0226_AC.jpg
  TO
/cygdrive/c/David/FHTW-2025-All_-_move_2024_get_new/new_final_jpeg_to_use/GentUnivBib/GentUnivBib_-_MargeritaPhilisophica_BHSL-HS-0007/GentUnivBib_-_BHSL-HS-0007_00226.jpg
         ...
             ... success

  Moving
BHSL-HS-0007_2014_0227_AC.jpg
  TO
/cygdrive/c/David/FHTW-2025-All_-_move_2024_get_new/new_final_jpeg_to_use/GentUnivBib/GentUnivBib_-_MargeritaPhilisophica_BHSL-HS-0007/GentUnivBib_-_BHSL-HS-0007_00227.jpg
         ...
             ... success

  Moving
BHSL-HS-0007_2014_0228_AC.jpg
  TO
/cygdrive/c/David/FHTW-2025-All_-_move_2024_get_new/new_final_jpeg_to_use/GentUnivBib/GentUnivBib_-_MargeritaPhilisophica_BHSL-HS-0007/GentUnivBib_-_BHSL-HS-0007_00228.jpg
         ...
             ... success

  Moving
BHSL-HS-0007_2014_0229_AC.jpg
  TO
/cygdrive/c/David/FHTW-2025-All_-_move_2024_get_new/new_final_jpeg_to_use/GentUnivBib/GentUnivBib_-_MargeritaPhilisophica_BHSL-HS-0007/GentUnivBib_-_BHSL-HS-0007_00229.jpg
         ...
             ... success

  Moving
BHSL-HS-0007_2014_0230_AC.jpg
  TO
/cygdrive/c/David/FHTW-2025-All_-_move_2024_get_new/new_final_jpeg_to_use/GentUnivBib/GentUnivBib_-_MargeritaPhilisophica_BHSL-HS-0007/GentUnivBib_-_BHSL-HS-0007_00230.jpg
         ...
             ... success

  Moving
BHSL-HS-0007_2014_0231_AC.jpg
  TO
/cygdrive/c/David/FHTW-2025-All_-_move_2024_get_new/new_final_jpeg_to_use/GentUnivBib/GentUnivBib_-_MargeritaPhilisophica_BHSL-HS-0007/GentUnivBib_-_BHSL-HS-0007_00231.jpg
         ...
             ... success

  Moving
BHSL-HS-0007_2014_0232_AC.jpg
  TO
/cygdrive/c/David/FHTW-2025-All_-_move_2024_get_new/new_final_jpeg_to_use/GentUnivBib/GentUnivBib_-_MargeritaPhilisophica_BHSL-HS-0007/GentUnivBib_-_BHSL-HS-0007_00232.jpg
         ...
             ... success

  Moving
BHSL-HS-0007_2014_0233_AC.jpg
  TO
/cygdrive/c/David/FHTW-2025-All_-_move_2024_get_new/new_final_jpeg_to_use/GentUnivBib/GentUnivBib_-_MargeritaPhilisophica_BHSL-HS-0007/GentUnivBib_-_BHSL-HS-0007_00233.jpg
         ...
             ... success

  Moving
BHSL-HS-0007_2014_0234_AC.jpg
  TO
/cygdrive/c/David/FHTW-2025-All_-_move_2024_get_new/new_final_jpeg_to_use/GentUnivBib/GentUnivBib_-_MargeritaPhilisophica_BHSL-HS-0007/GentUnivBib_-_BHSL-HS-0007_00234.jpg
         ...
             ... success

  Moving
BHSL-HS-0007_2014_0235_AC.jpg
  TO
/cygdrive/c/David/FHTW-2025-All_-_move_2024_get_new/new_final_jpeg_to_use/GentUnivBib/GentUnivBib_-_MargeritaPhilisophica_BHSL-HS-0007/GentUnivBib_-_BHSL-HS-0007_00235.jpg
         ...
             ... success

  Moving
BHSL-HS-0007_2014_0236_AC.jpg
  TO
/cygdrive/c/David/FHTW-2025-All_-_move_2024_get_new/new_final_jpeg_to_use/GentUnivBib/GentUnivBib_-_MargeritaPhilisophica_BHSL-HS-0007/GentUnivBib_-_BHSL-HS-0007_00236.jpg
         ...
             ... success

  Moving
BHSL-HS-0007_2014_0237_AC.jpg
  TO
/cygdrive/c/David/FHTW-2025-All_-_move_2024_get_new/new_final_jpeg_to_use/GentUnivBib/GentUnivBib_-_MargeritaPhilisophica_BHSL-HS-0007/GentUnivBib_-_BHSL-HS-0007_00237.jpg
         ...
             ... success

  Moving
BHSL-HS-0007_2014_0238_AC.jpg
  TO
/cygdrive/c/David/FHTW-2025-All_-_move_2024_get_new/new_final_jpeg_to_use/GentUnivBib/GentUnivBib_-_MargeritaPhilisophica_BHSL-HS-0007/GentUnivBib_-_BHSL-HS-0007_00238.jpg
         ...
             ... success

  Moving
BHSL-HS-0007_2014_0239_AC.jpg
  TO
/cygdrive/c/David/FHTW-2025-All_-_move_2024_get_new/new_final_jpeg_to_use/GentUnivBib/GentUnivBib_-_MargeritaPhilisophica_BHSL-HS-0007/GentUnivBib_-_BHSL-HS-0007_00239.jpg
         ...
             ... success

  Moving
BHSL-HS-0007_2014_0240_AC.jpg
  TO
/cygdrive/c/David/FHTW-2025-All_-_move_2024_get_new/new_final_jpeg_to_use/GentUnivBib/GentUnivBib_-_MargeritaPhilisophica_BHSL-HS-0007/GentUnivBib_-_BHSL-HS-0007_00240.jpg
         ...
             ... success

  Moving
BHSL-HS-0007_2014_0241_AC.jpg
  TO
/cygdrive/c/David/FHTW-2025-All_-_move_2024_get_new/new_final_jpeg_to_use/GentUnivBib/GentUnivBib_-_MargeritaPhilisophica_BHSL-HS-0007/GentUnivBib_-_BHSL-HS-0007_00241.jpg
         ...
             ... success

  Moving
BHSL-HS-0007_2014_0242_AC.jpg
  TO
/cygdrive/c/David/FHTW-2025-All_-_move_2024_get_new/new_final_jpeg_to_use/GentUnivBib/GentUnivBib_-_MargeritaPhilisophica_BHSL-HS-0007/GentUnivBib_-_BHSL-HS-0007_00242.jpg
         ...
             ... success

  Moving
BHSL-HS-0007_2014_0243_AC.jpg
  TO
/cygdrive/c/David/FHTW-2025-All_-_move_2024_get_new/new_final_jpeg_to_use/GentUnivBib/GentUnivBib_-_MargeritaPhilisophica_BHSL-HS-0007/GentUnivBib_-_BHSL-HS-0007_00243.jpg
         ...
             ... success

  Moving
BHSL-HS-0007_2014_0244_AC.jpg
  TO
/cygdrive/c/David/FHTW-2025-All_-_move_2024_get_new/new_final_jpeg_to_use/GentUnivBib/GentUnivBib_-_MargeritaPhilisophica_BHSL-HS-0007/GentUnivBib_-_BHSL-HS-0007_00244.jpg
         ...
             ... success

  Moving
BHSL-HS-0007_2014_0245_AC.jpg
  TO
/cygdrive/c/David/FHTW-2025-All_-_move_2024_get_new/new_final_jpeg_to_use/GentUnivBib/GentUnivBib_-_MargeritaPhilisophica_BHSL-HS-0007/GentUnivBib_-_BHSL-HS-0007_00245.jpg
         ...
             ... success

  Moving
BHSL-HS-0007_2014_0246_AC.jpg
  TO
/cygdrive/c/David/FHTW-2025-All_-_move_2024_get_new/new_final_jpeg_to_use/GentUnivBib/GentUnivBib_-_MargeritaPhilisophica_BHSL-HS-0007/GentUnivBib_-_BHSL-HS-0007_00246.jpg
         ...
             ... success

  Moving
BHSL-HS-0007_2014_0247_AC.jpg
  TO
/cygdrive/c/David/FHTW-2025-All_-_move_2024_get_new/new_final_jpeg_to_use/GentUnivBib/GentUnivBib_-_MargeritaPhilisophica_BHSL-HS-0007/GentUnivBib_-_BHSL-HS-0007_00247.jpg
         ...
             ... success

  Moving
BHSL-HS-0007_2014_0248_AC.jpg
  TO
/cygdrive/c/David/FHTW-2025-All_-_move_2024_get_new/new_final_jpeg_to_use/GentUnivBib/GentUnivBib_-_MargeritaPhilisophica_BHSL-HS-0007/GentUnivBib_-_BHSL-HS-0007_00248.jpg
         ...
             ... success

  Moving
BHSL-HS-0007_2014_0249_AC.jpg
  TO
/cygdrive/c/David/FHTW-2025-All_-_move_2024_get_new/new_final_jpeg_to_use/GentUnivBib/GentUnivBib_-_MargeritaPhilisophica_BHSL-HS-0007/GentUnivBib_-_BHSL-HS-0007_00249.jpg
         ...
             ... success

  Moving
BHSL-HS-0007_2014_0250_AC.jpg
  TO
/cygdrive/c/David/FHTW-2025-All_-_move_2024_get_new/new_final_jpeg_to_use/GentUnivBib/GentUnivBib_-_MargeritaPhilisophica_BHSL-HS-0007/GentUnivBib_-_BHSL-HS-0007_00250.jpg
         ...
             ... success

  Moving
BHSL-HS-0007_2014_0251_AC.jpg
  TO
/cygdrive/c/David/FHTW-2025-All_-_move_2024_get_new/new_final_jpeg_to_use/GentUnivBib/GentUnivBib_-_MargeritaPhilisophica_BHSL-HS-0007/GentUnivBib_-_BHSL-HS-0007_00251.jpg
         ...
             ... success

  Moving
BHSL-HS-0007_2014_0252_AC.jpg
  TO
/cygdrive/c/David/FHTW-2025-All_-_move_2024_get_new/new_final_jpeg_to_use/GentUnivBib/GentUnivBib_-_MargeritaPhilisophica_BHSL-HS-0007/GentUnivBib_-_BHSL-HS-0007_00252.jpg
         ...
             ... success

  Moving
BHSL-HS-0007_2014_0253_AC.jpg
  TO
/cygdrive/c/David/FHTW-2025-All_-_move_2024_get_new/new_final_jpeg_to_use/GentUnivBib/GentUnivBib_-_MargeritaPhilisophica_BHSL-HS-0007/GentUnivBib_-_BHSL-HS-0007_00253.jpg
         ...
             ... success

  Moving
BHSL-HS-0007_2014_0254_AC.jpg
  TO
/cygdrive/c/David/FHTW-2025-All_-_move_2024_get_new/new_final_jpeg_to_use/GentUnivBib/GentUnivBib_-_MargeritaPhilisophica_BHSL-HS-0007/GentUnivBib_-_BHSL-HS-0007_00254.jpg
         ...
             ... success

  Moving
BHSL-HS-0007_2014_0255_AC.jpg
  TO
/cygdrive/c/David/FHTW-2025-All_-_move_2024_get_new/new_final_jpeg_to_use/GentUnivBib/GentUnivBib_-_MargeritaPhilisophica_BHSL-HS-0007/GentUnivBib_-_BHSL-HS-0007_00255.jpg
         ...
             ... success

  Moving
BHSL-HS-0007_2014_0256_AC.jpg
  TO
/cygdrive/c/David/FHTW-2025-All_-_move_2024_get_new/new_final_jpeg_to_use/GentUnivBib/GentUnivBib_-_MargeritaPhilisophica_BHSL-HS-0007/GentUnivBib_-_BHSL-HS-0007_00256.jpg
         ...
             ... success

  Moving
BHSL-HS-0007_2014_0257_AC.jpg
  TO
/cygdrive/c/David/FHTW-2025-All_-_move_2024_get_new/new_final_jpeg_to_use/GentUnivBib/GentUnivBib_-_MargeritaPhilisophica_BHSL-HS-0007/GentUnivBib_-_BHSL-HS-0007_00257.jpg
         ...
             ... success

  Moving
BHSL-HS-0007_2014_0258_AC.jpg
  TO
/cygdrive/c/David/FHTW-2025-All_-_move_2024_get_new/new_final_jpeg_to_use/GentUnivBib/GentUnivBib_-_MargeritaPhilisophica_BHSL-HS-0007/GentUnivBib_-_BHSL-HS-0007_00258.jpg
         ...
             ... success

  Moving
BHSL-HS-0007_2014_0259_AC.jpg
  TO
/cygdrive/c/David/FHTW-2025-All_-_move_2024_get_new/new_final_jpeg_to_use/GentUnivBib/GentUnivBib_-_MargeritaPhilisophica_BHSL-HS-0007/GentUnivBib_-_BHSL-HS-0007_00259.jpg
         ...
             ... success

  Moving
BHSL-HS-0007_2014_0260_AC.jpg
  TO
/cygdrive/c/David/FHTW-2025-All_-_move_2024_get_new/new_final_jpeg_to_use/GentUnivBib/GentUnivBib_-_MargeritaPhilisophica_BHSL-HS-0007/GentUnivBib_-_BHSL-HS-0007_00260.jpg
         ...
             ... success

  Moving
BHSL-HS-0007_2014_0261_AC.jpg
  TO
/cygdrive/c/David/FHTW-2025-All_-_move_2024_get_new/new_final_jpeg_to_use/GentUnivBib/GentUnivBib_-_MargeritaPhilisophica_BHSL-HS-0007/GentUnivBib_-_BHSL-HS-0007_00261.jpg
         ...
             ... success

  Moving
BHSL-HS-0007_2014_0262_AC.jpg
  TO
/cygdrive/c/David/FHTW-2025-All_-_move_2024_get_new/new_final_jpeg_to_use/GentUnivBib/GentUnivBib_-_MargeritaPhilisophica_BHSL-HS-0007/GentUnivBib_-_BHSL-HS-0007_00262.jpg
         ...
             ... success

  Moving
BHSL-HS-0007_2014_0263_AC.jpg
  TO
/cygdrive/c/David/FHTW-2025-All_-_move_2024_get_new/new_final_jpeg_to_use/GentUnivBib/GentUnivBib_-_MargeritaPhilisophica_BHSL-HS-0007/GentUnivBib_-_BHSL-HS-0007_00263.jpg
         ...
             ... success

  Moving
BHSL-HS-0007_2014_0264_AC.jpg
  TO
/cygdrive/c/David/FHTW-2025-All_-_move_2024_get_new/new_final_jpeg_to_use/GentUnivBib/GentUnivBib_-_MargeritaPhilisophica_BHSL-HS-0007/GentUnivBib_-_BHSL-HS-0007_00264.jpg
         ...
             ... success

  Moving
BHSL-HS-0007_2014_0265_AC.jpg
  TO
/cygdrive/c/David/FHTW-2025-All_-_move_2024_get_new/new_final_jpeg_to_use/GentUnivBib/GentUnivBib_-_MargeritaPhilisophica_BHSL-HS-0007/GentUnivBib_-_BHSL-HS-0007_00265.jpg
         ...
             ... success

  Moving
BHSL-HS-0007_2014_0266_AC.jpg
  TO
/cygdrive/c/David/FHTW-2025-All_-_move_2024_get_new/new_final_jpeg_to_use/GentUnivBib/GentUnivBib_-_MargeritaPhilisophica_BHSL-HS-0007/GentUnivBib_-_BHSL-HS-0007_00266.jpg
         ...
             ... success

  Moving
BHSL-HS-0007_2014_0267_AC.jpg
  TO
/cygdrive/c/David/FHTW-2025-All_-_move_2024_get_new/new_final_jpeg_to_use/GentUnivBib/GentUnivBib_-_MargeritaPhilisophica_BHSL-HS-0007/GentUnivBib_-_BHSL-HS-0007_00267.jpg
         ...
             ... success

  Moving
BHSL-HS-0007_2014_0268_AC.jpg
  TO
/cygdrive/c/David/FHTW-2025-All_-_move_2024_get_new/new_final_jpeg_to_use/GentUnivBib/GentUnivBib_-_MargeritaPhilisophica_BHSL-HS-0007/GentUnivBib_-_BHSL-HS-0007_00268.jpg
         ...
             ... success

  Moving
BHSL-HS-0007_2014_0269_AC.jpg
  TO
/cygdrive/c/David/FHTW-2025-All_-_move_2024_get_new/new_final_jpeg_to_use/GentUnivBib/GentUnivBib_-_MargeritaPhilisophica_BHSL-HS-0007/GentUnivBib_-_BHSL-HS-0007_00269.jpg
         ...
             ... success

  Moving
BHSL-HS-0007_2014_0270_AC.jpg
  TO
/cygdrive/c/David/FHTW-2025-All_-_move_2024_get_new/new_final_jpeg_to_use/GentUnivBib/GentUnivBib_-_MargeritaPhilisophica_BHSL-HS-0007/GentUnivBib_-_BHSL-HS-0007_00270.jpg
         ...
             ... success

  Moving
BHSL-HS-0007_2014_0271_AC.jpg
  TO
/cygdrive/c/David/FHTW-2025-All_-_move_2024_get_new/new_final_jpeg_to_use/GentUnivBib/GentUnivBib_-_MargeritaPhilisophica_BHSL-HS-0007/GentUnivBib_-_BHSL-HS-0007_00271.jpg
         ...
             ... success

  Moving
BHSL-HS-0007_2014_0272_AC.jpg
  TO
/cygdrive/c/David/FHTW-2025-All_-_move_2024_get_new/new_final_jpeg_to_use/GentUnivBib/GentUnivBib_-_MargeritaPhilisophica_BHSL-HS-0007/GentUnivBib_-_BHSL-HS-0007_00272.jpg
         ...
             ... success

  Moving
BHSL-HS-0007_2014_0273_AC.jpg
  TO
/cygdrive/c/David/FHTW-2025-All_-_move_2024_get_new/new_final_jpeg_to_use/GentUnivBib/GentUnivBib_-_MargeritaPhilisophica_BHSL-HS-0007/GentUnivBib_-_BHSL-HS-0007_00273.jpg
         ...
             ... success

  Moving
BHSL-HS-0007_2014_0274_AC.jpg
  TO
/cygdrive/c/David/FHTW-2025-All_-_move_2024_get_new/new_final_jpeg_to_use/GentUnivBib/GentUnivBib_-_MargeritaPhilisophica_BHSL-HS-0007/GentUnivBib_-_BHSL-HS-0007_00274.jpg
         ...
             ... success

  Moving
BHSL-HS-0007_2014_0275_AC.jpg
  TO
/cygdrive/c/David/FHTW-2025-All_-_move_2024_get_new/new_final_jpeg_to_use/GentUnivBib/GentUnivBib_-_MargeritaPhilisophica_BHSL-HS-0007/GentUnivBib_-_BHSL-HS-0007_00275.jpg
         ...
             ... success

  Moving
BHSL-HS-0007_2014_0276_AC.jpg
  TO
/cygdrive/c/David/FHTW-2025-All_-_move_2024_get_new/new_final_jpeg_to_use/GentUnivBib/GentUnivBib_-_MargeritaPhilisophica_BHSL-HS-0007/GentUnivBib_-_BHSL-HS-0007_00276.jpg
         ...
             ... success

  Moving
BHSL-HS-0007_2014_0277_AC.jpg
  TO
/cygdrive/c/David/FHTW-2025-All_-_move_2024_get_new/new_final_jpeg_to_use/GentUnivBib/GentUnivBib_-_MargeritaPhilisophica_BHSL-HS-0007/GentUnivBib_-_BHSL-HS-0007_00277.jpg
         ...
             ... success

  Moving
BHSL-HS-0007_2014_0278_AC.jpg
  TO
/cygdrive/c/David/FHTW-2025-All_-_move_2024_get_new/new_final_jpeg_to_use/GentUnivBib/GentUnivBib_-_MargeritaPhilisophica_BHSL-HS-0007/GentUnivBib_-_BHSL-HS-0007_00278.jpg
         ...
             ... success

  Moving
BHSL-HS-0007_2014_0279_AC.jpg
  TO
/cygdrive/c/David/FHTW-2025-All_-_move_2024_get_new/new_final_jpeg_to_use/GentUnivBib/GentUnivBib_-_MargeritaPhilisophica_BHSL-HS-0007/GentUnivBib_-_BHSL-HS-0007_00279.jpg
         ...
             ... success

  Moving
BHSL-HS-0007_2014_0280_AC.jpg
  TO
/cygdrive/c/David/FHTW-2025-All_-_move_2024_get_new/new_final_jpeg_to_use/GentUnivBib/GentUnivBib_-_MargeritaPhilisophica_BHSL-HS-0007/GentUnivBib_-_BHSL-HS-0007_00280.jpg
         ...
             ... success

  Moving
BHSL-HS-0007_2014_0281_AC.jpg
  TO
/cygdrive/c/David/FHTW-2025-All_-_move_2024_get_new/new_final_jpeg_to_use/GentUnivBib/GentUnivBib_-_MargeritaPhilisophica_BHSL-HS-0007/GentUnivBib_-_BHSL-HS-0007_00281.jpg
         ...
             ... success

  Moving
BHSL-HS-0007_2014_0282_AC.jpg
  TO
/cygdrive/c/David/FHTW-2025-All_-_move_2024_get_new/new_final_jpeg_to_use/GentUnivBib/GentUnivBib_-_MargeritaPhilisophica_BHSL-HS-0007/GentUnivBib_-_BHSL-HS-0007_00282.jpg
         ...
             ... success

  Moving
BHSL-HS-0007_2014_0283_AC.jpg
  TO
/cygdrive/c/David/FHTW-2025-All_-_move_2024_get_new/new_final_jpeg_to_use/GentUnivBib/GentUnivBib_-_MargeritaPhilisophica_BHSL-HS-0007/GentUnivBib_-_BHSL-HS-0007_00283.jpg
         ...
             ... success

  Moving
BHSL-HS-0007_2014_0284_AC.jpg
  TO
/cygdrive/c/David/FHTW-2025-All_-_move_2024_get_new/new_final_jpeg_to_use/GentUnivBib/GentUnivBib_-_MargeritaPhilisophica_BHSL-HS-0007/GentUnivBib_-_BHSL-HS-0007_00284.jpg
         ...
             ... success

  Moving
BHSL-HS-0007_2014_0285_AC.jpg
  TO
/cygdrive/c/David/FHTW-2025-All_-_move_2024_get_new/new_final_jpeg_to_use/GentUnivBib/GentUnivBib_-_MargeritaPhilisophica_BHSL-HS-0007/GentUnivBib_-_BHSL-HS-0007_00285.jpg
         ...
             ... success

  Moving
BHSL-HS-0007_2014_0286_AC.jpg
  TO
/cygdrive/c/David/FHTW-2025-All_-_move_2024_get_new/new_final_jpeg_to_use/GentUnivBib/GentUnivBib_-_MargeritaPhilisophica_BHSL-HS-0007/GentUnivBib_-_BHSL-HS-0007_00286.jpg
         ...
             ... success

  Moving
BHSL-HS-0007_2014_0287_AC.jpg
  TO
/cygdrive/c/David/FHTW-2025-All_-_move_2024_get_new/new_final_jpeg_to_use/GentUnivBib/GentUnivBib_-_MargeritaPhilisophica_BHSL-HS-0007/GentUnivBib_-_BHSL-HS-0007_00287.jpg
         ...
             ... success

  Moving
BHSL-HS-0007_2014_0288_AC.jpg
  TO
/cygdrive/c/David/FHTW-2025-All_-_move_2024_get_new/new_final_jpeg_to_use/GentUnivBib/GentUnivBib_-_MargeritaPhilisophica_BHSL-HS-0007/GentUnivBib_-_BHSL-HS-0007_00288.jpg
         ...
             ... success

  Moving
BHSL-HS-0007_2014_0289_AC.jpg
  TO
/cygdrive/c/David/FHTW-2025-All_-_move_2024_get_new/new_final_jpeg_to_use/GentUnivBib/GentUnivBib_-_MargeritaPhilisophica_BHSL-HS-0007/GentUnivBib_-_BHSL-HS-0007_00289.jpg
         ...
             ... success

  Moving
BHSL-HS-0007_2014_0290_AC.jpg
  TO
/cygdrive/c/David/FHTW-2025-All_-_move_2024_get_new/new_final_jpeg_to_use/GentUnivBib/GentUnivBib_-_MargeritaPhilisophica_BHSL-HS-0007/GentUnivBib_-_BHSL-HS-0007_00290.jpg
         ...
             ... success

  Moving
BHSL-HS-0007_2014_0291_AC.jpg
  TO
/cygdrive/c/David/FHTW-2025-All_-_move_2024_get_new/new_final_jpeg_to_use/GentUnivBib/GentUnivBib_-_MargeritaPhilisophica_BHSL-HS-0007/GentUnivBib_-_BHSL-HS-0007_00291.jpg
         ...
             ... success

  Moving
BHSL-HS-0007_2014_0292_AC.jpg
  TO
/cygdrive/c/David/FHTW-2025-All_-_move_2024_get_new/new_final_jpeg_to_use/GentUnivBib/GentUnivBib_-_MargeritaPhilisophica_BHSL-HS-0007/GentUnivBib_-_BHSL-HS-0007_00292.jpg
         ...
             ... success

  Moving
BHSL-HS-0007_2014_0293_AC.jpg
  TO
/cygdrive/c/David/FHTW-2025-All_-_move_2024_get_new/new_final_jpeg_to_use/GentUnivBib/GentUnivBib_-_MargeritaPhilisophica_BHSL-HS-0007/GentUnivBib_-_BHSL-HS-0007_00293.jpg
         ...
             ... success

  Moving
BHSL-HS-0007_2014_0294_AC.jpg
  TO
/cygdrive/c/David/FHTW-2025-All_-_move_2024_get_new/new_final_jpeg_to_use/GentUnivBib/GentUnivBib_-_MargeritaPhilisophica_BHSL-HS-0007/GentUnivBib_-_BHSL-HS-0007_00294.jpg
         ...
             ... success

  Moving
BHSL-HS-0007_2014_0295_AC.jpg
  TO
/cygdrive/c/David/FHTW-2025-All_-_move_2024_get_new/new_final_jpeg_to_use/GentUnivBib/GentUnivBib_-_MargeritaPhilisophica_BHSL-HS-0007/GentUnivBib_-_BHSL-HS-0007_00295.jpg
         ...
             ... success

  Moving
BHSL-HS-0007_2014_0296_AC.jpg
  TO
/cygdrive/c/David/FHTW-2025-All_-_move_2024_get_new/new_final_jpeg_to_use/GentUnivBib/GentUnivBib_-_MargeritaPhilisophica_BHSL-HS-0007/GentUnivBib_-_BHSL-HS-0007_00296.jpg
         ...
             ... success

  Moving
BHSL-HS-0007_2014_0297_AC.jpg
  TO
/cygdrive/c/David/FHTW-2025-All_-_move_2024_get_new/new_final_jpeg_to_use/GentUnivBib/GentUnivBib_-_MargeritaPhilisophica_BHSL-HS-0007/GentUnivBib_-_BHSL-HS-0007_00297.jpg
         ...
             ... success

  Moving
BHSL-HS-0007_2014_0298_AC.jpg
  TO
/cygdrive/c/David/FHTW-2025-All_-_move_2024_get_new/new_final_jpeg_to_use/GentUnivBib/GentUnivBib_-_MargeritaPhilisophica_BHSL-HS-0007/GentUnivBib_-_BHSL-HS-0007_00298.jpg
         ...
             ... success

  Moving
BHSL-HS-0007_2014_0299_AC.jpg
  TO
/cygdrive/c/David/FHTW-2025-All_-_move_2024_get_new/new_final_jpeg_to_use/GentUnivBib/GentUnivBib_-_MargeritaPhilisophica_BHSL-HS-0007/GentUnivBib_-_BHSL-HS-0007_00299.jpg
         ...
             ... success

  Moving
BHSL-HS-0007_2014_0300_AC.jpg
  TO
/cygdrive/c/David/FHTW-2025-All_-_move_2024_get_new/new_final_jpeg_to_use/GentUnivBib/GentUnivBib_-_MargeritaPhilisophica_BHSL-HS-0007/GentUnivBib_-_BHSL-HS-0007_00300.jpg
         ...
             ... success

  Moving
BHSL-HS-0007_2014_0301_AC.jpg
  TO
/cygdrive/c/David/FHTW-2025-All_-_move_2024_get_new/new_final_jpeg_to_use/GentUnivBib/GentUnivBib_-_MargeritaPhilisophica_BHSL-HS-0007/GentUnivBib_-_BHSL-HS-0007_00301.jpg
         ...
             ... success

  Moving
BHSL-HS-0007_2014_0302_AC.jpg
  TO
/cygdrive/c/David/FHTW-2025-All_-_move_2024_get_new/new_final_jpeg_to_use/GentUnivBib/GentUnivBib_-_MargeritaPhilisophica_BHSL-HS-0007/GentUnivBib_-_BHSL-HS-0007_00302.jpg
         ...
             ... success

  Moving
BHSL-HS-0007_2014_0303_AC.jpg
  TO
/cygdrive/c/David/FHTW-2025-All_-_move_2024_get_new/new_final_jpeg_to_use/GentUnivBib/GentUnivBib_-_MargeritaPhilisophica_BHSL-HS-0007/GentUnivBib_-_BHSL-HS-0007_00303.jpg
         ...
             ... success

  Moving
BHSL-HS-0007_2014_0304_AC.jpg
  TO
/cygdrive/c/David/FHTW-2025-All_-_move_2024_get_new/new_final_jpeg_to_use/GentUnivBib/GentUnivBib_-_MargeritaPhilisophica_BHSL-HS-0007/GentUnivBib_-_BHSL-HS-0007_00304.jpg
         ...
             ... success

  Moving
BHSL-HS-0007_2014_0305_AC.jpg
  TO
/cygdrive/c/David/FHTW-2025-All_-_move_2024_get_new/new_final_jpeg_to_use/GentUnivBib/GentUnivBib_-_MargeritaPhilisophica_BHSL-HS-0007/GentUnivBib_-_BHSL-HS-0007_00305.jpg
         ...
             ... success

  Moving
BHSL-HS-0007_2014_0306_AC.jpg
  TO
/cygdrive/c/David/FHTW-2025-All_-_move_2024_get_new/new_final_jpeg_to_use/GentUnivBib/GentUnivBib_-_MargeritaPhilisophica_BHSL-HS-0007/GentUnivBib_-_BHSL-HS-0007_00306.jpg
         ...
             ... success

  Moving
BHSL-HS-0007_2014_0307_AC.jpg
  TO
/cygdrive/c/David/FHTW-2025-All_-_move_2024_get_new/new_final_jpeg_to_use/GentUnivBib/GentUnivBib_-_MargeritaPhilisophica_BHSL-HS-0007/GentUnivBib_-_BHSL-HS-0007_00307.jpg
         ...
             ... success

  Moving
BHSL-HS-0007_2014_0308_AC.jpg
  TO
/cygdrive/c/David/FHTW-2025-All_-_move_2024_get_new/new_final_jpeg_to_use/GentUnivBib/GentUnivBib_-_MargeritaPhilisophica_BHSL-HS-0007/GentUnivBib_-_BHSL-HS-0007_00308.jpg
         ...
             ... success

  Moving
BHSL-HS-0007_2014_0309_AC.jpg
  TO
/cygdrive/c/David/FHTW-2025-All_-_move_2024_get_new/new_final_jpeg_to_use/GentUnivBib/GentUnivBib_-_MargeritaPhilisophica_BHSL-HS-0007/GentUnivBib_-_BHSL-HS-0007_00309.jpg
         ...
             ... success

  Moving
BHSL-HS-0007_2014_0310_AC.jpg
  TO
/cygdrive/c/David/FHTW-2025-All_-_move_2024_get_new/new_final_jpeg_to_use/GentUnivBib/GentUnivBib_-_MargeritaPhilisophica_BHSL-HS-0007/GentUnivBib_-_BHSL-HS-0007_00310.jpg
         ...
             ... success

  Moving
BHSL-HS-0007_2014_0311_AC.jpg
  TO
/cygdrive/c/David/FHTW-2025-All_-_move_2024_get_new/new_final_jpeg_to_use/GentUnivBib/GentUnivBib_-_MargeritaPhilisophica_BHSL-HS-0007/GentUnivBib_-_BHSL-HS-0007_00311.jpg
         ...
             ... success

  Moving
BHSL-HS-0007_2014_0312_AC.jpg
  TO
/cygdrive/c/David/FHTW-2025-All_-_move_2024_get_new/new_final_jpeg_to_use/GentUnivBib/GentUnivBib_-_MargeritaPhilisophica_BHSL-HS-0007/GentUnivBib_-_BHSL-HS-0007_00312.jpg
         ...
             ... success

  Moving
BHSL-HS-0007_2014_0313_AC.jpg
  TO
/cygdrive/c/David/FHTW-2025-All_-_move_2024_get_new/new_final_jpeg_to_use/GentUnivBib/GentUnivBib_-_MargeritaPhilisophica_BHSL-HS-0007/GentUnivBib_-_BHSL-HS-0007_00313.jpg
         ...
             ... success

  Moving
BHSL-HS-0007_2014_0314_AC.jpg
  TO
/cygdrive/c/David/FHTW-2025-All_-_move_2024_get_new/new_final_jpeg_to_use/GentUnivBib/GentUnivBib_-_MargeritaPhilisophica_BHSL-HS-0007/GentUnivBib_-_BHSL-HS-0007_00314.jpg
         ...
             ... success

  Moving
BHSL-HS-0007_2014_0315_AC.jpg
  TO
/cygdrive/c/David/FHTW-2025-All_-_move_2024_get_new/new_final_jpeg_to_use/GentUnivBib/GentUnivBib_-_MargeritaPhilisophica_BHSL-HS-0007/GentUnivBib_-_BHSL-HS-0007_00315.jpg
         ...
             ... success

  Moving
BHSL-HS-0007_2014_0316_AC.jpg
  TO
/cygdrive/c/David/FHTW-2025-All_-_move_2024_get_new/new_final_jpeg_to_use/GentUnivBib/GentUnivBib_-_MargeritaPhilisophica_BHSL-HS-0007/GentUnivBib_-_BHSL-HS-0007_00316.jpg
         ...
             ... success

  Moving
BHSL-HS-0007_2014_0317_AC.jpg
  TO
/cygdrive/c/David/FHTW-2025-All_-_move_2024_get_new/new_final_jpeg_to_use/GentUnivBib/GentUnivBib_-_MargeritaPhilisophica_BHSL-HS-0007/GentUnivBib_-_BHSL-HS-0007_00317.jpg
         ...
             ... success

  Moving
BHSL-HS-0007_2014_0318_AC.jpg
  TO
/cygdrive/c/David/FHTW-2025-All_-_move_2024_get_new/new_final_jpeg_to_use/GentUnivBib/GentUnivBib_-_MargeritaPhilisophica_BHSL-HS-0007/GentUnivBib_-_BHSL-HS-0007_00318.jpg
         ...
             ... success

  Moving
BHSL-HS-0007_2014_0319_AC.jpg
  TO
/cygdrive/c/David/FHTW-2025-All_-_move_2024_get_new/new_final_jpeg_to_use/GentUnivBib/GentUnivBib_-_MargeritaPhilisophica_BHSL-HS-0007/GentUnivBib_-_BHSL-HS-0007_00319.jpg
         ...
             ... success

  Moving
BHSL-HS-0007_2014_0320_AC.jpg
  TO
/cygdrive/c/David/FHTW-2025-All_-_move_2024_get_new/new_final_jpeg_to_use/GentUnivBib/GentUnivBib_-_MargeritaPhilisophica_BHSL-HS-0007/GentUnivBib_-_BHSL-HS-0007_00320.jpg
         ...
             ... success

  Moving
BHSL-HS-0007_2014_0321_AC.jpg
  TO
/cygdrive/c/David/FHTW-2025-All_-_move_2024_get_new/new_final_jpeg_to_use/GentUnivBib/GentUnivBib_-_MargeritaPhilisophica_BHSL-HS-0007/GentUnivBib_-_BHSL-HS-0007_00321.jpg
         ...
             ... success

  Moving
BHSL-HS-0007_2014_0322_AC.jpg
  TO
/cygdrive/c/David/FHTW-2025-All_-_move_2024_get_new/new_final_jpeg_to_use/GentUnivBib/GentUnivBib_-_MargeritaPhilisophica_BHSL-HS-0007/GentUnivBib_-_BHSL-HS-0007_00322.jpg
         ...
             ... success

  Moving
BHSL-HS-0007_2014_0323_AC.jpg
  TO
/cygdrive/c/David/FHTW-2025-All_-_move_2024_get_new/new_final_jpeg_to_use/GentUnivBib/GentUnivBib_-_MargeritaPhilisophica_BHSL-HS-0007/GentUnivBib_-_BHSL-HS-0007_00323.jpg
         ...
             ... success

  Moving
BHSL-HS-0007_2014_0324_AC.jpg
  TO
/cygdrive/c/David/FHTW-2025-All_-_move_2024_get_new/new_final_jpeg_to_use/GentUnivBib/GentUnivBib_-_MargeritaPhilisophica_BHSL-HS-0007/GentUnivBib_-_BHSL-HS-0007_00324.jpg
         ...
             ... success

  Moving
BHSL-HS-0007_2014_0325_AC.jpg
  TO
/cygdrive/c/David/FHTW-2025-All_-_move_2024_get_new/new_final_jpeg_to_use/GentUnivBib/GentUnivBib_-_MargeritaPhilisophica_BHSL-HS-0007/GentUnivBib_-_BHSL-HS-0007_00325.jpg
         ...
             ... success

  Moving
BHSL-HS-0007_2014_0326_AC.jpg
  TO
/cygdrive/c/David/FHTW-2025-All_-_move_2024_get_new/new_final_jpeg_to_use/GentUnivBib/GentUnivBib_-_MargeritaPhilisophica_BHSL-HS-0007/GentUnivBib_-_BHSL-HS-0007_00326.jpg
         ...
             ... success

  Moving
BHSL-HS-0007_2014_0327_AC.jpg
  TO
/cygdrive/c/David/FHTW-2025-All_-_move_2024_get_new/new_final_jpeg_to_use/GentUnivBib/GentUnivBib_-_MargeritaPhilisophica_BHSL-HS-0007/GentUnivBib_-_BHSL-HS-0007_00327.jpg
         ...
             ... success

  Moving
BHSL-HS-0007_2014_0328_AC.jpg
  TO
/cygdrive/c/David/FHTW-2025-All_-_move_2024_get_new/new_final_jpeg_to_use/GentUnivBib/GentUnivBib_-_MargeritaPhilisophica_BHSL-HS-0007/GentUnivBib_-_BHSL-HS-0007_00328.jpg
         ...
             ... success

  Moving
BHSL-HS-0007_2014_0329_AC.jpg
  TO
/cygdrive/c/David/FHTW-2025-All_-_move_2024_get_new/new_final_jpeg_to_use/GentUnivBib/GentUnivBib_-_MargeritaPhilisophica_BHSL-HS-0007/GentUnivBib_-_BHSL-HS-0007_00329.jpg
         ...
             ... success

  Moving
BHSL-HS-0007_2014_0330_AC.jpg
  TO
/cygdrive/c/David/FHTW-2025-All_-_move_2024_get_new/new_final_jpeg_to_use/GentUnivBib/GentUnivBib_-_MargeritaPhilisophica_BHSL-HS-0007/GentUnivBib_-_BHSL-HS-0007_00330.jpg
         ...
             ... success

  Moving
BHSL-HS-0007_2014_0331_AC.jpg
  TO
/cygdrive/c/David/FHTW-2025-All_-_move_2024_get_new/new_final_jpeg_to_use/GentUnivBib/GentUnivBib_-_MargeritaPhilisophica_BHSL-HS-0007/GentUnivBib_-_BHSL-HS-0007_00331.jpg
         ...
             ... success

  Moving
BHSL-HS-0007_2014_0332_AC.jpg
  TO
/cygdrive/c/David/FHTW-2025-All_-_move_2024_get_new/new_final_jpeg_to_use/GentUnivBib/GentUnivBib_-_MargeritaPhilisophica_BHSL-HS-0007/GentUnivBib_-_BHSL-HS-0007_00332.jpg
         ...
             ... success

  Moving
BHSL-HS-0007_2014_0333_AC.jpg
  TO
/cygdrive/c/David/FHTW-2025-All_-_move_2024_get_new/new_final_jpeg_to_use/GentUnivBib/GentUnivBib_-_MargeritaPhilisophica_BHSL-HS-0007/GentUnivBib_-_BHSL-HS-0007_00333.jpg
         ...
             ... success

  Moving
BHSL-HS-0007_2014_0334_AC.jpg
  TO
/cygdrive/c/David/FHTW-2025-All_-_move_2024_get_new/new_final_jpeg_to_use/GentUnivBib/GentUnivBib_-_MargeritaPhilisophica_BHSL-HS-0007/GentUnivBib_-_BHSL-HS-0007_00334.jpg
         ...
             ... success

  Moving
BHSL-HS-0007_2014_0335_AC.jpg
  TO
/cygdrive/c/David/FHTW-2025-All_-_move_2024_get_new/new_final_jpeg_to_use/GentUnivBib/GentUnivBib_-_MargeritaPhilisophica_BHSL-HS-0007/GentUnivBib_-_BHSL-HS-0007_00335.jpg
         ...
             ... success

  Moving
BHSL-HS-0007_2014_0336_AC.jpg
  TO
/cygdrive/c/David/FHTW-2025-All_-_move_2024_get_new/new_final_jpeg_to_use/GentUnivBib/GentUnivBib_-_MargeritaPhilisophica_BHSL-HS-0007/GentUnivBib_-_BHSL-HS-0007_00336.jpg
         ...
             ... success

  Moving
BHSL-HS-0007_2014_0337_AC.jpg
  TO
/cygdrive/c/David/FHTW-2025-All_-_move_2024_get_new/new_final_jpeg_to_use/GentUnivBib/GentUnivBib_-_MargeritaPhilisophica_BHSL-HS-0007/GentUnivBib_-_BHSL-HS-0007_00337.jpg
         ...
             ... success

  Moving
BHSL-HS-0007_2014_0338_AC.jpg
  TO
/cygdrive/c/David/FHTW-2025-All_-_move_2024_get_new/new_final_jpeg_to_use/GentUnivBib/GentUnivBib_-_MargeritaPhilisophica_BHSL-HS-0007/GentUnivBib_-_BHSL-HS-0007_00338.jpg
         ...
             ... success

  Moving
BHSL-HS-0007_2014_0339_AC.jpg
  TO
/cygdrive/c/David/FHTW-2025-All_-_move_2024_get_new/new_final_jpeg_to_use/GentUnivBib/GentUnivBib_-_MargeritaPhilisophica_BHSL-HS-0007/GentUnivBib_-_BHSL-HS-0007_00339.jpg
         ...
             ... success

  Moving
BHSL-HS-0007_2014_0340_AC.jpg
  TO
/cygdrive/c/David/FHTW-2025-All_-_move_2024_get_new/new_final_jpeg_to_use/GentUnivBib/GentUnivBib_-_MargeritaPhilisophica_BHSL-HS-0007/GentUnivBib_-_BHSL-HS-0007_00340.jpg
         ...
             ... success

  Moving
BHSL-HS-0007_2014_0341_AC.jpg
  TO
/cygdrive/c/David/FHTW-2025-All_-_move_2024_get_new/new_final_jpeg_to_use/GentUnivBib/GentUnivBib_-_MargeritaPhilisophica_BHSL-HS-0007/GentUnivBib_-_BHSL-HS-0007_00341.jpg
         ...
             ... success

  Moving
BHSL-HS-0007_2014_0342_AC.jpg
  TO
/cygdrive/c/David/FHTW-2025-All_-_move_2024_get_new/new_final_jpeg_to_use/GentUnivBib/GentUnivBib_-_MargeritaPhilisophica_BHSL-HS-0007/GentUnivBib_-_BHSL-HS-0007_00342.jpg
         ...
             ... success

  Moving
BHSL-HS-0007_2014_0343_AC.jpg
  TO
/cygdrive/c/David/FHTW-2025-All_-_move_2024_get_new/new_final_jpeg_to_use/GentUnivBib/GentUnivBib_-_MargeritaPhilisophica_BHSL-HS-0007/GentUnivBib_-_BHSL-HS-0007_00343.jpg
         ...
             ... success

  Moving
BHSL-HS-0007_2014_0344_AC.jpg
  TO
/cygdrive/c/David/FHTW-2025-All_-_move_2024_get_new/new_final_jpeg_to_use/GentUnivBib/GentUnivBib_-_MargeritaPhilisophica_BHSL-HS-0007/GentUnivBib_-_BHSL-HS-0007_00344.jpg
         ...
             ... success

  Moving
BHSL-HS-0007_2014_0345_AC.jpg
  TO
/cygdrive/c/David/FHTW-2025-All_-_move_2024_get_new/new_final_jpeg_to_use/GentUnivBib/GentUnivBib_-_MargeritaPhilisophica_BHSL-HS-0007/GentUnivBib_-_BHSL-HS-0007_00345.jpg
         ...
             ... success

  Moving
BHSL-HS-0007_2014_0346_AC.jpg
  TO
/cygdrive/c/David/FHTW-2025-All_-_move_2024_get_new/new_final_jpeg_to_use/GentUnivBib/GentUnivBib_-_MargeritaPhilisophica_BHSL-HS-0007/GentUnivBib_-_BHSL-HS-0007_00346.jpg
         ...
             ... success

  Moving
BHSL-HS-0007_2014_0347_AC.jpg
  TO
/cygdrive/c/David/FHTW-2025-All_-_move_2024_get_new/new_final_jpeg_to_use/GentUnivBib/GentUnivBib_-_MargeritaPhilisophica_BHSL-HS-0007/GentUnivBib_-_BHSL-HS-0007_00347.jpg
         ...
             ... success

  Moving
BHSL-HS-0007_2014_0348_AC.jpg
  TO
/cygdrive/c/David/FHTW-2025-All_-_move_2024_get_new/new_final_jpeg_to_use/GentUnivBib/GentUnivBib_-_MargeritaPhilisophica_BHSL-HS-0007/GentUnivBib_-_BHSL-HS-0007_00348.jpg
         ...
             ... success

  Moving
BHSL-HS-0007_2014_0349_AC.jpg
  TO
/cygdrive/c/David/FHTW-2025-All_-_move_2024_get_new/new_final_jpeg_to_use/GentUnivBib/GentUnivBib_-_MargeritaPhilisophica_BHSL-HS-0007/GentUnivBib_-_BHSL-HS-0007_00349.jpg
         ...
             ... success

  Moving
BHSL-HS-0007_2014_0350_AC.jpg
  TO
/cygdrive/c/David/FHTW-2025-All_-_move_2024_get_new/new_final_jpeg_to_use/GentUnivBib/GentUnivBib_-_MargeritaPhilisophica_BHSL-HS-0007/GentUnivBib_-_BHSL-HS-0007_00350.jpg
         ...
             ... success

  Moving
BHSL-HS-0007_2014_0351_AC.jpg
  TO
/cygdrive/c/David/FHTW-2025-All_-_move_2024_get_new/new_final_jpeg_to_use/GentUnivBib/GentUnivBib_-_MargeritaPhilisophica_BHSL-HS-0007/GentUnivBib_-_BHSL-HS-0007_00351.jpg
         ...
             ... success

  Moving
BHSL-HS-0007_2014_0352_AC.jpg
  TO
/cygdrive/c/David/FHTW-2025-All_-_move_2024_get_new/new_final_jpeg_to_use/GentUnivBib/GentUnivBib_-_MargeritaPhilisophica_BHSL-HS-0007/GentUnivBib_-_BHSL-HS-0007_00352.jpg
         ...
             ... success

  Moving
BHSL-HS-0007_2014_0353_AC.jpg
  TO
/cygdrive/c/David/FHTW-2025-All_-_move_2024_get_new/new_final_jpeg_to_use/GentUnivBib/GentUnivBib_-_MargeritaPhilisophica_BHSL-HS-0007/GentUnivBib_-_BHSL-HS-0007_00353.jpg
         ...
             ... success

  Moving
BHSL-HS-0007_2014_0354_AC.jpg
  TO
/cygdrive/c/David/FHTW-2025-All_-_move_2024_get_new/new_final_jpeg_to_use/GentUnivBib/GentUnivBib_-_MargeritaPhilisophica_BHSL-HS-0007/GentUnivBib_-_BHSL-HS-0007_00354.jpg
         ...
             ... success

  Moving
BHSL-HS-0007_2014_0355_AC.jpg
  TO
/cygdrive/c/David/FHTW-2025-All_-_move_2024_get_new/new_final_jpeg_to_use/GentUnivBib/GentUnivBib_-_MargeritaPhilisophica_BHSL-HS-0007/GentUnivBib_-_BHSL-HS-0007_00355.jpg
         ...
             ... success

  Moving
BHSL-HS-0007_2014_0356_AC.jpg
  TO
/cygdrive/c/David/FHTW-2025-All_-_move_2024_get_new/new_final_jpeg_to_use/GentUnivBib/GentUnivBib_-_MargeritaPhilisophica_BHSL-HS-0007/GentUnivBib_-_BHSL-HS-0007_00356.jpg
         ...
             ... success

  Moving
BHSL-HS-0007_2014_0357_AC.jpg
  TO
/cygdrive/c/David/FHTW-2025-All_-_move_2024_get_new/new_final_jpeg_to_use/GentUnivBib/GentUnivBib_-_MargeritaPhilisophica_BHSL-HS-0007/GentUnivBib_-_BHSL-HS-0007_00357.jpg
         ...
             ... success

  Moving
BHSL-HS-0007_2014_0358_AC.jpg
  TO
/cygdrive/c/David/FHTW-2025-All_-_move_2024_get_new/new_final_jpeg_to_use/GentUnivBib/GentUnivBib_-_MargeritaPhilisophica_BHSL-HS-0007/GentUnivBib_-_BHSL-HS-0007_00358.jpg
         ...
             ... success

  Moving
BHSL-HS-0007_2014_0359_AC.jpg
  TO
/cygdrive/c/David/FHTW-2025-All_-_move_2024_get_new/new_final_jpeg_to_use/GentUnivBib/GentUnivBib_-_MargeritaPhilisophica_BHSL-HS-0007/GentUnivBib_-_BHSL-HS-0007_00359.jpg
         ...
             ... success

  Moving
BHSL-HS-0007_2014_0360_AC.jpg
  TO
/cygdrive/c/David/FHTW-2025-All_-_move_2024_get_new/new_final_jpeg_to_use/GentUnivBib/GentUnivBib_-_MargeritaPhilisophica_BHSL-HS-0007/GentUnivBib_-_BHSL-HS-0007_00360.jpg
         ...
             ... success

  Moving
BHSL-HS-0007_2014_0361_AC.jpg
  TO
/cygdrive/c/David/FHTW-2025-All_-_move_2024_get_new/new_final_jpeg_to_use/GentUnivBib/GentUnivBib_-_MargeritaPhilisophica_BHSL-HS-0007/GentUnivBib_-_BHSL-HS-0007_00361.jpg
         ...
             ... success

  Moving
BHSL-HS-0007_2014_0362_AC.jpg
  TO
/cygdrive/c/David/FHTW-2025-All_-_move_2024_get_new/new_final_jpeg_to_use/GentUnivBib/GentUnivBib_-_MargeritaPhilisophica_BHSL-HS-0007/GentUnivBib_-_BHSL-HS-0007_00362.jpg
         ...
             ... success

  Moving
BHSL-HS-0007_2014_0363_AC.jpg
  TO
/cygdrive/c/David/FHTW-2025-All_-_move_2024_get_new/new_final_jpeg_to_use/GentUnivBib/GentUnivBib_-_MargeritaPhilisophica_BHSL-HS-0007/GentUnivBib_-_BHSL-HS-0007_00363.jpg
         ...
             ... success

  Moving
BHSL-HS-0007_2014_0364_AC.jpg
  TO
/cygdrive/c/David/FHTW-2025-All_-_move_2024_get_new/new_final_jpeg_to_use/GentUnivBib/GentUnivBib_-_MargeritaPhilisophica_BHSL-HS-0007/GentUnivBib_-_BHSL-HS-0007_00364.jpg
         ...
             ... success

  Moving
BHSL-HS-0007_2014_0365_AC.jpg
  TO
/cygdrive/c/David/FHTW-2025-All_-_move_2024_get_new/new_final_jpeg_to_use/GentUnivBib/GentUnivBib_-_MargeritaPhilisophica_BHSL-HS-0007/GentUnivBib_-_BHSL-HS-0007_00365.jpg
         ...
             ... success

  Moving
BHSL-HS-0007_2014_0366_AC.jpg
  TO
/cygdrive/c/David/FHTW-2025-All_-_move_2024_get_new/new_final_jpeg_to_use/GentUnivBib/GentUnivBib_-_MargeritaPhilisophica_BHSL-HS-0007/GentUnivBib_-_BHSL-HS-0007_00366.jpg
         ...
             ... success

  Moving
BHSL-HS-0007_2014_0367_AC.jpg
  TO
/cygdrive/c/David/FHTW-2025-All_-_move_2024_get_new/new_final_jpeg_to_use/GentUnivBib/GentUnivBib_-_MargeritaPhilisophica_BHSL-HS-0007/GentUnivBib_-_BHSL-HS-0007_00367.jpg
         ...
             ... success

  Moving
BHSL-HS-0007_2014_0368_AC.jpg
  TO
/cygdrive/c/David/FHTW-2025-All_-_move_2024_get_new/new_final_jpeg_to_use/GentUnivBib/GentUnivBib_-_MargeritaPhilisophica_BHSL-HS-0007/GentUnivBib_-_BHSL-HS-0007_00368.jpg
         ...
             ... success

  Moving
BHSL-HS-0007_2014_0369_AC.jpg
  TO
/cygdrive/c/David/FHTW-2025-All_-_move_2024_get_new/new_final_jpeg_to_use/GentUnivBib/GentUnivBib_-_MargeritaPhilisophica_BHSL-HS-0007/GentUnivBib_-_BHSL-HS-0007_00369.jpg
         ...
             ... success

  Moving
BHSL-HS-0007_2014_0370_AC.jpg
  TO
/cygdrive/c/David/FHTW-2025-All_-_move_2024_get_new/new_final_jpeg_to_use/GentUnivBib/GentUnivBib_-_MargeritaPhilisophica_BHSL-HS-0007/GentUnivBib_-_BHSL-HS-0007_00370.jpg
         ...
             ... success

  Moving
BHSL-HS-0007_2014_0371_AC.jpg
  TO
/cygdrive/c/David/FHTW-2025-All_-_move_2024_get_new/new_final_jpeg_to_use/GentUnivBib/GentUnivBib_-_MargeritaPhilisophica_BHSL-HS-0007/GentUnivBib_-_BHSL-HS-0007_00371.jpg
         ...
             ... success

  Moving
BHSL-HS-0007_2014_0372_AC.jpg
  TO
/cygdrive/c/David/FHTW-2025-All_-_move_2024_get_new/new_final_jpeg_to_use/GentUnivBib/GentUnivBib_-_MargeritaPhilisophica_BHSL-HS-0007/GentUnivBib_-_BHSL-HS-0007_00372.jpg
         ...
             ... success

  Moving
BHSL-HS-0007_2014_0373_AC.jpg
  TO
/cygdrive/c/David/FHTW-2025-All_-_move_2024_get_new/new_final_jpeg_to_use/GentUnivBib/GentUnivBib_-_MargeritaPhilisophica_BHSL-HS-0007/GentUnivBib_-_BHSL-HS-0007_00373.jpg
         ...
             ... success

  Moving
BHSL-HS-0007_2014_0374_AC.jpg
  TO
/cygdrive/c/David/FHTW-2025-All_-_move_2024_get_new/new_final_jpeg_to_use/GentUnivBib/GentUnivBib_-_MargeritaPhilisophica_BHSL-HS-0007/GentUnivBib_-_BHSL-HS-0007_00374.jpg
         ...
             ... success

  Moving
BHSL-HS-0007_2014_0375_AC.jpg
  TO
/cygdrive/c/David/FHTW-2025-All_-_move_2024_get_new/new_final_jpeg_to_use/GentUnivBib/GentUnivBib_-_MargeritaPhilisophica_BHSL-HS-0007/GentUnivBib_-_BHSL-HS-0007_00375.jpg
         ...
             ... success

  Moving
BHSL-HS-0007_2014_0376_AC.jpg
  TO
/cygdrive/c/David/FHTW-2025-All_-_move_2024_get_new/new_final_jpeg_to_use/GentUnivBib/GentUnivBib_-_MargeritaPhilisophica_BHSL-HS-0007/GentUnivBib_-_BHSL-HS-0007_00376.jpg
         ...
             ... success

  Moving
BHSL-HS-0007_2014_0377_AC.jpg
  TO
/cygdrive/c/David/FHTW-2025-All_-_move_2024_get_new/new_final_jpeg_to_use/GentUnivBib/GentUnivBib_-_MargeritaPhilisophica_BHSL-HS-0007/GentUnivBib_-_BHSL-HS-0007_00377.jpg
         ...
             ... success

  Moving
BHSL-HS-0007_2014_0378_AC.jpg
  TO
/cygdrive/c/David/FHTW-2025-All_-_move_2024_get_new/new_final_jpeg_to_use/GentUnivBib/GentUnivBib_-_MargeritaPhilisophica_BHSL-HS-0007/GentUnivBib_-_BHSL-HS-0007_00378.jpg
         ...
             ... success

Anast@DESKTOP-O7KM5A5 /cygdrive/c/Users/Anast/Desktop/from_dt_2024-07-02/desktop_2024-06-10-to-13_morning/big_ones_to_move/GentUnivBib_-_MargeritaPhilisophica_BHSL-HS-0007_-_jpegs
$ grep -i failure ../moving_bhsl-hs-0007_1747840
moving_bhsl-hs-0007_1747840197_2025-05-21T090957-0600.log
moving_bhsl-hs-0007_1747840259_2025-05-21T091059-0600.log
moving_bhsl-hs-0007_1747840336_2025-05-21T091216-0600.log

Anast@DESKTOP-O7KM5A5 /cygdrive/c/Users/Anast/Desktop/from_dt_2024-07-02/desktop_2024-06-10-to-13_morning/big_ones_to_move/GentUnivBib_-_MargeritaPhilisophica_BHSL-HS-0007_-_jpegs
$ grep -i failure ../moving_bhsl-hs-0007_1747840336_2025-05-21T091216-0600.log | wc -l
0

Anast@DESKTOP-O7KM5A5 /cygdrive/c/Users/Anast/Desktop/from_dt_2024-07-02/desktop_2024-06-10-to-13_morning/big_ones_to_move/GentUnivBib_-_MargeritaPhilisophica_BHSL-HS-0007_-_jpegs
$ grep -i -failure ../moving_bhsl-hs-0007_1747840336_2025-05-21T091216-0600.log | wc -l
grep: ailure: No such file or directory
0

Anast@DESKTOP-O7KM5A5 /cygdrive/c/Users/Anast/Desktop/from_dt_2024-07-02/desktop_2024-06-10-to-13_morning/big_ones_to_move/GentUnivBib_-_MargeritaPhilisophica_BHSL-HS-0007_-_jpegs
$ grep -i --failure ../moving_bhsl-hs-0007_1747840336_2025-05-21T091216-0600.log | wc -l
grep: unknown option -- failure
Usage: grep [OPTION]... PATTERNS [FILE]...
Try 'grep --help' for more information.
0

Anast@DESKTOP-O7KM5A5 /cygdrive/c/Users/Anast/Desktop/from_dt_2024-07-02/desktop_2024-06-10-to-13_morning/big_ones_to_move/GentUnivBib_-_MargeritaPhilisophica_BHSL-HS-0007_-_jpegs
$ grep -i failure ../moving_bhsl-hs-0007_1747840336_2025-05-21T091216-0600.log | wc -l
0

Anast@DESKTOP-O7KM5A5 /cygdrive/c/Users/Anast/Desktop/from_dt_2024-07-02/desktop_2024-06-10-to-13_morning/big_ones_to_move/GentUnivBib_-_MargeritaPhilisophica_BHSL-HS-0007_-_jpegs
$ find ${myjpegdir}/GentUnivBib_-_MargeritaPhilisophica_BHSL-HS-0007/ -type f -iname "*.jpg" | wc -l
378

Anast@DESKTOP-O7KM5A5 /cygdrive/c/Users/Anast/Desktop/from_dt_2024-07-02/desktop_2024-06-10-to-13_morning/big_ones_to_move/GentUnivBib_-_MargeritaPhilisophica_BHSL-HS-0007_-_jpegs
$

Anast@DESKTOP-O7KM5A5 /cygdrive/c/Users/Anast/Desktop/from_dt_2024-07-02/desktop_2024-06-10-to-13_morning/big_ones_to_move/GentUnivBib_-_MargeritaPhilisophica_BHSL-HS-0007_-_jpegs
$


#$@$@$@$@$@$@$@$@$@$@$$@$@$@$@$@$@$@$@@$@$@$@$@$@$@$#
#####################@@@@@@@@@@@@@@@@@@##############
#####################################################
#####################################################
## Moving TIF and TXT from Desktop to FHTW
#####################################################
############$$$$$$$$$$$$$$$$$$$$$####################
#@$@$@$@$@$@$@$@$@$@$@@$@$@$@$@$@$@$@$$@$@$@$@$@$@$@#

# STEP 3


Anast@DESKTOP-O7KM5A5 /cygdrive/c/Users/Anast/Desktop/from_dt_2024-07-02/desktop_2024-06-10-to-13_morning/big_ones_to_move/GentUnivBib_-_MargeritaPhilisophica_BHSL-HS-0007_-_jpegs
$ cd ..

Anast@DESKTOP-O7KM5A5 /cygdrive/c/Users/Anast/Desktop/from_dt_2024-07-02/desktop_2024-06-10-to-13_morning/big_ones_to_move
$ mkdir -p "${mypath}/GentUnivBib_-_MargeritaPhilisophica_BHSL-HS-0007/"

Anast@DESKTOP-O7KM5A5 /cygdrive/c/Users/Anast/Desktop/from_dt_2024-07-02/desktop_2024-06-10-to-13_morning/big_ones_to_move
$ mv GentUnivBib_-_MargeritaPhilisophica_BHSL-HS-0007/ "${mypath}/GentUnivBib_-_MargeritaPhilisophica_BHSL-HS-0007/"

Anast@DESKTOP-O7KM5A5 /cygdrive/c/Users/Anast/Desktop/from_dt_2024-07-02/desktop_2024-06-10-to-13_morning/big_ones_to_move
$ mv GentUnivBib_-_MargeritaPhilisophica_BHSL-HS-0007_-_EXTRAS/* "${mypath}/GentUnivBib_-_MargeritaPhilisophica_BHSL-HS-0007/"

Anast@DESKTOP-O7KM5A5 /cygdrive/c/Users/Anast/Desktop/from_dt_2024-07-02/desktop_2024-06-10-to-13_morning/big_ones_to_move
$


#$@$@$@$@$@$@$@$@$@$@$$@$@$@$@$@$@$@$@@$@$@$@$@$@$@$#
#####################@@@@@@@@@@@@@@@@@@##############
#####################################################
#####################################################
## TEST & REMOVE (AFTER MOVING JPEGs, TIFs, & TXTs)
#####################################################
############$$$$$$$$$$$$$$$$$$$$$####################
#@$@$@$@$@$@$@$@$@$@$@@$@$@$@$@$@$@$@$$@$@$@$@$@$@$@#

# STEP 4


Anast@DESKTOP-O7KM5A5 /cygdrive/c/Users/Anast/Desktop/from_dt_2024-07-02/desktop_2024-06-10-to-13_morning/big_ones_to_move
$ # TIFs

Anast@DESKTOP-O7KM5A5 /cygdrive/c/Users/Anast/Desktop/from_dt_2024-07-02/desktop_2024-06-10-to-13_morning/big_ones_to_move
$ find GentUnivBib_-_MargeritaPhilisophica_BHSL-HS-0007/ -type f | wc -l
find: ‘GentUnivBib_-_MargeritaPhilisophica_BHSL-HS-0007/’: No such file or directory
0

Anast@DESKTOP-O7KM5A5 /cygdrive/c/Users/Anast/Desktop/from_dt_2024-07-02/desktop_2024-06-10-to-13_morning/big_ones_to_move
$ find GentUnivBib_-_MargeritaPhilisophica_BHSL-HS-0007
GentUnivBib_-_MargeritaPhilisophica_BHSL-HS-0007 - Copy/
GentUnivBib_-_MargeritaPhilisophica_BHSL-HS-0007_-_EXTRAS/
GentUnivBib_-_MargeritaPhilisophica_BHSL-HS-0007_-_EXTRAS - Copy/
GentUnivBib_-_MargeritaPhilisophica_BHSL-HS-0007_-_jpegs/
GentUnivBib_-_MargeritaPhilisophica_BHSL-HS-0007_-_jpegs - Copy/

Anast@DESKTOP-O7KM5A5 /cygdrive/c/Users/Anast/Desktop/from_dt_2024-07-02/desktop_2024-06-10-to-13_morning/big_ones_to_move
$ find GentUnivBib_-_MargeritaPhilisophica_BHSL-HS-0007
GentUnivBib_-_MargeritaPhilisophica_BHSL-HS-0007 - Copy/
GentUnivBib_-_MargeritaPhilisophica_BHSL-HS-0007_-_EXTRAS/
GentUnivBib_-_MargeritaPhilisophica_BHSL-HS-0007_-_EXTRAS - Copy/
GentUnivBib_-_MargeritaPhilisophica_BHSL-HS-0007_-_jpegs/
GentUnivBib_-_MargeritaPhilisophica_BHSL-HS-0007_-_jpegs - Copy/

Anast@DESKTOP-O7KM5A5 /cygdrive/c/Users/Anast/Desktop/from_dt_2024-07-02/desktop_2024-06-10-to-13_morning/big_ones_to_move
$ find GentUnivBib_-_MargeritaPhilisophica_BHSL-HS-0007\ -\ Copy/ -type f | wc -l
378

Anast@DESKTOP-O7KM5A5 /cygdrive/c/Users/Anast/Desktop/from_dt_2024-07-02/desktop_2024-06-10-to-13_morning/big_ones_to_move
$ find GentUnivBib_-_MargeritaPhilisophica_BHSL-HS-0007\ -\ Copy/ -type f -iname "*.tif" | wc -l
378

Anast@DESKTOP-O7KM5A5 /cygdrive/c/Users/Anast/Desktop/from_dt_2024-07-02/desktop_2024-06-10-to-13_morning/big_ones_to_move
$ #  Could do more (hashes), but I can see in File Explorer

Anast@DESKTOP-O7KM5A5 /cygdrive/c/Users/Anast/Desktop/from_dt_2024-07-02/desktop_2024-06-10-to-13_morning/big_ones_to_move
$ rm -r GentUnivBib_-_MargeritaPhilisophica_BHSL-HS-0007\ -\ Copy/

Anast@DESKTOP-O7KM5A5 /cygdrive/c/Users/Anast/Desktop/from_dt_2024-07-02/desktop_2024-06-10-to-13_morning/big_ones_to_move
$ # TXTs

Anast@DESKTOP-O7KM5A5 /cygdrive/c/Users/Anast/Desktop/from_dt_2024-07-02/desktop_2024-06-10-to-13_morning/big_ones_to_move
$ diff GentUnivBib_-_MargeritaPhilisophica_BHSL-HS-0007_-_EXTRAS\ -\ Copy/LICENSE.txt ${mypath}/GentUnivBib_-_MargeritaPhilisophica_BHSL-HS-0007/LICENSE.txt | wc -l
0

Anast@DESKTOP-O7KM5A5 /cygdrive/c/Users/Anast/Desktop/from_dt_2024-07-02/desktop_2024-06-10-to-13_morning/big_ones_to_move
$ diff GentUnivBib_-_MargeritaPhilisophica_BHSL-HS-0007_-_EXTRAS\ -\ Copy/README.txt ${mypath}/GentUnivBib_-_MargeritaPhilisophica_BHSL-HS-0007/README.txt | wc -l
0

Anast@DESKTOP-O7KM5A5 /cygdrive/c/Users/Anast/Desktop/from_dt_2024-07-02/desktop_2024-06-10-to-13_morning/big_ones_to_move
$ ls -l GentUnivBib_-_MargeritaPhilisophica_BHSL-HS-0007_-_EXTRAS*
GentUnivBib_-_MargeritaPhilisophica_BHSL-HS-0007_-_EXTRAS:
total 0

'GentUnivBib_-_MargeritaPhilisophica_BHSL-HS-0007_-_EXTRAS - Copy':
total 273
-rwx------+ 1 Anast Anast    253 Mar 28  2024 LICENSE.txt
-rwx------+ 1 Anast Anast 276485 Mar 28  2024 README.txt

Anast@DESKTOP-O7KM5A5 /cygdrive/c/Users/Anast/Desktop/from_dt_2024-07-02/desktop_2024-06-10-to-13_morning/big_ones_to_move
$ rm -r GentUnivBib_-_MargeritaPhilisophica_BHSL-HS-0007_-_EXTRAS*

Anast@DESKTOP-O7KM5A5 /cygdrive/c/Users/Anast/Desktop/from_dt_2024-07-02/desktop_2024-06-10-to-13_morning/big_ones_to_move
$ find . -type d
.
./GentUnivBib_-_MargeritaPhilisophica_BHSL-HS-0007_-_jpegs
./GentUnivBib_-_MargeritaPhilisophica_BHSL-HS-0007_-_jpegs - Copy

Anast@DESKTOP-O7KM5A5 /cygdrive/c/Users/Anast/Desktop/from_dt_2024-07-02/desktop_2024-06-10-to-13_morning/big_ones_to_move
$ find GentUnivBib_-_MargeritaPhilisophica_BHSL-HS-0007_-_jpegs/ -type f | wc -l
0

Anast@DESKTOP-O7KM5A5 /cygdrive/c/Users/Anast/Desktop/from_dt_2024-07-02/desktop_2024-06-10-to-13_morning/big_ones_to_move
$ find GentUnivBib_-_MargeritaPhilisophica_BHSL-HS-0007_-_jpegs/ -type d
GentUnivBib_-_MargeritaPhilisophica_BHSL-HS-0007_-_jpegs/

Anast@DESKTOP-O7KM5A5 /cygdrive/c/Users/Anast/Desktop/from_dt_2024-07-02/desktop_2024-06-10-to-13_morning/big_ones_to_move
$ # itself

Anast@DESKTOP-O7KM5A5 /cygdrive/c/Users/Anast/Desktop/from_dt_2024-07-02/desktop_2024-06-10-to-13_morning/big_ones_to_move
$ rm -r GentUnivBib_-_MargeritaPhilisophica_BHSL-HS-0007_-_jpegs/

Anast@DESKTOP-O7KM5A5 /cygdrive/c/Users/Anast/Desktop/from_dt_2024-07-02/desktop_2024-06-10-to-13_morning/big_ones_to_move
$ find GentUnivBib_-_MargeritaPhilisophica_BHSL-HS-0007_-_jpegs\ -\ Copy/ -type f | wc -l
378

Anast@DESKTOP-O7KM5A5 /cygdrive/c/Users/Anast/Desktop/from_dt_2024-07-02/desktop_2024-06-10-to-13_morning/big_ones_to_move
$ find GentUnivBib_-_MargeritaPhilisophica_BHSL-HS-0007_-_jpegs\ -\ Copy/ -type f -iname "*.jpg" | wc -l
378

Anast@DESKTOP-O7KM5A5 /cygdrive/c/Users/Anast/Desktop/from_dt_2024-07-02/desktop_2024-06-10-to-13_morning/big_ones_to_move
$ find ${myjpegdir}/GentUnivBib_-_MargeritaPhilisophica_BHSL-HS-0007/ -type f | wc -l
378

Anast@DESKTOP-O7KM5A5 /cygdrive/c/Users/Anast/Desktop/from_dt_2024-07-02/desktop_2024-06-10-to-13_morning/big_ones_to_move
$ find ${myjpegdir}/GentUnivBib_-_MargeritaPhilisophica_BHSL-HS-0007/ -type f -iname "*.jpg" | wc -l
378

Anast@DESKTOP-O7KM5A5 /cygdrive/c/Users/Anast/Desktop/from_dt_2024-07-02/desktop_2024-06-10-to-13_morning/big_ones_to_move
$ rm -r GentUnivBib_-_MargeritaPhilisophica_BHSL-HS-0007_-_jpegs\ -\ Copy/

Anast@DESKTOP-O7KM5A5 /cygdrive/c/Users/Anast/Desktop/from_dt_2024-07-02/desktop_2024-06-10-to-13_morning/big_ones_to_move
$ ls
moving_bhsl-hs-0007_1747840197_2025-05-21T090957-0600.log
moving_bhsl-hs-0007_1747840259_2025-05-21T091059-0600.log
moving_bhsl-hs-0007_1747840336_2025-05-21T091216-0600.log
moving_bhsl-hs-0076_1747788429_2025-05-20T184709-0600.log

Anast@DESKTOP-O7KM5A5 /cygdrive/c/Users/Anast/Desktop/from_dt_2024-07-02/desktop_2024-06-10-to-13_morning/big_ones_to_move
$ mv *.log /cygdrive/c/David/FHTW-2025-All_-_move_2024_get_new/

Anast@DESKTOP-O7KM5A5 /cygdrive/c/Users/Anast/Desktop/from_dt_2024-07-02/desktop_2024-06-10-to-13_morning/big_ones_to_move
$ ls -lah
total 4.0K
drwx------+ 1 Anast Anast 0 May 21 09:38 .
drwx------+ 1 Anast Anast 0 Jun 10  2024 ..

Anast@DESKTOP-O7KM5A5 /cygdrive/c/Users/Anast/Desktop/from_dt_2024-07-02/desktop_2024-06-10-to-13_morning/big_ones_to_move
$ cd ..

Anast@DESKTOP-O7KM5A5 /cygdrive/c/Users/Anast/Desktop/from_dt_2024-07-02/desktop_2024-06-10-to-13_morning
$ rm -r big_ones_to_move/
rm: cannot remove 'big_ones_to_move/': Device or resource busy

Anast@DESKTOP-O7KM5A5 /cygdrive/c/Users/Anast/Desktop/from_dt_2024-07-02/desktop_2024-06-10-to-13_morning
$ # I've got some File Explorer windows open.

Anast@DESKTOP-O7KM5A5 /cygdrive/c/Users/Anast/Desktop/from_dt_2024-07-02/desktop_2024-06-10-to-13_morning
$ # Finishing Later

Anast@DESKTOP-O7KM5A5 /cygdrive/c/Users/Anast/Desktop/from_dt_2024-07-02/desktop_2024-06-10-to-13_morning
$ date && date +'%s_%Y-%m-%dT%H%M%S%z'                                          Wed May 21 09:39:19 MDT 2025
1747841959_2025-05-21T093919-0600

Anast@DESKTOP-O7KM5A5 /cygdrive/c/Users/Anast/Desktop/from_dt_2024-07-02/desktop_2024-06-10-to-13_morning
$ exit





































