Anast@DESKTOP-O7KM5A5 /cygdrive/c/David/FHTW-2025-All_-_move_2024_get_new/new_-_folder_for_not-yet-ready_new_imgs/converted_from_PDF_-_now_to_jpeg
$ du -hs ../new_to_convert_PDF/
13G     ../new_to_convert_PDF/

Anast@DESKTOP-O7KM5A5 /cygdrive/c/David/FHTW-2025-All_-_move_2024_get_new/new_-_folder_for_not-yet-ready_new_imgs/converted_from_PDF_-_now_to_jpeg
$ du -s ../new_to_convert_PDF/
13555232        ../new_to_convert_PDF/

Anast@DESKTOP-O7KM5A5 /cygdrive/c/David/FHTW-2025-All_-_move_2024_get_new/new_-_folder_for_not-yet-ready_new_imgs/converted_from_PDF_-_now_to_jpeg
$ find ../new_to_convert_PDF -type f -iname "*.pdf" | wc -l
49

Anast@DESKTOP-O7KM5A5 /cygdrive/c/David/FHTW-2025-All_-_move_2024_get_new/new_-_folder_for_not-yet-ready_new_imgs/converted_from_PDF_-_now_to_jpeg
$ find ../new_to_convert_PDF -type f -iname "*.pdf" | grep " " | wc -l
0

Anast@DESKTOP-O7KM5A5 /cygdrive/c/David/FHTW-2025-All_-_move_2024_get_new/new_-_folder_for_not-yet-ready_new_imgs/converted_from_PDF_-_now_to_jpeg
$ date && date +'%s'
Sun May 25 16:24:28 MDT 2025
1748211868

Anast@DESKTOP-O7KM5A5 /cygdrive/c/David/FHTW-2025-All_-_move_2024_get_new/new_-_folder_for_not-yet-ready_new_imgs/converted_from_PDF_-_now_to_jpeg
$

#####################################################################
##
##
##  From CMD, we'll run ./unwind_the_binding.py on all that stuff. 
##+ Now, Let's get back to our work here. That includes stuff 
##+ from before our look at the size of these new PDFs
##
##
#####################################################################

Anast@DESKTOP-O7KM5A5 /cygdrive/c/David/FHTW-2025-All_-_move_2024_get_new/new_-_folder_for_not-yet-ready_new_imgs/converted_from_PDF_-_now_to_jpeg
$ history | grep "date [+]" | tail
  534  date +'%s_%Y-%m-%dT%H%M%S%z' && identify -format "\n\n%f\n%[magick] %[colorspace] %[type] %[extension] %[bit-depth] %[channels]\n" *.png > ../conv_from_pdf_format_$(date +'%s_%Y-%m-%dT%H%M%S%z').out && date +'%s_%Y-%m-%dT%H%M%S%z'
  592  date +'%s_%Y-%m-%dT%H%M%S%z'
  612  date +'%s_%Y-%m-%dT%H%M%S%z'
  621  date +'%s_%Y-%m-%dT%H%M%S%z'
  623  date +'%s_%Y-%m-%dT%H%M%S%z'
' > renaming_out_space_univleid_librmiss_lowres_$(date +'%s_%Y-%m-%dT%H%M%S%z').out 2>&1
' > renaming_out_space_univleid_librmiss_lowres_$(date +'%s_%Y-%m-%dT%H%M%S%z').out 2>&1
' > renaming_out_space_univleid_librmiss_lowres_$(date +'%s_%Y-%m-%dT%H%M%S%z').out 2>&1
' > tryagain_renaming_out_space_univleid_librmiss_lowres_$(date +'%s_%Y-%m-%dT%H%M%S%z').out 2>&1
  677  date && date +'%s'

Anast@DESKTOP-O7KM5A5 /cygdrive/c/David/FHTW-2025-All_-_move_2024_get_new/new_-_folder_for_not-yet-ready_new_imgs/converted_from_PDF_-_now_to_jpeg
$ date +'%s_%Y-%m-%dT%H%M%S%z'
1748212332_2025-05-25T163212-0600

Anast@DESKTOP-O7KM5A5 /cygdrive/c/David/FHTW-2025-All_-_move_2024_get_new/new_-_folder_for_not-yet-ready_new_imgs/converted_from_PDF_-_now_to_jpeg
$

Anast@DESKTOP-O7KM5A5 /cygdrive/c/David/FHTW-2025-All_-_move_2024_get_new/new_-_folder_for_not-yet-ready_new_imgs/converted_from_PDF_-_now_to_jpeg
$

Anast@DESKTOP-O7KM5A5 /cygdrive/c/David/FHTW-2025-All_-_move_2024_get_new/new_-_folder_for_not-yet-ready_new_imgs/converted_from_PDF_-_now_to_jpeg
$ sed -n '31,36p;37q' ../../Tools/bindingunwinder.py
from typing import Union
from enum import Enum

import pathlib

## Third-party imports

Anast@DESKTOP-O7KM5A5 /cygdrive/c/David/FHTW-2025-All_-_move_2024_get_new/new_-_folder_for_not-yet-ready_new_imgs/converted_from_PDF_-_now_to_jpeg
$ ##  Wrong!

Anast@DESKTOP-O7KM5A5 /cygdrive/c/David/FHTW-2025-All_-_move_2024_get_new/new_-_folder_for_not-yet-ready_new_imgs/converted_from_PDF_-_now_to_jpeg
$ sed -n '31,36p;37q' ../../Tools/unwind_the_binding.py

fromdir = "C:/David/FHTW-2025-All_-_move_2024_get_new/" + \
          "new_-_folder_for_not-yet-ready_new_imgs/new_to_convert_PDF"
outdir =  "C:/David/FHTW-2025-All_-_move_2024_get_new/" + \
          "new_-_folder_for_not-yet-ready_new_imgs/converted_from_PDF"


Anast@DESKTOP-O7KM5A5 /cygdrive/c/David/FHTW-2025-All_-_move_2024_get_new/new_-_folder_for_not-yet-ready_new_imgs/converted_from_PDF_-_now_to_jpeg
$ find ../new_to_convert_
new_to_convert_-_no_split_yet/ new_to_convert_encode_png/
new_to_convert_PDF/            new_to_convert_jpeg/

Anast@DESKTOP-O7KM5A5 /cygdrive/c/David/FHTW-2025-All_-_move_2024_get_new/new_-_folder_for_not-yet-ready_new_imgs/converted_from_PDF_-_now_to_jpeg
$ find ../new_to_convert_
new_to_convert_-_no_split_yet/ new_to_convert_encode_png/
new_to_convert_PDF/            new_to_convert_jpeg/

Anast@DESKTOP-O7KM5A5 /cygdrive/c/David/FHTW-2025-All_-_move_2024_get_new/new_-_folder_for_not-yet-ready_new_imgs/converted_from_PDF_-_now_to_jpeg
$ find ../new_to_convert_
new_to_convert_-_no_split_yet/ new_to_convert_encode_png/
new_to_convert_PDF/            new_to_convert_jpeg/

Anast@DESKTOP-O7KM5A5 /cygdrive/c/David/FHTW-2025-All_-_move_2024_get_new/new_-_folder_for_not-yet-ready_new_imgs/converted_from_PDF_-_now_to_jpeg
$ find ../new_to_convert_PDF/ -type f -iname "*.pdf" | wc -l
49

Anast@DESKTOP-O7KM5A5 /cygdrive/c/David/FHTW-2025-All_-_move_2024_get_new/new_-_folder_for_not-yet-ready_new_imgs/converted_from_PDF_-_now_to_jpeg
$ find ../new_to_convert_PDF/ -type d
../new_to_convert_PDF/

Anast@DESKTOP-O7KM5A5 /cygdrive/c/David/FHTW-2025-All_-_move_2024_get_new/new_-_folder_for_not-yet-ready_new_imgs/converted_from_PDF_-_now_to_jpeg
$ find ../new_to_convert_PDF/ -type f | wc -l
49

Anast@DESKTOP-O7KM5A5 /cygdrive/c/David/FHTW-2025-All_-_move_2024_get_new/new_-_folder_for_not-yet-ready_new_imgs/converted_from_PDF_-_now_to_jpeg
$ #  All are PDFs

Anast@DESKTOP-O7KM5A5 /cygdrive/c/David/FHTW-2025-All_-_move_2024_get_new/new_-_folder_for_not-yet-ready_new_imgs/converted_from_PDF_-_now_to_jpeg
$ find ../converted_from_PDF/ -type f | wc -l
0

Anast@DESKTOP-O7KM5A5 /cygdrive/c/David/FHTW-2025-All_-_move_2024_get_new/new_-_folder_for_not-yet-ready_new_imgs/converted_from_PDF_-_now_to_jpeg
$ find ../converted_from_PDF/ -type d
../converted_from_PDF/

Anast@DESKTOP-O7KM5A5 /cygdrive/c/David/FHTW-2025-All_-_move_2024_get_new/new_-_folder_for_not-yet-ready_new_imgs/converted_from_PDF_-_now_to_jpeg
$ # good

Anast@DESKTOP-O7KM5A5 /cygdrive/c/David/FHTW-2025-All_-_move_2024_get_new/new_-_folder_for_not-yet-ready_new_imgs/converted_from_PDF_-_now_to_jpeg
$ ###############################################

Anast@DESKTOP-O7KM5A5 /cygdrive/c/David/FHTW-2025-All_-_move_2024_get_new/new_-_folder_for_not-yet-ready_new_imgs/converted_from_PDF_-_now_to_jpeg
$ ##  RUNNING unwind_the_binding.py from CMD

Anast@DESKTOP-O7KM5A5 /cygdrive/c/David/FHTW-2025-All_-_move_2024_get_new/new_-_folder_for_not-yet-ready_new_imgs/converted_from_PDF_-_now_to_jpeg
$ ###############################################

Anast@DESKTOP-O7KM5A5 /cygdrive/c/David/FHTW-2025-All_-_move_2024_get_new/new_-_folder_for_not-yet-ready_new_imgs/converted_from_PDF_-_now_to_jpeg
$ ## Starting at

Anast@DESKTOP-O7KM5A5 /cygdrive/c/David/FHTW-2025-All_-_move_2024_get_new/new_-_folder_for_not-yet-ready_new_imgs/converted_from_PDF_-_now_to_jpeg
$ date +'%s_%Y-%m-%dT%H%M%S%z'
1748212584_2025-05-25T163624-0600

Anast@DESKTOP-O7KM5A5 /cygdrive/c/David/FHTW-2025-All_-_move_2024_get_new/new_-_folder_for_not-yet-ready_new_imgs/converted_from_PDF_-_now_to_jpeg
$ # Shoot, we're redoing stuff.

Anast@DESKTOP-O7KM5A5 /cygdrive/c/David/FHTW-2025-All_-_move_2024_get_new/new_-_folder_for_not-yet-ready_new_imgs/converted_from_PDF_-_now_to_jpeg
$

Anast@DESKTOP-O7KM5A5 /cygdrive/c/David/FHTW-2025-All_-_move_2024_get_new/new_-_folder_for_not-yet-ready_new_imgs/converted_from_PDF_-_now_to_jpeg
$

Anast@DESKTOP-O7KM5A5 /cygdrive/c/David/FHTW-2025-All_-_move_2024_get_new/new_-_folder_for_not-yet-ready_new_imgs/converted_from_PDF_-_now_to_jpeg
$ find ../new_to_convert_PDF/ -type f -iname "*.pdf" | awk -F'/' '{print $NF}' | head
BavarianStateLibrary-LOC_-_ArmenianGospelBook_BSB-Cod-armen-1-and-wdl_18-39-6.pdf
BnF_-_AESOPUS_Ms-Grec-1310.pdf
BnF_-_Grec-1371_palimpsest.pdf
BnF_-_Horace_Ms-Latin-11312_bw.pdf
BnF_-_Horace_Ms-Latin-11312_color.pdf
BnF_-_Ms-Georgien-5.pdf
BnF_-_MS-Grec-2089_palimpsest.pdf
BnF_-_MS-Grec-2991.pdf
BnF_-_Ms-Grec-487.pdf
BnF_-_Ms-Latin-12302.pdf

Anast@DESKTOP-O7KM5A5 /cygdrive/c/David/FHTW-2025-All_-_move_2024_get_new/new_-_folder_for_not-yet-ready_new_imgs/converted_from_PDF_-_now_to_jpeg
$ find ../new_to_convert_PDF/ -type f -iname "*.pdf" | awk -F'/' '{print $NF}' | wc -l
49

Anast@DESKTOP-O7KM5A5 /cygdrive/c/David/FHTW-2025-All_-_move_2024_get_new/new_-_folder_for_not-yet-ready_new_imgs/converted_from_PDF_-_now_to_jpeg
$ find ../new_to_convert_PDF/ -type f -iname "*.pdf" | awk -F'/' '{print $NF}' | sort > pdfs_done_$(date +'%s_%Y-%m-%dT%H%M%S%z').lst

Anast@DESKTOP-O7KM5A5 /cygdrive/c/David/FHTW-2025-All_-_move_2024_get_new/new_-_folder_for_not-yet-ready_new_imgs/converted_from_PDF_-_now_to_jpeg
$ find ../converted_PDFs_-_origs/ -type f -iname "*.pdf" | awk -F'/' '{print $NF}' | sort > pdfs_todo_if_not_already_1748214211_2025-05-25T170331-0600.lst

Anast@DESKTOP-O7KM5A5 /cygdrive/c/David/FHTW-2025-All_-_move_2024_get_new/new_-_folder_for_not-yet-ready_new_imgs/converted_from_PDF_-_now_to_jpeg
$ comm -12 pdfs_done_1748214211_2025-05-25T170331-0600.lst pdfs_todo_if_not_already_1748214211_2025-05-25T170331-0600.lst | wc -l
1

Anast@DESKTOP-O7KM5A5 /cygdrive/c/David/FHTW-2025-All_-_move_2024_get_new/new_-_folder_for_not-yet-ready_new_imgs/converted_from_PDF_-_now_to_jpeg
$ wc -l < pdfs_todo_if_not_already_1748214211_2025-05-25T170331-0600.lst
34

Anast@DESKTOP-O7KM5A5 /cygdrive/c/David/FHTW-2025-All_-_move_2024_get_new/new_-_folder_for_not-yet-ready_new_imgs/converted_from_PDF_-_now_to_jpeg
$ wc -l < pdfs_done_1748214211_2025-05-25T170331-0600.lst
49

Anast@DESKTOP-O7KM5A5 /cygdrive/c/David/FHTW-2025-All_-_move_2024_get_new/new_-_folder_for_not-yet-ready_new_imgs/converted_from_PDF_-_now_to_jpeg
$ comm -13 pdfs_done_1748214211_2025-05-25T170331-0600.lst pdfs_todo_if_not_already_1748214211_2025-05-25T170331-0600.lst | wc -l
33

Anast@DESKTOP-O7KM5A5 /cygdrive/c/David/FHTW-2025-All_-_move_2024_get_new/new_-_folder_for_not-yet-ready_new_imgs/converted_from_PDF_-_now_to_jpeg
$ comm -23 pdfs_done_1748214211_2025-05-25T170331-0600.lst pdfs_todo_if_not_already_1748214211_2025-05-25T170331-0600.lst | wc -l
48

Anast@DESKTOP-O7KM5A5 /cygdrive/c/David/FHTW-2025-All_-_move_2024_get_new/new_-_folder_for_not-yet-ready_new_imgs/converted_from_PDF_-_now_to_jpeg
$ comm -12 pdfs_done_1748214211_2025-05-25T170331-0600.lst pdfs_todo_if_not_already_1748214211_2025-05-25T170331-0600.lst
DigitaleLandesbibOberosterreich_-_Linz-AT-OOeLB-Hs-20.pdf

Anast@DESKTOP-O7KM5A5 /cygdrive/c/David/FHTW-2025-All_-_move_2024_get_new/new_-_folder_for_not-yet-ready_new_imgs/converted_from_PDF_-_now_to_jpeg
$ head ../pdf
pdf_to_img_batch_1748090800_2025-05-24T064640-0600.info
pdfs_done_1748214211_2025-05-25T170331-0600.lst
pdfs_todo_if_not_already_1748214211_2025-05-25T170331-0600.lst

Anast@DESKTOP-O7KM5A5 /cygdrive/c/David/FHTW-2025-All_-_move_2024_get_new/new_-_folder_for_not-yet-ready_new_imgs/converted_from_PDF_-_now_to_jpeg
$ head ../pdf
pdf_to_img_batch_1748090800_2025-05-24T064640-0600.info
pdfs_done_1748214211_2025-05-25T170331-0600.lst
pdfs_todo_if_not_already_1748214211_2025-05-25T170331-0600.lst

Anast@DESKTOP-O7KM5A5 /cygdrive/c/David/FHTW-2025-All_-_move_2024_get_new/new_-_folder_for_not-yet-ready_new_imgs/converted_from_PDF_-_now_to_jpeg
$ head ../pdfs_todo_if_not_already_1748214211_2025-05-25T170331-0600.lst
BnF-BibArsenal_-_Candide_Ms-3160.pdf
BnF-BibArsenal_-_Ms-6039.pdf
BnF-BibArsenal_-_Ms-8407.pdf
BnF-BibArsenal_-_Ms-87.pdf
BnF_-_Breviarium_Alarici_Ms-Lat-4404.pdf
BnF_-_Ms-Fra-24308.pdf
BnF_-_Ms-Grec-2467.pdf
BnF_-_Ms-Grec-338.pdf
BnF_-_Ms-Heb-187.pdf
BnF_-_Ms-Lat-10753.pdf

Anast@DESKTOP-O7KM5A5 /cygdrive/c/David/FHTW-2025-All_-_move_2024_get_new/new_-_folder_for_not-yet-ready_new_imgs/converted_from_PDF_-_now_to_jpeg
$ head ../pdfs_done_1748214211_2025-05-25T170331-0600.lst
BavarianStateLibrary-LOC_-_ArmenianGospelBook_BSB-Cod-armen-1-and-wdl_18-39-6.pdf
BnF_-_AESOPUS_Ms-Grec-1310.pdf
BnF_-_Grec-1371_palimpsest.pdf
BnF_-_Horace_Ms-Latin-11312_bw.pdf
BnF_-_Horace_Ms-Latin-11312_color.pdf
BnF_-_MS-Grec-2089_palimpsest.pdf
BnF_-_MS-Grec-2991.pdf
BnF_-_Ms-Georgien-5.pdf
BnF_-_Ms-Grec-487.pdf
BnF_-_Ms-Latin-12302.pdf

Anast@DESKTOP-O7KM5A5 /cygdrive/c/David/FHTW-2025-All_-_move_2024_get_new/new_-_folder_for_not-yet-ready_new_imgs/converted_from_PDF_-_now_to_jpeg
$ cd ..

Anast@DESKTOP-O7KM5A5 /cygdrive/c/David/FHTW-2025-All_-_move_2024_get_new/new_-_folder_for_not-yet-ready_new_imgs
$ find converted_from_PDF_-_now_rename_png/ -type f -iname "*.png" | sed 's#[.]/##g; s#_[0-9]\{5\}[.]png##g;' | sort | uniq -c | wc -l
22

Anast@DESKTOP-O7KM5A5 /cygdrive/c/David/FHTW-2025-All_-_move_2024_get_new/new_-_folder_for_not-yet-ready_new_imgs
$ find converted_from_PDF_-_now_rename_png/ -type f -iname "*.png" | sed 's#[.]/##g; s#_[0-9]\{5\}[.]png##g;' | sort | uniq
converted_from_PDF_-_now_rename_png/BavarianStateLibrary-LOC_-_ArmenianGospelBook_BSB-Cod-armen-1-and-wdl_18-39-6
converted_from_PDF_-_now_rename_png/BnF_-_AESOPUS_Ms-Grec-1310
converted_from_PDF_-_now_rename_png/BnF_-_Grec-1371_palimpsest-2-greeks-with-Latin-reuse
converted_from_PDF_-_now_rename_png/BnF_-_Horace_Ms-Latin-11312_bw
converted_from_PDF_-_now_rename_png/BnF_-_Horace_Ms-Latin-11312_color
converted_from_PDF_-_now_rename_png/BnF_-_MS-Grec-2991
converted_from_PDF_-_now_rename_png/BnF_-_Ms-Georgien-5
converted_from_PDF_-_now_rename_png/BnF_-_Ms-Grec-487
converted_from_PDF_-_now_rename_png/BnF_-_Ms-Latin-12302
converted_from_PDF_-_now_rename_png/BnF_-_Ms-Latin-12410_bw
converted_from_PDF_-_now_rename_png/BnF_-_Ms-Latin-12410_color
converted_from_PDF_-_now_rename_png/BnF_-_Ms-Latin-17742
converted_from_PDF_-_now_rename_png/BnF_-_Ms-Latin-2510
converted_from_PDF_-_now_rename_png/BnF_-_Ms-Latin-619
converted_from_PDF_-_now_rename_png/BnF_-_Ms-NAL-1436
converted_from_PDF_-_now_rename_png/BnF_-_Publius_Papinius_Ms-Latin-8055_bw
converted_from_PDF_-_now_rename_png/BnF_-_Publius_Papinius_Ms-Latin-8055_color
converted_from_PDF_-_now_rename_png/BnF_-_ScriptaVariaHorace_Ms-Latin-7978
converted_from_PDF_-_now_rename_png/BnF_-_TraductionDuCoranDePierreLeVenerable_Ms-Latin-0000
converted_from_PDF_-_now_rename_png/BnF_MS-Grec-2089_palimpsest
converted_from_PDF_-_now_rename_png/Bodleian-Library-MS-Laud-Misc-440
converted_from_PDF_-_now_rename_png/WaltersArtMuseum-LOC_-_TorosRoslinGospels_Walters-Ms-W-539-and-wdl-13-01-2

Anast@DESKTOP-O7KM5A5 /cygdrive/c/David/FHTW-2025-All_-_move_2024_get_new/new_-_folder_for_not-yet-ready_new_imgs
$ find converted_from_PDF_-_now_rename_png/ -type f -iname "*.png" | awk -F'/' '{print $NF}' | sed 's#_[0-9]\{5\}[.]png##g;' | sort | uniq
BavarianStateLibrary-LOC_-_ArmenianGospelBook_BSB-Cod-armen-1-and-wdl_18-39-6
BnF_-_AESOPUS_Ms-Grec-1310
BnF_-_Grec-1371_palimpsest-2-greeks-with-Latin-reuse
BnF_-_Horace_Ms-Latin-11312_bw
BnF_-_Horace_Ms-Latin-11312_color
BnF_-_MS-Grec-2991
BnF_-_Ms-Georgien-5
BnF_-_Ms-Grec-487
BnF_-_Ms-Latin-12302
BnF_-_Ms-Latin-12410_bw
BnF_-_Ms-Latin-12410_color
BnF_-_Ms-Latin-17742
BnF_-_Ms-Latin-2510
BnF_-_Ms-Latin-619
BnF_-_Ms-NAL-1436
BnF_-_Publius_Papinius_Ms-Latin-8055_bw
BnF_-_Publius_Papinius_Ms-Latin-8055_color
BnF_-_ScriptaVariaHorace_Ms-Latin-7978
BnF_-_TraductionDuCoranDePierreLeVenerable_Ms-Latin-0000
BnF_MS-Grec-2089_palimpsest
Bodleian-Library-MS-Laud-Misc-440
WaltersArtMuseum-LOC_-_TorosRoslinGospels_Walters-Ms-W-539-and-wdl-13-01-2

Anast@DESKTOP-O7KM5A5 /cygdrive/c/David/FHTW-2025-All_-_move_2024_get_new/new_-_folder_for_not-yet-ready_new_imgs
$ find converted_from_PDF_-_now_rename_png/ -type f -iname "*.png" | awk -F'/' '{print $NF}' | sed 's#_[0-9]\{5\}[.]png##g;' | sort | uniq > pdfs_already_converted_1748214211_2025-05-25T170331-0600.lst

Anast@DESKTOP-O7KM5A5 /cygdrive/c/David/FHTW-2025-All_-_move_2024_get_new/new_-_folder_for_not-yet-ready_new_imgs
$ comm -12 pdfs_todo_if_not_already_1748214211_2025-05-25T170331-0600.lst pdfs_already_converted_1748214211_2025-05-25T170331-0600.lst | wc -l
0

Anast@DESKTOP-O7KM5A5 /cygdrive/c/David/FHTW-2025-All_-_move_2024_get_new/new_-_folder_for_not-yet-ready_new_imgs
$ head pdfs_todo_if_not_already_1748214211_2025-05-25T170331-0600.lst
BnF-BibArsenal_-_Candide_Ms-3160.pdf
BnF-BibArsenal_-_Ms-6039.pdf
BnF-BibArsenal_-_Ms-8407.pdf
BnF-BibArsenal_-_Ms-87.pdf
BnF_-_Breviarium_Alarici_Ms-Lat-4404.pdf
BnF_-_Ms-Fra-24308.pdf
BnF_-_Ms-Grec-2467.pdf
BnF_-_Ms-Grec-338.pdf
BnF_-_Ms-Heb-187.pdf
BnF_-_Ms-Lat-10753.pdf

Anast@DESKTOP-O7KM5A5 /cygdrive/c/David/FHTW-2025-All_-_move_2024_get_new/new_-_folder_for_not-yet-ready_new_imgs
$ head pdfs_done_1748214211_2025-05-25T170331-0600.lst
BavarianStateLibrary-LOC_-_ArmenianGospelBook_BSB-Cod-armen-1-and-wdl_18-39-6.pdf
BnF_-_AESOPUS_Ms-Grec-1310.pdf
BnF_-_Grec-1371_palimpsest.pdf
BnF_-_Horace_Ms-Latin-11312_bw.pdf
BnF_-_Horace_Ms-Latin-11312_color.pdf
BnF_-_MS-Grec-2089_palimpsest.pdf
BnF_-_MS-Grec-2991.pdf
BnF_-_Ms-Georgien-5.pdf
BnF_-_Ms-Grec-487.pdf
BnF_-_Ms-Latin-12302.pdf

Anast@DESKTOP-O7KM5A5 /cygdrive/c/David/FHTW-2025-All_-_move_2024_get_new/new_-_folder_for_not-yet-ready_new_imgs
$ head pdfs_already_converted_1748214211_2025-05-25T170331-0600.lst
BavarianStateLibrary-LOC_-_ArmenianGospelBook_BSB-Cod-armen-1-and-wdl_18-39-6
BnF_-_AESOPUS_Ms-Grec-1310
BnF_-_Grec-1371_palimpsest-2-greeks-with-Latin-reuse
BnF_-_Horace_Ms-Latin-11312_bw
BnF_-_Horace_Ms-Latin-11312_color
BnF_-_MS-Grec-2991
BnF_-_Ms-Georgien-5
BnF_-_Ms-Grec-487
BnF_-_Ms-Latin-12302
BnF_-_Ms-Latin-12410_bw

Anast@DESKTOP-O7KM5A5 /cygdrive/c/David/FHTW-2025-All_-_move_2024_get_new/new_-_folder_for_not-yet-ready_new_imgs
$ comm -12 pdfs_done_1748214211_2025-05-25T170331-0600.lst pdfs_already_converted_1748214211_2025-05-25T170331-0600.lst | wc -l
0

Anast@DESKTOP-O7KM5A5 /cygdrive/c/David/FHTW-2025-All_-_move_2024_get_new/new_-_folder_for_not-yet-ready_new_imgs
$ sed -i.bak 's#[.]png##g;' pdfs_todo_if_not_already_1748214211_2025-05-25T170331-0600.lst

Anast@DESKTOP-O7KM5A5 /cygdrive/c/David/FHTW-2025-All_-_move_2024_get_new/new_-_folder_for_not-yet-ready_new_imgs
$ head pdfs_todo_if_not_already_1748214211_2025-05-25T170331-0600.lst
BnF-BibArsenal_-_Candide_Ms-3160.pdf
BnF-BibArsenal_-_Ms-6039.pdf
BnF-BibArsenal_-_Ms-8407.pdf
BnF-BibArsenal_-_Ms-87.pdf
BnF_-_Breviarium_Alarici_Ms-Lat-4404.pdf
BnF_-_Ms-Fra-24308.pdf
BnF_-_Ms-Grec-2467.pdf
BnF_-_Ms-Grec-338.pdf
BnF_-_Ms-Heb-187.pdf
BnF_-_Ms-Lat-10753.pdf

Anast@DESKTOP-O7KM5A5 /cygdrive/c/David/FHTW-2025-All_-_move_2024_get_new/new_-_folder_for_not-yet-ready_new_imgs
$ sed -i.bak 's#[.]pdf##g;' pdfs_todo_if_not_already_1748214211_2025-05-25T170331-0600.lst

Anast@DESKTOP-O7KM5A5 /cygdrive/c/David/FHTW-2025-All_-_move_2024_get_new/new_-_folder_for_not-yet-ready_new_imgs
$ head pdfs_todo_if_not_already_1748214211_2025-05-25T170331-0600.lst
BnF-BibArsenal_-_Candide_Ms-3160
BnF-BibArsenal_-_Ms-6039
BnF-BibArsenal_-_Ms-8407
BnF-BibArsenal_-_Ms-87
BnF_-_Breviarium_Alarici_Ms-Lat-4404
BnF_-_Ms-Fra-24308
BnF_-_Ms-Grec-2467
BnF_-_Ms-Grec-338
BnF_-_Ms-Heb-187
BnF_-_Ms-Lat-10753

Anast@DESKTOP-O7KM5A5 /cygdrive/c/David/FHTW-2025-All_-_move_2024_get_new/new_-_folder_for_not-yet-ready_new_imgs
$ sed -i.bak 's#[.]pdf##g;' pdfs_done_1748214211_2025-05-25T170331-0600.lst

Anast@DESKTOP-O7KM5A5 /cygdrive/c/David/FHTW-2025-All_-_move_2024_get_new/new_-_folder_for_not-yet-ready_new_imgs
$ head pdfs_done_1748214211_2025-05-25T170331-0600.lst
BavarianStateLibrary-LOC_-_ArmenianGospelBook_BSB-Cod-armen-1-and-wdl_18-39-6
BnF_-_AESOPUS_Ms-Grec-1310
BnF_-_Grec-1371_palimpsest
BnF_-_Horace_Ms-Latin-11312_bw
BnF_-_Horace_Ms-Latin-11312_color
BnF_-_MS-Grec-2089_palimpsest
BnF_-_MS-Grec-2991
BnF_-_Ms-Georgien-5
BnF_-_Ms-Grec-487
BnF_-_Ms-Latin-12302

Anast@DESKTOP-O7KM5A5 /cygdrive/c/David/FHTW-2025-All_-_move_2024_get_new/new_-_folder_for_not-yet-ready_new_imgs
$ comm -12 pdfs_todo_if_not_already_1748214211_2025-05-25T170331-0600.lst pdfs_done_1748214211_2025-05-25T170331-0600.lst | wc -l
1

Anast@DESKTOP-O7KM5A5 /cygdrive/c/David/FHTW-2025-All_-_move_2024_get_new/new_-_folder_for_not-yet-ready_new_imgs
$ comm -12 pdfs_todo_if_not_already_1748214211_2025-05-25T170331-0600.lst pdfs_done_1748214211_2025-05-25T170331-0600.lst
DigitaleLandesbibOberosterreich_-_Linz-AT-OOeLB-Hs-20

Anast@DESKTOP-O7KM5A5 /cygdrive/c/David/FHTW-2025-All_-_move_2024_get_new/new_-_folder_for_not-yet-ready_new_imgs
$ comm -12 pdfs_todo_if_not_already_1748214211_2025-05-25T170331-0600.lst pdfs_already_converted_1748214211_2025-05-25T170331-0600.lst | wc -l
0

Anast@DESKTOP-O7KM5A5 /cygdrive/c/David/FHTW-2025-All_-_move_2024_get_new/new_-_folder_for_not-yet-ready_new_imgs
$ comm -12 pdfs_done_1748214211_2025-05-25T170331-0600.lst pdfs_already_converted_1748214211_2025-05-25T170331-0600.lst | wc -l
20

Anast@DESKTOP-O7KM5A5 /cygdrive/c/David/FHTW-2025-All_-_move_2024_get_new/new_-_folder_for_not-yet-ready_new_imgs
$ find ./new_to_convert_PDF/ -type f -iname "*.pdf" | wc -l
48

Anast@DESKTOP-O7KM5A5 /cygdrive/c/David/FHTW-2025-All_-_move_2024_get_new/new_-_folder_for_not-yet-ready_new_imgs
$ wc -l pdfs_done_1748214211_2025-05-25T170331-0600.lst
49 pdfs_done_1748214211_2025-05-25T170331-0600.lst

Anast@DESKTOP-O7KM5A5 /cygdrive/c/David/FHTW-2025-All_-_move_2024_get_new/new_-_folder_for_not-yet-ready_new_imgs
$ head pdfs_done_1748214211_2025-05-25T170331-0600.lst
BavarianStateLibrary-LOC_-_ArmenianGospelBook_BSB-Cod-armen-1-and-wdl_18-39-6
BnF_-_AESOPUS_Ms-Grec-1310
BnF_-_Grec-1371_palimpsest
BnF_-_Horace_Ms-Latin-11312_bw
BnF_-_Horace_Ms-Latin-11312_color
BnF_-_MS-Grec-2089_palimpsest
BnF_-_MS-Grec-2991
BnF_-_Ms-Georgien-5
BnF_-_Ms-Grec-487
BnF_-_Ms-Latin-12302

Anast@DESKTOP-O7KM5A5 /cygdrive/c/David/FHTW-2025-All_-_move_2024_get_new/new_-_folder_for_not-yet-ready_new_imgs
$ mkdir pdfs_screwup_01_1748214211_2025-05-25T170331-0600

Anast@DESKTOP-O7KM5A5 /cygdrive/c/David/FHTW-2025-All_-_move_2024_get_new/new_-_folder_for_not-yet-ready_new_imgs
$ mv pdfs* pdfs_screwup_01_1748214211_2025-05-25T170331-0600/
mv: cannot move 'pdfs_screwup_01_1748214211_2025-05-25T170331-0600' to a subdirectory of itself, 'pdfs_screwup_01_1748214211_2025-05-25T170331-0600/pdfs_screwup_01_1748214211_2025-05-25T170331-0600'

Anast@DESKTOP-O7KM5A5 /cygdrive/c/David/FHTW-2025-All_-_move_2024_get_new/new_-_folder_for_not-yet-ready_new_imgs
$ find converted_from_PDF_-_now_rename_png/ -type f -iname "BnF*Grec-1371*.png" | sed 's#[.]/##g; s#_[0-9]\{5\}[.]png##g' | sort | uniq | wc -l
1

Anast@DESKTOP-O7KM5A5 /cygdrive/c/David/FHTW-2025-All_-_move_2024_get_new/new_-_folder_for_not-yet-ready_new_imgs
$ find converted_from_PDF_-_now_rename_png/ -type f -iname "BnF*Grec-1371*.png" | sed 's#[.]/##g; s#_[0-9]\{5\}[.]png##g' | sort | uniq
converted_from_PDF_-_now_rename_png/BnF_-_Grec-1371_palimpsest-2-greeks-with-Latin-reuse

Anast@DESKTOP-O7KM5A5 /cygdrive/c/David/FHTW-2025-All_-_move_2024_get_new/new_-_folder_for_not-yet-ready_new_imgs
$ find new_to_convert_PDF/ -type f -iname "BnF*Grec-1371*.png" | sed 's#[.]/##g; s#_[0-9]\{5\}[.]pdf##g' | sort | uniq

Anast@DESKTOP-O7KM5A5 /cygdrive/c/David/FHTW-2025-All_-_move_2024_get_new/new_-_folder_for_not-yet-ready_new_imgs
$ find new_to_convert_ -type f -iname "BnF*Grec-1371*.pdf" | sed 's#[.]/##g; s#_[0-9]\{5\}[.]pdf##g' | sort | uniq
new_to_convert_-_no_split_yet/ new_to_convert_encode_png/
new_to_convert_PDF/            new_to_convert_jpeg/

Anast@DESKTOP-O7KM5A5 /cygdrive/c/David/FHTW-2025-All_-_move_2024_get_new/new_-_folder_for_not-yet-ready_new_imgs
$ find new_to_convert_PDF/ -type f -iname "BnF*Grec-1371*.pdf" | sed 's#[.]/##g; s#_[0-9]\{5\}[.]pdf##g' | sort | uniq
new_to_convert_PDF/BnF_-_Grec-1371_palimpsest.pdf

Anast@DESKTOP-O7KM5A5 /cygdrive/c/David/FHTW-2025-All_-_move_2024_get_new/new_-_folder_for_not-yet-ready_new_imgs
$ find new_to_convert_PDF/ -type f -iname "*palimpsest*"
new_to_convert_PDF/BnF_-_Grec-1371_palimpsest.pdf
new_to_convert_PDF/BnF_-_MS-Grec-2089_palimpsest.pdf

Anast@DESKTOP-O7KM5A5 /cygdrive/c/David/FHTW-2025-All_-_move_2024_get_new/new_-_folder_for_not-yet-ready_new_imgs
$ mv new_to_convert_PDF/BnF_-_Grec-1371_palimpsest.pdf new_to_convert_PDF/BnF_-_Ms-Grec-1371-palimpsest.pdf

Anast@DESKTOP-O7KM5A5 /cygdrive/c/David/FHTW-2025-All_-_move_2024_get_new/new_-_folder_for_not-yet-ready_new_imgs
$ mv new_to_convert_PDF/BnF_-_MS-Grec-2089_palimpsest.pdf new_to_convert_PDF/BnF_-_Ms-Grec-2089-palimpsest.pdf

Anast@DESKTOP-O7KM5A5 /cygdrive/c/David/FHTW-2025-All_-_move_2024_get_new/new_-_folder_for_not-yet-ready_new_imgs
$ mv new_to_convert_PDF/BnF_-_MS-Grec-2991.pdf new_to_convert_PDF/BnF_-_Ms-Grec-2991.pdf

Anast@DESKTOP-O7KM5A5 /cygdrive/c/David/FHTW-2025-All_-_move_2024_get_new/new_-_folder_for_not-yet-ready_new_imgs
$

Anast@DESKTOP-O7KM5A5 /cygdrive/c/David/FHTW-2025-All_-_move_2024_get_new/new_-_folder_for_not-yet-ready_new_imgs
$

Anast@DESKTOP-O7KM5A5 /cygdrive/c/David/FHTW-2025-All_-_move_2024_get_new/new_-_folder_for_not-yet-ready_new_imgs
$ find new_to_convert_PDF/ -type f -iname "*.pdf" | awk -F'/' '{print $NF}' | sed 's#[.]pdf$##g' | wc -l
48

Anast@DESKTOP-O7KM5A5 /cygdrive/c/David/FHTW-2025-All_-_move_2024_get_new/new_-_folder_for_not-yet-ready_new_imgs
$ find new_to_convert_PDF/ -type f -iname "*.pdf" | awk -F'/' '{print $NF}' | sed 's#[.]pdf$##g' | head
BavarianStateLibrary-LOC_-_ArmenianGospelBook_BSB-Cod-armen-1-and-wdl_18-39-6
BnF_-_AESOPUS_Ms-Grec-1310
BnF_-_Horace_Ms-Latin-11312_bw
BnF_-_Horace_Ms-Latin-11312_color
BnF_-_Ms-Georgien-5
BnF_-_Ms-Grec-1371-palimpsest
BnF_-_Ms-Grec-2089-palimpsest
BnF_-_Ms-Grec-2991
BnF_-_Ms-Grec-487
BnF_-_Ms-Latin-12302

Anast@DESKTOP-O7KM5A5 /cygdrive/c/David/FHTW-2025-All_-_move_2024_get_new/new_-_folder_for_not-yet-ready_new_imgs
$ ts=$(date +'%s_%Y-%m-%dT%H%M%S%z') && find new_to_convert_PDF/ -type f -iname "*.pdf" | awk -F'/' '{print $NF}' | sed 's#[.]pdf$##g' | sort > pdfs_from_ntcP_${ts}.lst

Anast@DESKTOP-O7KM5A5 /cygdrive/c/David/FHTW-2025-All_-_move_2024_get_new/new_-_folder_for_not-yet-ready_new_imgs
$ head pdfs_from_ntcP_1748217711_2025-05-25T180151-0600.lst
BavarianStateLibrary-LOC_-_ArmenianGospelBook_BSB-Cod-armen-1-and-wdl_18-39-6
BnF_-_AESOPUS_Ms-Grec-1310
BnF_-_Horace_Ms-Latin-11312_bw
BnF_-_Horace_Ms-Latin-11312_color
BnF_-_Ms-Georgien-5
BnF_-_Ms-Grec-1371-palimpsest
BnF_-_Ms-Grec-2089-palimpsest
BnF_-_Ms-Grec-2991
BnF_-_Ms-Grec-487
BnF_-_Ms-Latin-12302

Anast@DESKTOP-O7KM5A5 /cygdrive/c/David/FHTW-2025-All_-_move_2024_get_new/new_-_folder_for_not-yet-ready_new_imgs
$ find converted_PDFs_-_origs/ -type f -iname "*.pdf" | awk -F'/' '{print $NF}' | sed 's#[.]pdf$##g' | sort > pdfs_from_cPo_${ts}.lst

Anast@DESKTOP-O7KM5A5 /cygdrive/c/David/FHTW-2025-All_-_move_2024_get_new/new_-_folder_for_not-yet-ready_new_imgs
$ comm -12 pdfs_from_cPo_1748217711_2025-05-25T180151-0600.lst pdfs_from_ntcP_1748217711_2025-05-25T180151-0600.lst | wc -l
0

Anast@DESKTOP-O7KM5A5 /cygdrive/c/David/FHTW-2025-All_-_move_2024_get_new/new_-_folder_for_not-yet-ready_new_imgs
$ # No overlap there.

Anast@DESKTOP-O7KM5A5 /cygdrive/c/David/FHTW-2025-All_-_move_2024_get_new/new_-_folder_for_not-yet-ready_new_imgs
$ find converted_from_PDF_-_now_rename_png/ -type f -iname "*.png |  awk -F'/' '{print $NF}' | sed 's#_[0-9]\{5\}[.]png##g;' | sort | uniq > pdfs_from_cfPnrp_${ts}.lst
> ^C

Anast@DESKTOP-O7KM5A5 /cygdrive/c/David/FHTW-2025-All_-_move_2024_get_new/new_-_folder_for_not-yet-ready_new_imgs
$ find converted_from_PDF_-_now_rename_png/ -type f -iname "*.png" |  awk -F'/' '{print $NF}' | sed 's#_[0-9]\{5\}[.]png##g;' | sort | uniq > pdfs_from_cfPnrp_${ts}.lst

Anast@DESKTOP-O7KM5A5 /cygdrive/c/David/FHTW-2025-All_-_move_2024_get_new/new_-_folder_for_not-yet-ready_new_imgs
$ wc -l < pdfs_from_cfPnrp_1748217711_2025-05-25T180151-0600.lst
21

Anast@DESKTOP-O7KM5A5 /cygdrive/c/David/FHTW-2025-All_-_move_2024_get_new/new_-_folder_for_not-yet-ready_new_imgs
$ comm -12 pdfs_from_cPo_1748217711_2025-05-25T180151-0600.lst pdfs_from_cfPnrp_1748217711_2025-05-25T180151-0600.lst | wc -l
0

Anast@DESKTOP-O7KM5A5 /cygdrive/c/David/FHTW-2025-All_-_move_2024_get_new/new_-_folder_for_not-yet-ready_new_imgs
$ comm -12 pdfs_from_ntcP_1748217711_2025-05-25T180151-0600.lst pdfs_from_cfPnrp_1748217711_2025-05-25T180151-0600.lst | wc -l
19

Anast@DESKTOP-O7KM5A5 /cygdrive/c/David/FHTW-2025-All_-_move_2024_get_new/new_-_folder_for_not-yet-ready_new_imgs
$ comm -12 pdfs_from_ntcP_1748217711_2025-05-25T180151-0600.lst pdfs_from_cfPnrp_1748217711_2025-05-25T180151-0600.lst
BavarianStateLibrary-LOC_-_ArmenianGospelBook_BSB-Cod-armen-1-and-wdl_18-39-6
BnF_-_AESOPUS_Ms-Grec-1310
BnF_-_Horace_Ms-Latin-11312_bw
BnF_-_Horace_Ms-Latin-11312_color
BnF_-_Ms-Georgien-5
BnF_-_Ms-Grec-487
BnF_-_Ms-Latin-12302
BnF_-_Ms-Latin-12410_bw
BnF_-_Ms-Latin-12410_color
BnF_-_Ms-Latin-17742
BnF_-_Ms-Latin-2510
BnF_-_Ms-Latin-619
BnF_-_Ms-NAL-1436
BnF_-_Publius_Papinius_Ms-Latin-8055_bw
BnF_-_Publius_Papinius_Ms-Latin-8055_color
BnF_-_ScriptaVariaHorace_Ms-Latin-7978
BnF_-_TraductionDuCoranDePierreLeVenerable_Ms-Latin-0000
Bodleian-Library-MS-Laud-Misc-440
WaltersArtMuseum-LOC_-_TorosRoslinGospels_Walters-Ms-W-539-and-wdl-13-01-2

Anast@DESKTOP-O7KM5A5 /cygdrive/c/David/FHTW-2025-All_-_move_2024_get_new/new_-_folder_for_not-yet-ready_new_imgs
$ #  I'll delete manually when we're done, but first.

Anast@DESKTOP-O7KM5A5 /cygdrive/c/David/FHTW-2025-All_-_move_2024_get_new/new_-_folder_for_not-yet-ready_new_imgs
$ find converted_from_PDF_-_now_to_jpeg/ -type f -iname "*.png" |  awk -F'/' '{print $NF}' | sed 's#_[0-9]\{5\}[.]png##g;' | sort | uniq > pdfs_from_cfPntj_${ts}.lst

Anast@DESKTOP-O7KM5A5 /cygdrive/c/David/FHTW-2025-All_-_move_2024_get_new/new_-_folder_for_not-yet-ready_new_imgs
$ wc -l < pdfs_from_cfPntj_1748217711_2025-05-25T180151-0600.lst
31

Anast@DESKTOP-O7KM5A5 /cygdrive/c/David/FHTW-2025-All_-_move_2024_get_new/new_-_folder_for_not-yet-ready_new_imgs
$ wc -l < pdfs_from_cPo_1748217711_2025-05-25T180151-0600.lst
34

Anast@DESKTOP-O7KM5A5 /cygdrive/c/David/FHTW-2025-All_-_move_2024_get_new/new_-_folder_for_not-yet-ready_new_imgs
$ comm -12 pdfs_from_cPo_1748217711_2025-05-25T180151-0600.lst pdfs_from_cfPntj_1748217711_2025-05-25T180151-0600.lst | wc -l
29

Anast@DESKTOP-O7KM5A5 /cygdrive/c/David/FHTW-2025-All_-_move_2024_get_new/new_-_folder_for_not-yet-ready_new_imgs
$ comm -13 pdfs_from_cPo_1748217711_2025-05-25T180151-0600.lst pdfs_from_cfPntj_1748217711_2025-05-25T180151-0600.lst | wc -l
2

Anast@DESKTOP-O7KM5A5 /cygdrive/c/David/FHTW-2025-All_-_move_2024_get_new/new_-_folder_for_not-yet-ready_new_imgs
$ comm -13 pdfs_from_cPo_1748217711_2025-05-25T180151-0600.lst pdfs_from_cfPntj_1748217711_2025-05-25T180151-0600.lst
UniversiteitLeiden_-_LibriMissalis_fragmentaBPL25_-_LowerResolution
UniversiteitLeiden_-_LibriMissalis_fragmentaBPL25_-_LowerResolution_000001.png

Anast@DESKTOP-O7KM5A5 /cygdrive/c/David/FHTW-2025-All_-_move_2024_get_new/new_-_folder_for_not-yet-ready_new_imgs
$ vim pdfs_from_cfPntj_1748217711_2025-05-25T180151-0600.lst

Anast@DESKTOP-O7KM5A5 /cygdrive/c/David/FHTW-2025-All_-_move_2024_get_new/new_-_folder_for_not-yet-ready_new_imgs
$ # took care of that one weird line

Anast@DESKTOP-O7KM5A5 /cygdrive/c/David/FHTW-2025-All_-_move_2024_get_new/new_-_folder_for_not-yet-ready_new_imgs
$ comm -12 pdfs_from_cPo_1748217711_2025-05-25T180151-0600.lst pdfs_from_cfPntj_1748217711_2025-05-25T180151-0600.lst | wc -l
29

Anast@DESKTOP-O7KM5A5 /cygdrive/c/David/FHTW-2025-All_-_move_2024_get_new/new_-_folder_for_not-yet-ready_new_imgs
$ comm -13 pdfs_from_cPo_1748217711_2025-05-25T180151-0600.lst pdfs_from_cfPntj_1748217711_2025-05-25T180151-0600.lst
UniversiteitLeiden_-_LibriMissalis_fragmentaBPL25_-_LowerResolution

Anast@DESKTOP-O7KM5A5 /cygdrive/c/David/FHTW-2025-All_-_move_2024_get_new/new_-_folder_for_not-yet-ready_new_imgs
$ comm -23 pdfs_from_cPo_1748217711_2025-05-25T180151-0600.lst pdfs_from_cfPntj_1748217711_2025-05-25T180151-0600.lst
BnF_-_Breviarium_Alarici_Ms-Lat-4404
BnF_-_Ms-Lat-10753
BnF_-_Ms-NAL-1614
Germany-Munich-BayerischeStaatsbib_-_BSB-Hss-Cgm-10
UniversiteitLeiden_-_LibriMissalis fragmentaBPL25_-_LowerResolution

Anast@DESKTOP-O7KM5A5 /cygdrive/c/David/FHTW-2025-All_-_move_2024_get_new/new_-_folder_for_not-yet-ready_new_imgs
$ mv converted_PDFs_-_origs/UniversiteitLeiden_-_LibriMissalis\ fragmentaBPL25_-_LowerResolution.pdf converted_PDFs_-_origs/UniversiteitLeiden_-_LibriMissalis_fragmentaBPL25_-_LowerResolution.pdf

Anast@DESKTOP-O7KM5A5 /cygdrive/c/David/FHTW-2025-All_-_move_2024_get_new/new_-_folder_for_not-yet-ready_new_imgs
$ find converted_PDFs_-_origs/ -type f -iname "*.pdf" | awk -F'/' '{print $NF}' | sed 's#[.]pdf##g' | sort > pdfs_from_cPo_${ts}.lst

Anast@DESKTOP-O7KM5A5 /cygdrive/c/David/FHTW-2025-All_-_move_2024_get_new/new_-_folder_for_not-yet-ready_new_imgs
$ wc -l < pdfs_from_cPo_1748217711_2025-05-25T180151-0600.lst
34

Anast@DESKTOP-O7KM5A5 /cygdrive/c/David/FHTW-2025-All_-_move_2024_get_new/new_-_folder_for_not-yet-ready_new_imgs
$ wc -l < pdfs_from_cfPntj_1748217711_2025-05-25T180151-0600.lst
30

Anast@DESKTOP-O7KM5A5 /cygdrive/c/David/FHTW-2025-All_-_move_2024_get_new/new_-_folder_for_not-yet-ready_new_imgs
$ comm -12 pdfs_from_cPo_1748217711_2025-05-25T180151-0600.lst pdfs_from_cfPntj_1748217711_2025-05-25T180151-0600.lst | wc -l
30

Anast@DESKTOP-O7KM5A5 /cygdrive/c/David/FHTW-2025-All_-_move_2024_get_new/new_-_folder_for_not-yet-ready_new_imgs
$ comm -13 pdfs_from_cPo_1748217711_2025-05-25T180151-0600.lst pdfs_from_cfPntj_1748217711_2025-05-25T180151-0600.lst | wc -l
0

Anast@DESKTOP-O7KM5A5 /cygdrive/c/David/FHTW-2025-All_-_move_2024_get_new/new_-_folder_for_not-yet-ready_new_imgs
$ comm -23 pdfs_from_cPo_1748217711_2025-05-25T180151-0600.lst pdfs_from_cfPntj_1748217711_2025-05-25T180151-0600.lst | wc -l
4

Anast@DESKTOP-O7KM5A5 /cygdrive/c/David/FHTW-2025-All_-_move_2024_get_new/new_-_folder_for_not-yet-ready_new_imgs
$ comm -23 pdfs_from_cPo_1748217711_2025-05-25T180151-0600.lst pdfs_from_cfPntj_1748217711_2025-05-25T180151-0600.lst
BnF_-_Breviarium_Alarici_Ms-Lat-4404
BnF_-_Ms-Lat-10753
BnF_-_Ms-NAL-1614
Germany-Munich-BayerischeStaatsbib_-_BSB-Hss-Cgm-10

Anast@DESKTOP-O7KM5A5 /cygdrive/c/David/FHTW-2025-All_-_move_2024_get_new/new_-_folder_for_not-yet-ready_new_imgs
$ find . -type f -iname "BnF_-_Breviarium_Alarici_Ms-Lat-4404*" | wc -l
1

Anast@DESKTOP-O7KM5A5 /cygdrive/c/David/FHTW-2025-All_-_move_2024_get_new/new_-_folder_for_not-yet-ready_new_imgs
$ find .. -type f -iname "BnF_-_Breviarium_Alarici_Ms-Lat-4404*" | wc -l
495

Anast@DESKTOP-O7KM5A5 /cygdrive/c/David/FHTW-2025-All_-_move_2024_get_new/new_-_folder_for_not-yet-ready_new_imgs
$ find .. -type f -iname "BnF_-_Breviarium_Alarici_Ms-Lat-4404*" | head -n 2
../new_-_folder_for_not-yet-ready_new_imgs/converted_PDFs_-_origs/BnF_-_Breviarium_Alarici_Ms-Lat-4404.pdf
../new_final_jpeg_to_use/BnF_-_Breviarium_Alarici_Ms-Lat-4404/BnF_-_Breviarium_Alarici_Ms-Lat-4404_00001.jpg

Anast@DESKTOP-O7KM5A5 /cygdrive/c/David/FHTW-2025-All_-_move_2024_get_new/new_-_folder_for_not-yet-ready_new_imgs
$ #  No problem there.

Anast@DESKTOP-O7KM5A5 /cygdrive/c/David/FHTW-2025-All_-_move_2024_get_new/new_-_folder_for_not-yet-ready_new_imgs
$  comm -12 pdfs_from_ntcP_1748217711_2025-05-25T180151-0600.lst pdfs_from_cfPnrp_1748217711_2025-05-25T180151-0600.lst
BavarianStateLibrary-LOC_-_ArmenianGospelBook_BSB-Cod-armen-1-and-wdl_18-39-6
BnF_-_AESOPUS_Ms-Grec-1310
BnF_-_Horace_Ms-Latin-11312_bw
BnF_-_Horace_Ms-Latin-11312_color
BnF_-_Ms-Georgien-5
BnF_-_Ms-Grec-487
BnF_-_Ms-Latin-12302
BnF_-_Ms-Latin-12410_bw
BnF_-_Ms-Latin-12410_color
BnF_-_Ms-Latin-17742
BnF_-_Ms-Latin-2510
BnF_-_Ms-Latin-619
BnF_-_Ms-NAL-1436
BnF_-_Publius_Papinius_Ms-Latin-8055_bw
BnF_-_Publius_Papinius_Ms-Latin-8055_color
BnF_-_ScriptaVariaHorace_Ms-Latin-7978
BnF_-_TraductionDuCoranDePierreLeVenerable_Ms-Latin-0000
Bodleian-Library-MS-Laud-Misc-440
WaltersArtMuseum-LOC_-_TorosRoslinGospels_Walters-Ms-W-539-and-wdl-13-01-2

Anast@DESKTOP-O7KM5A5 /cygdrive/c/David/FHTW-2025-All_-_move_2024_get_new/new_-_folder_for_not-yet-ready_new_imgs
$ man xargs

Anast@DESKTOP-O7KM5A5 /cygdrive/c/David/FHTW-2025-All_-_move_2024_get_new/new_-_folder_for_not-yet-ready_new_imgs
$  comm -12 pdfs_from_ntcP_1748217711_2025-05-25T180151-0600.lst pdfs_from_cfPnrp_1748217711_2025-05-25T180151-0600.lst | tr '\n' '\0' | xargs -I'{}' -0 rm new_to_convert_PDF/{}* && echo "   ... removed new_to_convert_PDF/{}*" || echo "   ... FAILURE to remove new_to_convert_PDF/{}*" | tee removing_already_done_${ts}.out
rm: cannot remove 'new_to_convert_PDF/BavarianStateLibrary-LOC_-_ArmenianGospelBook_BSB-Cod-armen-1-and-wdl_18-39-6*': No such file or directory
rm: cannot remove 'new_to_convert_PDF/BnF_-_AESOPUS_Ms-Grec-1310*': No such file or directory
rm: cannot remove 'new_to_convert_PDF/BnF_-_Horace_Ms-Latin-11312_bw*': No such file or directory
rm: cannot remove 'new_to_convert_PDF/BnF_-_Horace_Ms-Latin-11312_color*': No such file or directory
rm: cannot remove 'new_to_convert_PDF/BnF_-_Ms-Georgien-5*': No such file or directory
rm: cannot remove 'new_to_convert_PDF/BnF_-_Ms-Grec-487*': No such file or directory
rm: cannot remove 'new_to_convert_PDF/BnF_-_Ms-Latin-12302*': No such file or directory
rm: cannot remove 'new_to_convert_PDF/BnF_-_Ms-Latin-12410_bw*': No such file or directory
rm: cannot remove 'new_to_convert_PDF/BnF_-_Ms-Latin-12410_color*': No such file or directory
rm: cannot remove 'new_to_convert_PDF/BnF_-_Ms-Latin-17742*': No such file or directory
rm: cannot remove 'new_to_convert_PDF/BnF_-_Ms-Latin-2510*': No such file or directory
rm: cannot remove 'new_to_convert_PDF/BnF_-_Ms-Latin-619*': No such file or directory
rm: cannot remove 'new_to_convert_PDF/BnF_-_Ms-NAL-1436*': No such file or directory
rm: cannot remove 'new_to_convert_PDF/BnF_-_Publius_Papinius_Ms-Latin-8055_bw*': No such file or directory
rm: cannot remove 'new_to_convert_PDF/BnF_-_Publius_Papinius_Ms-Latin-8055_color*': No such file or directory
rm: cannot remove 'new_to_convert_PDF/BnF_-_ScriptaVariaHorace_Ms-Latin-7978*': No such file or directory
rm: cannot remove 'new_to_convert_PDF/BnF_-_TraductionDuCoranDePierreLeVenerable_Ms-Latin-0000*': No such file or directory
rm: cannot remove 'new_to_convert_PDF/Bodleian-Library-MS-Laud-Misc-440*': No such file or directory
rm: cannot remove 'new_to_convert_PDF/WaltersArtMuseum-LOC_-_TorosRoslinGospels_Walters-Ms-W-539-and-wdl-13-01-2*': No such file or directory
   ... FAILURE to remove new_to_convert_PDF/{}*

Anast@DESKTOP-O7KM5A5 /cygdrive/c/David/FHTW-2025-All_-_move_2024_get_new/new_-_folder_for_not-yet-ready_new_imgs
$  comm -12 pdfs_from_ntcP_1748217711_2025-05-25T180151-0600.lst pdfs_from_cfPnrp_1748217711_2025-05-25T180151-0600.lst | tr '\n' '\0' | xargs -I'{}' -0 rm new_to_convert_PDF/{}.pdf && echo "   ... removed new_to_convert_PDF/{}.pdf" || echo "   ... FAILURE to remove new_to_convert_PDF/{}.pdf" | tee removing_already_done_${ts}.out
   ... removed new_to_convert_PDF/{}.pdf

Anast@DESKTOP-O7KM5A5 /cygdrive/c/David/FHTW-2025-All_-_move_2024_get_new/new_-_folder_for_not-yet-ready_new_imgs
$ #  It seems to have worked, whether it wants to say so or not.

Anast@DESKTOP-O7KM5A5 /cygdrive/c/David/FHTW-2025-All_-_move_2024_get_new/new_-_folder_for_not-yet-ready_new_imgs
$  comm -12 pdfs_from_ntcP_1748217711_2025-05-25T180151-0600.lst pdfs_from_cfPnrp_1748217711_2025-05-25T180151-0600.lst
BavarianStateLibrary-LOC_-_ArmenianGospelBook_BSB-Cod-armen-1-and-wdl_18-39-6
BnF_-_AESOPUS_Ms-Grec-1310
BnF_-_Horace_Ms-Latin-11312_bw
BnF_-_Horace_Ms-Latin-11312_color
BnF_-_Ms-Georgien-5
BnF_-_Ms-Grec-487
BnF_-_Ms-Latin-12302
BnF_-_Ms-Latin-12410_bw
BnF_-_Ms-Latin-12410_color
BnF_-_Ms-Latin-17742
BnF_-_Ms-Latin-2510
BnF_-_Ms-Latin-619
BnF_-_Ms-NAL-1436
BnF_-_Publius_Papinius_Ms-Latin-8055_bw
BnF_-_Publius_Papinius_Ms-Latin-8055_color
BnF_-_ScriptaVariaHorace_Ms-Latin-7978
BnF_-_TraductionDuCoranDePierreLeVenerable_Ms-Latin-0000
Bodleian-Library-MS-Laud-Misc-440
WaltersArtMuseum-LOC_-_TorosRoslinGospels_Walters-Ms-W-539-and-wdl-13-01-2

Anast@DESKTOP-O7KM5A5 /cygdrive/c/David/FHTW-2025-All_-_move_2024_get_new/new_-_folder_for_not-yet-ready_new_imgs
$  comm -12 pdfs_from_ntcP_1748217711_2025-05-25T180151-0600.lst pdfs_from_cfPnrp_1748217711_2025-05-25T180151-0600.lst | tr '\n' '\0' | xargs -I'{}' -0 rm "new_to_convert_PDF/{}.pdf" && echo "   ... removed new_to_convert_PDF/{}.pdf" || echo "   ... FAILURE to remove new_to_convert_PDF/{}.pdf" | tee removing_already_done_${ts}.out
rm: cannot remove 'new_to_convert_PDF/BavarianStateLibrary-LOC_-_ArmenianGospelBook_BSB-Cod-armen-1-and-wdl_18-39-6.pdf': No such file or directory
rm: cannot remove 'new_to_convert_PDF/BnF_-_AESOPUS_Ms-Grec-1310.pdf': No such file or directory
rm: cannot remove 'new_to_convert_PDF/BnF_-_Horace_Ms-Latin-11312_bw.pdf': No such file or directory
rm: cannot remove 'new_to_convert_PDF/BnF_-_Horace_Ms-Latin-11312_color.pdf': No such file or directory
rm: cannot remove 'new_to_convert_PDF/BnF_-_Ms-Georgien-5.pdf': No such file or directory
rm: cannot remove 'new_to_convert_PDF/BnF_-_Ms-Grec-487.pdf': No such file or directory
rm: cannot remove 'new_to_convert_PDF/BnF_-_Ms-Latin-12302.pdf': No such file or directory
rm: cannot remove 'new_to_convert_PDF/BnF_-_Ms-Latin-12410_bw.pdf': No such file or directory
rm: cannot remove 'new_to_convert_PDF/BnF_-_Ms-Latin-12410_color.pdf': No such file or directory
rm: cannot remove 'new_to_convert_PDF/BnF_-_Ms-Latin-17742.pdf': No such file or directory
rm: cannot remove 'new_to_convert_PDF/BnF_-_Ms-Latin-2510.pdf': No such file or directory
rm: cannot remove 'new_to_convert_PDF/BnF_-_Ms-Latin-619.pdf': No such file or directory
rm: cannot remove 'new_to_convert_PDF/BnF_-_Ms-NAL-1436.pdf': No such file or directory
rm: cannot remove 'new_to_convert_PDF/BnF_-_Publius_Papinius_Ms-Latin-8055_bw.pdf': No such file or directory
rm: cannot remove 'new_to_convert_PDF/BnF_-_Publius_Papinius_Ms-Latin-8055_color.pdf': No such file or directory
rm: cannot remove 'new_to_convert_PDF/BnF_-_ScriptaVariaHorace_Ms-Latin-7978.pdf': No such file or directory
rm: cannot remove 'new_to_convert_PDF/BnF_-_TraductionDuCoranDePierreLeVenerable_Ms-Latin-0000.pdf': No such file or directory
rm: cannot remove 'new_to_convert_PDF/Bodleian-Library-MS-Laud-Misc-440.pdf': No such file or directory
rm: cannot remove 'new_to_convert_PDF/WaltersArtMuseum-LOC_-_TorosRoslinGospels_Walters-Ms-W-539-and-wdl-13-01-2.pdf': No such file or directory
   ... FAILURE to remove new_to_convert_PDF/{}.pdf

Anast@DESKTOP-O7KM5A5 /cygdrive/c/David/FHTW-2025-All_-_move_2024_get_new/new_-_folder_for_not-yet-ready_new_imgs
$ comm -12 <(find new_to_convert_PDF/ -type f -iname "*.pdf" | awk -F'/' '{print $NF}' | sort) <(find converted_PDFs_-_origs/ -type f -iname "*.pdf" | awk -F'/' '{print $NF}' | sort)

Anast@DESKTOP-O7KM5A5 /cygdrive/c/David/FHTW-2025-All_-_move_2024_get_new/new_-_folder_for_not-yet-ready_new_imgs
$ comm -12 <(find new_to_convert_PDF/ -type f -iname "*.pdf" | awk -F'/' '{print $NF}' | sort) <(find converted_PDFs_-_origs/ -type f -iname "*.pdf" | awk -F'/' '{print $NF}' | sort) | wc -l
0

Anast@DESKTOP-O7KM5A5 /cygdrive/c/David/FHTW-2025-All_-_move_2024_get_new/new_-_folder_for_not-yet-ready_new_imgs
$ comm -23 <(find new_to_convert_PDF/ -type f -iname "*.pdf" | awk -F'/' '{print $NF}' | sort) <(find converted_PDFs_-_origs/ -type f -iname "*.pdf" | awk -F'/' '{print $NF}' | sort) | wc -l
29

Anast@DESKTOP-O7KM5A5 /cygdrive/c/David/FHTW-2025-All_-_move_2024_get_new/new_-_folder_for_not-yet-ready_new_imgs
$ comm -13 <(find new_to_convert_PDF/ -type f -iname "*.pdf" | awk -F'/' '{print $NF}' | sort) <(find converted_PDFs_-_origs/ -type f -iname "*.pdf" | awk -F'/' '{print $NF}' | sort) | wc -l
34

Anast@DESKTOP-O7KM5A5 /cygdrive/c/David/FHTW-2025-All_-_move_2024_get_new/new_-_folder_for_not-yet-ready_new_imgs
$ #  Yeah, it deleted the right ones.

Anast@DESKTOP-O7KM5A5 /cygdrive/c/David/FHTW-2025-All_-_move_2024_get_new/new_-_folder_for_not-yet-ready_new_imgs
$

Anast@DESKTOP-O7KM5A5 /cygdrive/c/David/FHTW-2025-All_-_move_2024_get_new/new_-_folder_for_not-yet-ready_new_imgs
$

Anast@DESKTOP-O7KM5A5 /cygdrive/c/David/FHTW-2025-All_-_move_2024_get_new/new_-_folder_for_not-yet-ready_new_imgs
$ date +'%s_%Y-%m-%dT%H%M%S%z'
1748219660_2025-05-25T183420-0600

Anast@DESKTOP-O7KM5A5 /cygdrive/c/David/FHTW-2025-All_-_move_2024_get_new/new_-_folder_for_not-yet-ready_new_imgs
$

Anast@DESKTOP-O7KM5A5 /cygdrive/c/David/FHTW-2025-All_-_move_2024_get_new/new_-_folder_for_not-yet-ready_new_imgs
$

Anast@DESKTOP-O7KM5A5 /cygdrive/c/David/FHTW-2025-All_-_move_2024_get_new/new_-_folder_for_not-yet-ready_new_imgs
$ #  Okay, now starting the unwinging_the_binding.py on CMD, starting just after ...

Anast@DESKTOP-O7KM5A5 /cygdrive/c/David/FHTW-2025-All_-_move_2024_get_new/new_-_folder_for_not-yet-ready_new_imgs
$ date +'%s_%Y-%m-%dT%H%M%S%z'
1748219683_2025-05-25T183443-0600

Anast@DESKTOP-O7KM5A5 /cygdrive/c/David/FHTW-2025-All_-_move_2024_get_new/new_-_folder_for_not-yet-ready_new_imgs
$ Oh, wait, I'll get the sizes, then do the starting time
> ^C

Anast@DESKTOP-O7KM5A5 /cygdrive/c/David/FHTW-2025-All_-_move_2024_get_new/new_-_folder_for_not-yet-ready_new_imgs
$ du -hs new_to_convert_PDF/
9.9G    new_to_convert_PDF/

Anast@DESKTOP-O7KM5A5 /cygdrive/c/David/FHTW-2025-All_-_move_2024_get_new/new_-_folder_for_not-yet-ready_new_imgs
$ du -s new_to_convert_PDF/
10308216        new_to_convert_PDF/

Anast@DESKTOP-O7KM5A5 /cygdrive/c/David/FHTW-2025-All_-_move_2024_get_new/new_-_folder_for_not-yet-ready_new_imgs
$ find new_to_convert_PDF/ -type f -iname "*.pdf" | wc -l
29

Anast@DESKTOP-O7KM5A5 /cygdrive/c/David/FHTW-2025-All_-_move_2024_get_new/new_-_folder_for_not-yet-ready_new_imgs
$ find new_to_convert_PDF/ -type f | wc -l
29

Anast@DESKTOP-O7KM5A5 /cygdrive/c/David/FHTW-2025-All_-_move_2024_get_new/new_-_folder_for_not-yet-ready_new_imgs
$ #  Starting  unwinding_the_binding.py  a little bit after ...

Anast@DESKTOP-O7KM5A5 /cygdrive/c/David/FHTW-2025-All_-_move_2024_get_new/new_-_folder_for_not-yet-ready_new_imgs
$ date +'%s_%Y-%m-%dT%H%M%S%z'
1748219822_2025-05-25T183702-0600

Anast@DESKTOP-O7KM5A5 /cygdrive/c/David/FHTW-2025-All_-_move_2024_get_new/new_-_folder_for_not-yet-ready_new_imgs
$ ##  A break, some more classification, then putting in the extras for BnF and converting to jpg

Anast@DESKTOP-O7KM5A5 /cygdrive/c/David/FHTW-2025-All_-_move_2024_get_new/new_-_folder_for_not-yet-ready_new_imgs
$

Anast@DESKTOP-O7KM5A5 /cygdrive/c/David/FHTW-2025-All_-_move_2024_get_new/new_-_folder_for_not-yet-ready_new_imgs
$ #####################################################

Anast@DESKTOP-O7KM5A5 /cygdrive/c/David/FHTW-2025-All_-_move_2024_get_new/new_-_folder_for_not-yet-ready_new_imgs
$ ## COPY/PASTE POINT 2

Anast@DESKTOP-O7KM5A5 /cygdrive/c/David/FHTW-2025-All_-_move_2024_get_new/new_-_folder_for_not-yet-ready_new_imgs
$ #####################################################

Anast@DESKTOP-O7KM5A5 /cygdrive/c/David/FHTW-2025-All_-_move_2024_get_new/new_-_folder_for_not-yet-ready_new_imgs
$

Anast@DESKTOP-O7KM5A5 /cygdrive/c/David/FHTW-2025-All_-_move_2024_get_new/new_-_folder_for_not-yet-ready_new_imgs
$ date +'%s_%Y-%m-%dT%H%M%S%z'
1748219890_2025-05-25T183810-0600

Anast@DESKTOP-O7KM5A5 /cygdrive/c/David/FHTW-2025-All_-_move_2024_get_new/new_-_folder_for_not-yet-ready_new_imgs
$

Anast@DESKTOP-O7KM5A5 /cygdrive/c/David/FHTW-2025-All_-_move_2024_get_new/new_-_folder_for_not-yet-ready_new_imgs
$ #### COPY TO HERE FOR POINT 2 ###

Anast@DESKTOP-O7KM5A5 /cygdrive/c/David/FHTW-2025-All_-_move_2024_get_new/new_-_folder_for_not-yet-ready_new_imgs
$

Anast@DESKTOP-O7KM5A5 /cygdrive/c/David/FHTW-2025-All_-_move_2024_get_new/new_-_folder_for_not-yet-ready_new_imgs
$ echo "${files_str}" | tr '|' '\n'
BnF-BibArsenal_-_Candide_Ms-3160
BnF-BibArsenal_-_Ms-6039
BnF-BibArsenal_-_Ms-8407
BnF-BibArsenal_-_Ms-87
BnF_-_Ms-Fra-24308
BnF_-_Ms-Grec-2467
BnF_-_Ms-Grec-338
BnF_-_Ms-Heb-187
BnF_-_Ms-Lat-17385
BnF_-_Ms-Lat-17551
BnF_-_Ms-Lat-17742
BnF_-_Ms-Lat-18315
BnF_-_Ms-Lat-18417
BnF_-_Ms-Lat-18420
BnF_-_Ms-Lat-18421
BnF_-_Ms-Lat-18553
BnF_-_Ms-Lat-18554
BnF_-_Ms-Lat-3085A
BnF_-_Ms-Supplmnt-Grec-1027
DigitaleLandesbibOberosterreich_-_Linz-AT-OOeLB-Hs-20
England-Bodl-Christ-Church_-_MS-95
England-Bodl_-_BodlLib_MS-Canon-Misc-575
England-Bodl_-_BodlLib_MS-Duke-Humfrey-c-1
England-Bodl_-_BodlLib_MS-Hamilton-45
England-Bodl_-_BodlLib_MS-Hamilton-9
England-Bodl_-_BodlLib_MS-Lat-th-d-18
France-BibMunMetz_-_Ms-12324
HLSbibFulda_-_Victor-Codex-100-Bonifatianus-1
StaatsbibBamberg_-_Msc-Patr-5
UniversiteitLeiden_-_LibriMissalis fragmentaBPL25_-_LowerResolution


Anast@DESKTOP-O7KM5A5 /cygdrive/c/David/FHTW-2025-All_-_move_2024_get_new/new_-_folder_for_not-yet-ready_new_imgs
$ find . -type f -iname "BnF*Lat*17385*00003.png"
./converted_from_PDF_-_now_to_jpeg/BnF_-_Ms-Lat-17385_00003.png

Anast@DESKTOP-O7KM5A5 /cygdrive/c/David/FHTW-2025-All_-_move_2024_get_new/new_-_folder_for_not-yet-ready_new_imgs
$ find . -type f -iname "BnF*Lat*17385*00002.png"

Anast@DESKTOP-O7KM5A5 /cygdrive/c/David/FHTW-2025-All_-_move_2024_get_new/new_-_folder_for_not-yet-ready_new_imgs
$ find . -type f -iname "BnF*Lat*17385*00001.png"

Anast@DESKTOP-O7KM5A5 /cygdrive/c/David/FHTW-2025-All_-_move_2024_get_new/new_-_folder_for_not-yet-ready_new_imgs
$

##-------------------------------------------------------------------
## EITHER


Anast@DESKTOP-O7KM5A5 /cygdrive/c/David/FHTW-2025-All_-_move_2024_get_new/new_-_folder_for_not-yet-ready_new_imgs
$ cp BnF_-_TITLE_00001.png converted_from_PDF_-_now_to_jpeg/BnF_-_Ms-Lat-17385_00001.png

Anast@DESKTOP-O7KM5A5 /cygdrive/c/David/FHTW-2025-All_-_move_2024_get_new/new_-_folder_for_not-yet-ready_new_imgs
$ cp BnF_-_TITLE_00002.png converted_from_PDF_-_now_to_jpeg/BnF_-_Ms-Lat-17385_00002.png

Anast@DESKTOP-O7KM5A5 /cygdrive/c/David/FHTW-2025-All_-_move_2024_get_new/new_-_folder_for_not-yet-ready_new_imgs
$

##--------------------------------------------------------------------
## OR


Anast@DESKTOP-O7KM5A5 /cygdrive/c/David/FHTW-2025-All_-_move_2024_get_new/new_-_folder_for_not-yet-ready_new_imgs
$ cp BnF_-_TITLE_00001.png converted_from_PDF_-_now_to_jpeg/BnF_-_Ms-Lat-17385_00002.png

Anast@DESKTOP-O7KM5A5 /cygdrive/c/David/FHTW-2025-All_-_move_2024_get_new/new_-_folder_for_not-yet-ready_new_imgs
$ cp BnF_-_TITLE_00002.png converted_from_PDF_-_now_to_jpeg/BnF_-_Ms-Lat-17385_00001.png

Anast@DESKTOP-O7KM5A5 /cygdrive/c/David/FHTW-2025-All_-_move_2024_get_new/new_-_folder_for_not-yet-ready_new_imgs
$ ##

Anast@DESKTOP-O7KM5A5 /cygdrive/c/David/FHTW-2025-All_-_move_2024_get_new/new_-_folder_for_not-yet-ready_new_imgs
$ 

##
## END EITHER/OR
##---------------------------------------------------------------------


Anast@DESKTOP-O7KM5A5 /cygdrive/c/David/FHTW-2025-All_-_move_2024_get_new/new_-_folder_for_not-yet-ready_new_imgs
$

Anast@DESKTOP-O7KM5A5 /cygdrive/c/David/FHTW-2025-All_-_move_2024_get_new/new_-_folder_for_not-yet-ready_new_imgs
$ ##

Anast@DESKTOP-O7KM5A5 /cygdrive/c/David/FHTW-2025-All_-_move_2024_get_new/new_-_folder_for_not-yet-ready_new_imgs
$ ## END EITHER/OR

Anast@DESKTOP-O7KM5A5 /cygdrive/c/David/FHTW-2025-All_-_move_2024_get_new/new_-_folder_for_not-yet-ready_new_imgs
$ ##---------------------------------------------------------------------

Anast@DESKTOP-O7KM5A5 /cygdrive/c/David/FHTW-2025-All_-_move_2024_get_new/new_-_folder_for_not-yet-ready_new_imgs
$

Anast@DESKTOP-O7KM5A5 /cygdrive/c/David/FHTW-2025-All_-_move_2024_get_new/new_-_folder_for_not-yet-ready_new_imgs
$

Anast@DESKTOP-O7KM5A5 /cygdrive/c/David/FHTW-2025-All_-_move_2024_get_new/new_-_folder_for_not-yet-ready_new_imgs
$

Anast@DESKTOP-O7KM5A5 /cygdrive/c/David/FHTW-2025-All_-_move_2024_get_new/new_-_folder_for_not-yet-ready_new_imgs
$

Anast@DESKTOP-O7KM5A5 /cygdrive/c/David/FHTW-2025-All_-_move_2024_get_new/new_-_folder_for_not-yet-ready_new_imgs
$ echo "${files_str}" | tr '|' '\n'
BnF-BibArsenal_-_Candide_Ms-3160
BnF-BibArsenal_-_Ms-6039
BnF-BibArsenal_-_Ms-8407
BnF-BibArsenal_-_Ms-87
BnF_-_Ms-Fra-24308
BnF_-_Ms-Grec-2467
BnF_-_Ms-Grec-338
BnF_-_Ms-Heb-187
BnF_-_Ms-Lat-17385
BnF_-_Ms-Lat-17551
BnF_-_Ms-Lat-17742
BnF_-_Ms-Lat-18315
BnF_-_Ms-Lat-18417
BnF_-_Ms-Lat-18420
BnF_-_Ms-Lat-18421
BnF_-_Ms-Lat-18553
BnF_-_Ms-Lat-18554
BnF_-_Ms-Lat-3085A
BnF_-_Ms-Supplmnt-Grec-1027
DigitaleLandesbibOberosterreich_-_Linz-AT-OOeLB-Hs-20
England-Bodl-Christ-Church_-_MS-95
England-Bodl_-_BodlLib_MS-Canon-Misc-575
England-Bodl_-_BodlLib_MS-Duke-Humfrey-c-1
England-Bodl_-_BodlLib_MS-Hamilton-45
England-Bodl_-_BodlLib_MS-Hamilton-9
England-Bodl_-_BodlLib_MS-Lat-th-d-18
France-BibMunMetz_-_Ms-12324
HLSbibFulda_-_Victor-Codex-100-Bonifatianus-1
StaatsbibBamberg_-_Msc-Patr-5
UniversiteitLeiden_-_LibriMissalis fragmentaBPL25_-_LowerResolution


Anast@DESKTOP-O7KM5A5 /cygdrive/c/David/FHTW-2025-All_-_move_2024_get_new/new_-_folder_for_not-yet-ready_new_imgs
$ find . -type f -iname "BnF*Lat*17551*00003.png"
./converted_from_PDF_-_now_to_jpeg/BnF_-_Ms-Lat-17551_00003.png

Anast@DESKTOP-O7KM5A5 /cygdrive/c/David/FHTW-2025-All_-_move_2024_get_new/new_-_folder_for_not-yet-ready_new_imgs
$ find . -type f -iname "BnF*Lat*17551*00002.png"

Anast@DESKTOP-O7KM5A5 /cygdrive/c/David/FHTW-2025-All_-_move_2024_get_new/new_-_folder_for_not-yet-ready_new_imgs
$ find . -type f -iname "BnF*Lat*17551*00001.png"

Anast@DESKTOP-O7KM5A5 /cygdrive/c/David/FHTW-2025-All_-_move_2024_get_new/new_-_folder_for_not-yet-ready_new_imgs
$ cp BnF_-_TITLE_00002.png converted_from_PDF_-_now_to_jpeg/BnF_-_Ms-Lat-17551_00002.png

Anast@DESKTOP-O7KM5A5 /cygdrive/c/David/FHTW-2025-All_-_move_2024_get_new/new_-_folder_for_not-yet-ready_new_imgs
$ cp BnF_-_TITLE_00001.png converted_from_PDF_-_now_to_jpeg/BnF_-_Ms-Lat-17551_00001.png

Anast@DESKTOP-O7KM5A5 /cygdrive/c/David/FHTW-2025-All_-_move_2024_get_new/new_-_folder_for_not-yet-ready_new_imgs
$

Anast@DESKTOP-O7KM5A5 /cygdrive/c/David/FHTW-2025-All_-_move_2024_get_new/new_-_folder_for_not-yet-ready_new_imgs
$

Anast@DESKTOP-O7KM5A5 /cygdrive/c/David/FHTW-2025-All_-_move_2024_get_new/new_-_folder_for_not-yet-ready_new_imgs
$ find . -type f -iname "BnF*Lat*17742*00003.png"
./converted_from_PDF_-_now_rename_png/BnF_-_Ms-Latin-17742_00003.png
./converted_from_PDF_-_now_to_jpeg/BnF_-_Ms-Lat-17742_00003.png

Anast@DESKTOP-O7KM5A5 /cygdrive/c/David/FHTW-2025-All_-_move_2024_get_new/new_-_folder_for_not-yet-ready_new_imgs
$ find . -type f -iname "BnF*Lat*17742*00123.png"
./converted_from_PDF_-_now_rename_png/BnF_-_Ms-Latin-17742_00123.png
./converted_from_PDF_-_now_to_jpeg/BnF_-_Ms-Lat-17742_00123.png

Anast@DESKTOP-O7KM5A5 /cygdrive/c/David/FHTW-2025-All_-_move_2024_get_new/new_-_folder_for_not-yet-ready_new_imgs
$ find . -type f -iname "BnF*Lat*17742*00123.png" | grep now_to_jpeg
./converted_from_PDF_-_now_to_jpeg/BnF_-_Ms-Lat-17742_00123.png

Anast@DESKTOP-O7KM5A5 /cygdrive/c/David/FHTW-2025-All_-_move_2024_get_new/new_-_folder_for_not-yet-ready_new_imgs
$ find . -type f -iname "BnF*Lat*17742*00123.png" | grep now_to_rename

Anast@DESKTOP-O7KM5A5 /cygdrive/c/David/FHTW-2025-All_-_move_2024_get_new/new_-_folder_for_not-yet-ready_new_imgs
$ find . -type f -iname "BnF*Lat*17742*.png" | grep now_to_rename | wc -l
0

Anast@DESKTOP-O7KM5A5 /cygdrive/c/David/FHTW-2025-All_-_move_2024_get_new/new_-_folder_for_not-yet-ready_new_imgs
$ find . -type f -iname "BnF*Lat*17742*.png" | wc -l
1360

Anast@DESKTOP-O7KM5A5 /cygdrive/c/David/FHTW-2025-All_-_move_2024_get_new/new_-_folder_for_not-yet-ready_new_imgs
$ find . -type f -iname "BnF*Lat*17742*.png" | grep now_rename | wc -l
680

Anast@DESKTOP-O7KM5A5 /cygdrive/c/David/FHTW-2025-All_-_move_2024_get_new/new_-_folder_for_not-yet-ready_new_imgs
$ find . -type f -iname "BnF*Lat*17742*.png" -print0 | xargs -I'{}' -0 bash -c '
orig="{}"; if echo "${orig}" | grep -q now_rename; then echo; echo "  Removing ${orig}"; echo "   ..."; rm "${orig}" && echo "       ... success" || echo "       ... FAILURE"; fi;
' 2>&1 | tee removing_double_bnf_lat_17742_$(date +'%s_%Y-%m-%sT%H%M%S%z').out

### ...

### LOTS OF OUTPUT ###

### ...

       ... success

  Removing ./converted_from_PDF_-_now_rename_png/BnF_-_Ms-Latin-17742_00676.png
   ...
       ... success

  Removing ./converted_from_PDF_-_now_rename_png/BnF_-_Ms-Latin-17742_00677.png
   ...
       ... success

  Removing ./converted_from_PDF_-_now_rename_png/BnF_-_Ms-Latin-17742_00678.png
   ...
       ... success

  Removing ./converted_from_PDF_-_now_rename_png/BnF_-_Ms-Latin-17742_00679.png
   ...
       ... success

  Removing ./converted_from_PDF_-_now_rename_png/BnF_-_Ms-Latin-17742_00680.png
   ...
       ... success

  Removing ./converted_from_PDF_-_now_rename_png/BnF_-_Ms-Latin-17742_00681.png
   ...
       ... success

  Removing ./converted_from_PDF_-_now_rename_png/BnF_-_Ms-Latin-17742_00682.png
   ...
       ... success

Anast@DESKTOP-O7KM5A5 /cygdrive/c/David/FHTW-2025-All_-_move_2024_get_new/new_-_folder_for_not-yet-ready_new_imgs
$ grep -i --failure removing_
removing_already_done_1748217711_2025-05-25T180151-0600.out
removing_double_bnf_lat_17742_1748269686_2025-05-1748269686T082806-0600.out
removing_double_bnf_lat_17742_1748269727_2025-05-1748269727T082847-0600.out
removing_double_bnf_lat_17742_1748269758_2025-05-1748269758T082918-0600.out

Anast@DESKTOP-O7KM5A5 /cygdrive/c/David/FHTW-2025-All_-_move_2024_get_new/new_-_folder_for_not-yet-ready_new_imgs
$ grep -i --failure removing_double_bnf_lat_17742_1748269758_2025-05-1748269758T082918-0600.out
grep: unknown option -- failure
Usage: grep [OPTION]... PATTERNS [FILE]...
Try 'grep --help' for more information.

Anast@DESKTOP-O7KM5A5 /cygdrive/c/David/FHTW-2025-All_-_move_2024_get_new/new_-_folder_for_not-yet-ready_new_imgs
$ #  failure is not an option

Anast@DESKTOP-O7KM5A5 /cygdrive/c/David/FHTW-2025-All_-_move_2024_get_new/new_-_folder_for_not-yet-ready_new_imgs
$ grep -i failure removing_double_bnf_lat_17742_1748269758_2025-05-1748269758T082918-0600.out

Anast@DESKTOP-O7KM5A5 /cygdrive/c/David/FHTW-2025-All_-_move_2024_get_new/new_-_folder_for_not-yet-ready_new_imgs
$ grep -i failure removing_double_bnf_lat_17742_1748269758_2025-05-1748269758T082918-0600.out | wc -l
0

Anast@DESKTOP-O7KM5A5 /cygdrive/c/David/FHTW-2025-All_-_move_2024_get_new/new_-_folder_for_not-yet-ready_new_imgs
$ grep -i success removing_double_bnf_lat_17742_1748269758_2025-05-1748269758T082918-0600.out | wc -l
680

Anast@DESKTOP-O7KM5A5 /cygdrive/c/David/FHTW-2025-All_-_move_2024_get_new/new_-_folder_for_not-yet-ready_new_imgs
$ #  Awesome!

Anast@DESKTOP-O7KM5A5 /cygdrive/c/David/FHTW-2025-All_-_move_2024_get_new/new_-_folder_for_not-yet-ready_new_imgs
$

Anast@DESKTOP-O7KM5A5 /cygdrive/c/David/FHTW-2025-All_-_move_2024_get_new/new_-_folder_for_not-yet-ready_new_imgs
$ date +'%s_%Y-%m-%dT%H%M%S%z'
1748270804_2025-05-26T084644-0600

Anast@DESKTOP-O7KM5A5 /cygdrive/c/David/FHTW-2025-All_-_move_2024_get_new/new_-_folder_for_not-yet-ready_new_imgs
$

Anast@DESKTOP-O7KM5A5 /cygdrive/c/David/FHTW-2025-All_-_move_2024_get_new/new_-_folder_for_not-yet-ready_new_imgs
$

Anast@DESKTOP-O7KM5A5 /cygdrive/c/David/FHTW-2025-All_-_move_2024_get_new/new_-_folder_for_not-yet-ready_new_imgs
$

Anast@DESKTOP-O7KM5A5 /cygdrive/c/David/FHTW-2025-All_-_move_2024_get_new/new_-_folder_for_not-yet-ready_new_imgs
$

Anast@DESKTOP-O7KM5A5 /cygdrive/c/David/FHTW-2025-All_-_move_2024_get_new/new_-_folder_for_not-yet-ready_new_imgs
$

Anast@DESKTOP-O7KM5A5 /cygdrive/c/David/FHTW-2025-All_-_move_2024_get_new/new_-_folder_for_not-yet-ready_new_imgs
$ #################################################################

Anast@DESKTOP-O7KM5A5 /cygdrive/c/David/FHTW-2025-All_-_move_2024_get_new/new_-_folder_for_not-yet-ready_new_imgs
$ #################################################################

Anast@DESKTOP-O7KM5A5 /cygdrive/c/David/FHTW-2025-All_-_move_2024_get_new/new_-_folder_for_not-yet-ready_new_imgs
$ ####### COPY/PASTE POINT A #########

Anast@DESKTOP-O7KM5A5 /cygdrive/c/David/FHTW-2025-All_-_move_2024_get_new/new_-_folder_for_not-yet-ready_new_imgs
$ #################################################################

Anast@DESKTOP-O7KM5A5 /cygdrive/c/David/FHTW-2025-All_-_move_2024_get_new/new_-_folder_for_not-yet-ready_new_imgs
$

Anast@DESKTOP-O7KM5A5 /cygdrive/c/David/FHTW-2025-All_-_move_2024_get_new/new_-_folder_for_not-yet-ready_new_imgs
$

Anast@DESKTOP-O7KM5A5 /cygdrive/c/David/FHTW-2025-All_-_move_2024_get_new/new_-_folder_for_not-yet-ready_new_imgs
$ date +'%s_%Y-%m-%dT%H%M%S%z'
1748270844_2025-05-26T084724-0600

Anast@DESKTOP-O7KM5A5 /cygdrive/c/David/FHTW-2025-All_-_move_2024_get_new/new_-_folder_for_not-yet-ready_new_imgs
$

Anast@DESKTOP-O7KM5A5 /cygdrive/c/David/FHTW-2025-All_-_move_2024_get_new/new_-_folder_for_not-yet-ready_new_imgs
$

Anast@DESKTOP-O7KM5A5 /cygdrive/c/David/FHTW-2025-All_-_move_2024_get_new/new_-_folder_for_not-yet-ready_new_imgs
$

Anast@DESKTOP-O7KM5A5 /cygdrive/c/David/FHTW-2025-All_-_move_2024_get_new/new_-_folder_for_not-yet-ready_new_imgs
$ ######### COPY TO HERE FOR A ############

Anast@DESKTOP-O7KM5A5 /cygdrive/c/David/FHTW-2025-All_-_move_2024_get_new/new_-_folder_for_not-yet-ready_new_imgs
$

Anast@DESKTOP-O7KM5A5 /cygdrive/c/David/FHTW-2025-All_-_move_2024_get_new/new_-_folder_for_not-yet-ready_new_imgs
$

Anast@DESKTOP-O7KM5A5 /cygdrive/c/David/FHTW-2025-All_-_move_2024_get_new/new_-_folder_for_not-yet-ready_new_imgs
$ #  I'm sick of not having my ~/.bashrc stuff. Time for that to end.

Anast@DESKTOP-O7KM5A5 /cygdrive/c/David/FHTW-2025-All_-_move_2024_get_new/new_-_folder_for_not-yet-ready_new_imgs
$

Anast@DESKTOP-O7KM5A5 /cygdrive/c/David/FHTW-2025-All_-_move_2024_get_new/new_-_folder_for_not-yet-ready_new_imgs
$

Anast@DESKTOP-O7KM5A5 /cygdrive/c/David/FHTW-2025-All_-_move_2024_get_new/new_-_folder_for_not-yet-ready_new_imgs
$ backhere=$(pwd)

Anast@DESKTOP-O7KM5A5 /cygdrive/c/David/FHTW-2025-All_-_move_2024_get_new/new_-_folder_for_not-yet-ready_new_imgs
$ cd

Anast@DESKTOP-O7KM5A5 ~
$ mkdir .important_backups

Anast@DESKTOP-O7KM5A5 ~
$ cp .bashrc .important_backups/.bashrc.original.$(date +'%s').bak
cp: cannot stat '.bashrc': No such file or directory

Anast@DESKTOP-O7KM5A5 ~
$ stat .bashrc
stat: cannot stat '.bashrc': No such file or directory

Anast@DESKTOP-O7KM5A5 ~
$ stat .bash_profile
stat: cannot stat '.bash_profile': No such file or directory

Anast@DESKTOP-O7KM5A5 ~
$ find . -type f -iname ".*"
./.bash_history
./.lesshst
./.python_history
./.startconda
./.viminfo
./.wget-hsts

Anast@DESKTOP-O7KM5A5 ~
$ vim .bash_profile

Anast@DESKTOP-O7KM5A5 ~
$ whoami
Anast

Anast@DESKTOP-O7KM5A5 ~
$ vim .bashrc

Anast@DESKTOP-O7KM5A5 ~
$ source .bash_profile

Anast@DESKTOP-O7KM5A5 ~
$ source .bashrc

Anast@DESKTOP-O7KM5A5 ~
$ vim .bashrc

Anast@DESKTOP-O7KM5A5 ~
$ vim .bash_functions

Anast@DESKTOP-O7KM5A5 ~
$ vim .bash_aliases

Anast@DESKTOP-O7KM5A5 ~
$ vim .vimrc

Anast@DESKTOP-O7KM5A5 ~
$ vim .bash_logout

Anast@DESKTOP-O7KM5A5 ~
$ find . -type f -iname ".*"
./..bash_logout.un~
./.bashrc
./.bash_aliases
./.bash_functions
./.bash_history
./.bash_logout
./.bash_profile
./.lesshst
./.python_history
./.startconda
./.viminfo
./.vimrc
./.wget-hsts

Anast@DESKTOP-O7KM5A5 ~
$ rm ./..bash_logout.un~ `
> ^C
Anast@DESKTOP-O7KM5A5 ~
$

Anast@DESKTOP-O7KM5A5 ~
$

Anast@DESKTOP-O7KM5A5 ~
$ vim .bballdave025.gitprofile

Anast@DESKTOP-O7KM5A5 ~
$ vim .bballdave025_ascii_color_aliases_set

Anast@DESKTOP-O7KM5A5 ~
$ vim .bballdave025_bash_aliases

Anast@DESKTOP-O7KM5A5 ~
$ vim .bballdave025_main_terminal_aliases_set

Anast@DESKTOP-O7KM5A5 ~
$ grep -iIHRn [.]dwb

Anast@DESKTOP-O7KM5A5 ~
$ grep -iIHRn [.]dwb .

Anast@DESKTOP-O7KM5A5 ~
$ grep -iIHRn set_color_command_aliases .
./.bballdave025_bash_aliases:39:#eof err# set_color_command_aliases
./.bballdave025_bash_aliases:55:#eof err#} ##endof:  set_color_command_aliases
./.bballdave025_bash_aliases:58:alias set_color_command_aliases='source "${HOME}/.bballdave025_color4commands_set"'
./.bballdave025_bash_aliases:60:alias set_aliases_coco='set_color_command_aliases'
./.bballdave025_bash_aliases:61:alias seta_coco='set_color_command_aliases'
./.bballdave025_bash_aliases:62:alias sacoco='set_color_command_aliases'
./.bballdave025_bash_aliases~:39:#eof err# set_color_command_aliases
./.bballdave025_bash_aliases~:55:#eof err#} ##endof:  set_color_command_aliases
./.bballdave025_bash_aliases~:58:alias set_color_command_aliases='source "${HOME}/.bballdave025_color4commands_set"'
./.bballdave025_bash_aliases~:60:alias set_aliases_coco='set_color_command_aliases'
./.bballdave025_bash_aliases~:61:alias seta_coco='set_color_command_aliases'
./.bballdave025_bash_aliases~:62:alias sacoco='set_color_command_aliases'
./.bballdave025_main_terminal_aliases_set:7:#+ `ls' and `grep' are colorized in `set_color_command_aliases'
./.bballdave025_main_terminal_aliases_set:12:set_color_command_aliases

Anast@DESKTOP-O7KM5A5 ~
$ stat .bballdave025
.bballdave025.gitprofile                 .bballdave025_bash_aliases               .bballdave025_main_terminal_aliases_set
.bballdave025_ascii_color_aliases_set    .bballdave025_bash_aliases~

Anast@DESKTOP-O7KM5A5 ~
$ stat .bballdave025
.bballdave025.gitprofile                 .bballdave025_bash_aliases               .bballdave025_main_terminal_aliases_set
.bballdave025_ascii_color_aliases_set    .bballdave025_bash_aliases~

Anast@DESKTOP-O7KM5A5 ~
$ rm .bballdave025_bash_aliases~

Anast@DESKTOP-O7KM5A5 ~
$ vim .bballdave025_bash_aliases

Anast@DESKTOP-O7KM5A5 ~
$ grep -iIHRn "alias ls"
.bashrc:174:### alias ls='ls -hF --color=tty'                 # classify files in colour
.bashrc:175:#alias ls='/usr/bin/ls'    ## DWB 2022-01-11, built-in
.bashrc:177:  unalias ls                ## DWB 2022-02-09, better for built-in
.bashrc:179:alias lsc='ls --color=auto'
.bashrc:180:alias lscolor='ls -hF --color=tty'
.bashrc:190:alias ls_name_and_size='ls -Ss1pq --block-size=1'

Anast@DESKTOP-O7KM5A5 ~
$ vim .bballdave025_bash_aliases

Anast@DESKTOP-O7KM5A5 ~
$ grep -iIHRn "alias grep"
.bashrc:155:### alias grep='grep --color'                     # show differences in colour
.bashrc:156:#alias grep='/usr/bin/grep'  ## DWB 2022-02-02, built-in
.bashrc:158:  unalias grep                ## DWB 2022-02-09, better for built-in
.bashrc:160:#alias grepcolor='grep --color'
.bashrc:161:alias grepcolor='grep --color=tty' ## DWB 2022-03-02  Standardize
.bashrc:166:#DWB20220302#alias grepc='grep --color'
.bashrc:168:alias grepc='grep --color=auto'

Anast@DESKTOP-O7KM5A5 ~
$ grep -iIHRn "alias ls"
.bashrc:174:### alias ls='ls -hF --color=tty'                 # classify files in colour
.bashrc:175:#alias ls='/usr/bin/ls'    ## DWB 2022-01-11, built-in
.bashrc:177:  unalias ls                ## DWB 2022-02-09, better for built-in
.bashrc:179:alias lsc='ls --color=auto'
.bashrc:180:alias lscolor='ls -hF --color=tty'
.bashrc:190:alias ls_name_and_size='ls -Ss1pq --block-size=1'

Anast@DESKTOP-O7KM5A5 ~
$ vim .bballdave025_bash_aliases

Anast@DESKTOP-O7KM5A5 ~
$ vim .bballdave025_main_terminal_aliases_set

Anast@DESKTOP-O7KM5A5 ~
$ cp .bballdave025_main_terminal_aliases_set .bballdave025_color4commands_set

Anast@DESKTOP-O7KM5A5 ~
$ vim .bballdave025_color4commands_set

Anast@DESKTOP-O7KM5A5 ~
$ source .bballdave025_color4commands_set
Aliasing `grep' to `grep --color=auto'
grep is hashed (/usr/bin/grep)
Done

Aliasing `ls' to `ls --color=auto'
ls is /usr/bin/ls
Done


Anast@DESKTOP-O7KM5A5 ~
$ vim .bballdave025_color4commands_set

Anast@DESKTOP-O7KM5A5 ~
$ vim .bballdave025_bash_aliases

Anast@DESKTOP-O7KM5A5 ~
$ vim .bballdave025_main_terminal_aliases_set

Anast@DESKTOP-O7KM5A5 ~
$ source .bashrc
-bash: /home/Anast/.git-prompt.sh: line 316: syntax error near unexpected token `]'
-bash: /home/Anast/.git-prompt.sh: line 316: `                p[\ \   ]|pick[\ \      ]*)'

Anast@DESKTOP-O7KM5A5 ~
$ vim .git-prompt.sh

Anast@DESKTOP-O7KM5A5 ~
$ vim .git-prompt.sh

Anast@DESKTOP-O7KM5A5 ~
$ grep git-prompt .bashrc

Anast@DESKTOP-O7KM5A5 ~
$ grep -iIRHn "git-prompt.sh"
.git-prompt.sh:10:#    1) Copy this file to somewhere (e.g. ~/.git-prompt.sh).
.git-prompt.sh:12:#        source ~/.git-prompt.sh
.git_bash_functions:25: source ~/.git-prompt.sh
.viminfo:72:'0  291  18  ~/.git-prompt.sh
.viminfo:73:|4,48,291,18,1748301921,"~/.git-prompt.sh"
.viminfo:74:'1  305  18  ~/.git-prompt.sh
.viminfo:75:|4,49,305,18,1748301319,"~/.git-prompt.sh"
.viminfo:76:'2  305  18  ~/.git-prompt.sh
.viminfo:77:|4,50,305,18,1748301319,"~/.git-prompt.sh"
.viminfo:94:-'  291  18  ~/.git-prompt.sh
.viminfo:95:|4,39,291,18,1748301921,"~/.git-prompt.sh"
.viminfo:96:-'  305  18  ~/.git-prompt.sh
.viminfo:97:|4,39,305,18,1748301488,"~/.git-prompt.sh"
.viminfo:98:-'  305  18  ~/.git-prompt.sh
.viminfo:99:|4,39,305,18,1748301319,"~/.git-prompt.sh"
.viminfo:100:-'  582  0  ~/.git-prompt.sh
.viminfo:101:|4,39,582,0,1748301166,"~/.git-prompt.sh"
.viminfo:102:-'  582  0  ~/.git-prompt.sh
.viminfo:103:|4,39,582,0,1748301166,"~/.git-prompt.sh"
.viminfo:297:> ~/.git-prompt.sh

Anast@DESKTOP-O7KM5A5 ~
$ vim .git_bash_functions

Anast@DESKTOP-O7KM5A5 ~
$ source .bashrc

Anast@DESKTOP-O7KM5A5 ~
$ ttdate
1748302046_2025-05-26T172726-0600

Anast@DESKTOP-O7KM5A5 ~
$ tprdate
-bash: tprdate: command not found

Anast@DESKTOP-O7KM5A5 ~
$ trpdate
Mon May 26 17:27:35 MDT 2025
1748302055
1748302055_2025-05-26T172735-0600

Anast@DESKTOP-O7KM5A5 ~
$ dbldate
Mon May 26 17:27:41 MDT 2025
1748302061

Anast@DESKTOP-O7KM5A5 ~
$ ddate
-bash: ddate: command not found

Anast@DESKTOP-O7KM5A5 ~
$ grep -iIRHn "date"
.bashrc:312:'"ddate                   | whereispythonstuff \\n"'\
.bashrc:313:'"tsdate                  |  \\n"'\
.bashrc:314:'"oldformatdatestr        | npp \\n"'\
.bashrc:315:'"ofdatecmd               | n++ \\n"'\
.bashrc:316:'"ofdate                  |  \\n"'\
.bash_history:189:date && date +'%s_%Y-%m-%dT%H%M%S%z'
.bash_history:198:date && date +'%s_%Y-%m-%dT%H%M%S%z'
.bash_history:204:date +'%s' && identify -format "\n\n%f\n%[magick] %[colorspace] %[type] %[extension] %[bit-depth] %[channels]\n" *.png | grep "PNG.*png" | sort | uniq -c && date +'%s'
.bash_history:211:identify -format "\n\n%f\n%[magick] %[colorspace] %[type] %[extension] %[bit-depth] %[channels]\n" *.png 2>&1 > png_id_$(date +'%s_%Y-%m-%sT%H%M%S%z').out
.bash_history:212:identify -format "\n\n%f\n%[magick] %[colorspace] %[type] %[extension] %[bit-depth] %[channels]\n" *.png > png_id_$(date +'%s_%Y-%m-%sT%H%M%S%z').out 2>&1
.bash_history:492:date +'%s_%Y-%m-%dT%H%M%S%z' && time mogrify -format jpg -quality 92 -colorspace srgb -type truecolor *.png && date +'%s_%Y-%m-%dT%H%M%S%z'
.bash_history:493:date +'%s_%Y-%m-%dT%H%M%S%z'
.bash_history:499:date && date +'%s'
.bballdave025_bash_aliases:12:alias checksituation='echo; echo " Current date/time is"; trpdate; '\
.bballdave025_bash_aliases:141:alias extsindir="ts=\$(date +'%s'); echo \"Finding extensions in\"; "\
.bballdave025_bash_aliases:142:"echo \" \$(pwd) \"; echo \"AT\"; date && date +'%s'; "\
.bballdave025_bash_aliases:161:"  echo \"Finished finding at\"; date && date +'%s'; "\
.bballdave025_bash_aliases:169:# date stuff
.bballdave025_bash_aliases:170:alias dbldate="date && date +'%s'"
.bballdave025_bash_aliases:171:alias tripledate="date && date +'%s' && date +'%s_%Y-%m-%dT%H%M%S%z'"
.bballdave025_bash_aliases:172:alias trpdate=tripledate
.bballdave025_bash_aliases:173:alias oldtripledate="date && date +'%s' && date +'%s_%Y%m%dT%H%M%S%z'"
.bballdave025_bash_aliases:174:alias otrpdate=oldtripledate
.bballdave025_bash_aliases:175:alias tsdate="date +'%s'"
.bballdave025_bash_aliases:176:alias oldformatdatestr="echo '%Y%m%dT%H%M%S%z'"
.bballdave025_bash_aliases:177:alias ofdatecmd="echo \"date +'%Y%m%dT%H%M%S%z'\""
.bballdave025_bash_aliases:178:alias ofdate="date +'%Y%m%dT%H%M%S'"
.bballdave025_bash_aliases:179:alias ttdate="date +'%s_%Y-%m-%dT%H%M%S%z'"
.bballdave025_bash_aliases:180:alias oldttdate="date +'%s_%Y%m%dT%H%M%S%z'"
.bballdave025_bash_aliases:181:alias ottdate=oldttdate
.bballdave025_bash_aliases:262:  xargs -I'"'"'{}'"'"' echo -e "{}" ; echo; trpdate; echo;'
.bballdave025_bash_aliases~:12:alias checksituation='echo; echo " Current date/time is"; trpdate; '\
.bballdave025_bash_aliases~:141:alias extsindir="ts=\$(date +'%s'); echo \"Finding extensions in\"; "\
.bballdave025_bash_aliases~:142:"echo \" \$(pwd) \"; echo \"AT\"; date && date +'%s'; "\
.bballdave025_bash_aliases~:161:"  echo \"Finished finding at\"; date && date +'%s'; "\
.bballdave025_bash_aliases~:169:# date stuff
.bballdave025_bash_aliases~:170:alias dbldate="date && date +'%s'"
.bballdave025_bash_aliases~:171:alias tripledate="date && date +'%s' && date +'%s_%Y-%m-%dT%H%M%S%z'"
.bballdave025_bash_aliases~:172:alias trpdate=tripledate
.bballdave025_bash_aliases~:173:alias oldtripledate="date && date +'%s' && date +'%s_%Y%m%dT%H%M%S%z'"
.bballdave025_bash_aliases~:174:alias otrpdate=oldtripledate
.bballdave025_bash_aliases~:175:alias tsdate="date +'%s'"
.bballdave025_bash_aliases~:176:alias oldformatdatestr="echo '%Y%m%dT%H%M%S%z'"
.bballdave025_bash_aliases~:177:alias ofdatecmd="echo \"date +'%Y%m%dT%H%M%S%z'\""
.bballdave025_bash_aliases~:178:alias ofdate="date +'%Y%m%dT%H%M%S'"
.bballdave025_bash_aliases~:179:alias ttdate="date +'%s_%Y-%m-%dT%H%M%S%z'"
.bballdave025_bash_aliases~:180:alias oldttdate="date +'%s_%Y%m%dT%H%M%S%z'"
.bballdave025_bash_aliases~:181:alias ottdate=oldttdate
.bballdave025_bash_aliases~:262:  xargs -I'"'"'{}'"'"' echo -e "{}" ; echo; trpdate; echo;'
.viminfo:56:    #+ One reason for doing this is to change the `ttdate' alias to sort
.viminfo:57:|3,0,5,1,1,0,1748282312,"#+ One reason for doing this is to change the `ttdate' alias to sort"

Anast@DESKTOP-O7KM5A5 ~
$

Anast@DESKTOP-O7KM5A5 ~
$

Anast@DESKTOP-O7KM5A5 ~
$

Anast@DESKTOP-O7KM5A5 ~
$

Anast@DESKTOP-O7KM5A5 ~
$

Anast@DESKTOP-O7KM5A5 ~
$

Anast@DESKTOP-O7KM5A5 ~
$

Anast@DESKTOP-O7KM5A5 ~
$

Anast@DESKTOP-O7KM5A5 ~
$ ls
priorities-random.txt

Anast@DESKTOP-O7KM5A5 ~
$ ls
priorities-random.txt

Anast@DESKTOP-O7KM5A5 ~
$ ll
total 4
-rw-r--r-- 1 Anast Anast 1984 Apr  1 12:40 priorities-random.txt

Anast@DESKTOP-O7KM5A5 ~
$ ls -lah
total 235K
drwxr-xr-x 1 Anast Administrators    0 May 26 17:27 .
drwxrwxrwt 1 Anast Administrators    0 Mar  1 18:58 ..
-rw-r--r-- 1 Anast Anast           523 May 26 09:33 ..bballdave025.gitprofile.un~
-rw-r--r-- 1 Anast Anast          4.1K May 26 09:38 ..bballdave025_ascii_color_aliases_set.un~
-rw-r--r-- 1 Anast Anast           16K May 26 16:58 ..bballdave025_bash_aliases.un~
-rw-r--r-- 1 Anast Anast           19K May 26 17:09 ..bballdave025_color4commands_set.un~
-rw-r--r-- 1 Anast Anast          2.7K May 26 17:11 ..bballdave025_main_terminal_aliases_set.un~
-rw-r--r-- 1 Anast Anast           523 May 26 09:21 ..git-prompt.sh.un~
-rw-r--r-- 1 Anast Anast           14K May 26 17:27 ..git_bash_functions.un~
-rw-r--r-- 1 Anast Anast           523 May 26 09:31 ..xterm_ascii_color_versions.un~
-rw-r--r-- 1 Anast Anast           269 May 26 09:13 .bash_aliases
-rw-r--r-- 1 Anast Anast           276 May 26 09:12 .bash_functions
-rw------- 1 Anast Anast           16K May 22 18:05 .bash_history
-rw-r--r-- 1 Anast Anast            15 May 26 09:15 .bash_logout
-rw-r--r-- 1 Anast Anast           506 May 26 08:55 .bash_profile
-rw-r--r-- 1 Anast Anast           12K May 26 09:11 .bashrc
-rw-r--r-- 1 Anast Anast           664 May 26 09:33 .bballdave025.gitprofile
-rw-r--r-- 1 Anast Anast          4.7K May 26 09:38 .bballdave025_ascii_color_aliases_set
-rw-r--r-- 1 Anast Anast           11K May 26 16:58 .bballdave025_bash_aliases
-rw-r--r-- 1 Anast Anast           11K May 26 16:53 .bballdave025_bash_aliases~
-rw-r--r-- 1 Anast Anast           982 May 26 17:09 .bballdave025_color4commands_set
-rw-r--r-- 1 Anast Anast           934 May 26 17:08 .bballdave025_color4commands_set~
-rw-r--r-- 1 Anast Anast           723 May 26 17:11 .bballdave025_main_terminal_aliases_set
-rw-r--r-- 1 Anast Anast           675 May 26 16:45 .bballdave025_main_terminal_aliases_set~
-rw-r--r-- 1 Anast Anast           23K May 26 09:21 .git-prompt.sh
-rw-r--r-- 1 Anast Anast          2.8K May 26 17:27 .git_bash_functions
-rw-r--r-- 1 Anast Anast          2.8K May 26 09:27 .git_bash_functions~
drwxr-xr-x 1 Anast Anast             0 May 26 08:52 .important_backups
-rw------- 1 Anast Anast            20 May 25 18:17 .lesshst
drwxr-xr-x 1 Anast Administrators    0 Mar  1 18:58 .local
-rwxr-xr-x 1 Anast Anast            19 Mar 30 09:02 .python_history
-rwxr-xr-x 1 Anast Anast          2.8K Mar 18 09:09 .startconda
-rw------- 1 Anast Anast           17K May 26 17:27 .viminfo
-rw-r--r-- 1 Anast Anast          4.3K May 26 09:14 .vimrc
-rw-r--r-- 1 Anast Anast           174 May 25 10:39 .wget-hsts
-rw-r--r-- 1 Anast Anast          5.9K May 26 09:31 .xterm_ascii_color_versions
-rw-r--r-- 1 Anast Anast          2.0K Apr  1 12:40 priorities-random.txt

Anast@DESKTOP-O7KM5A5 ~
$ rm *~
rm: cannot remove '*~': No such file or directory

Anast@DESKTOP-O7KM5A5 ~
$ rm "*~"
rm: cannot remove '*~': No such file or directory

Anast@DESKTOP-O7KM5A5 ~
$ find . -type f -iname ".*~"
./..bballdave025.gitprofile.un~
./..bballdave025_ascii_color_aliases_set.un~
./..bballdave025_bash_aliases.un~
./..bballdave025_color4commands_set.un~
./..bballdave025_main_terminal_aliases_set.un~
./..git-prompt.sh.un~
./..git_bash_functions.un~
./..xterm_ascii_color_versions.un~
./.bballdave025_bash_aliases~
./.bballdave025_color4commands_set~
./.bballdave025_main_terminal_aliases_set~
./.git_bash_functions~

Anast@DESKTOP-O7KM5A5 ~
$ find . -type f -iname ".*~" -print0 | xargs -I'{}' -0 rm "{}"

Anast@DESKTOP-O7KM5A5 ~
$ find . -type f -iname ".*~"

Anast@DESKTOP-O7KM5A5 ~
$ ls -lAH .important_backups/
total 0

Anast@DESKTOP-O7KM5A5 ~
$ find . -type f -iname ".*"
./.bashrc
./.bash_aliases
./.bash_functions
./.bash_history
./.bash_logout
./.bash_profile
./.bballdave025.gitprofile
./.bballdave025_ascii_color_aliases_set
./.bballdave025_bash_aliases
./.bballdave025_color4commands_set
./.bballdave025_main_terminal_aliases_set
./.git-prompt.sh
./.git_bash_functions
./.lesshst
./.python_history
./.startconda
./.viminfo
./.vimrc
./.wget-hsts
./.xterm_ascii_color_versions

Anast@DESKTOP-O7KM5A5 ~
$ cp .bashrc .important_backups/.bashrc.dwb.orig.$(ttdate).bak

Anast@DESKTOP-O7KM5A5 ~
$ ls -lAH .important_backups/
total 12
-rw-r--r-- 1 Anast Anast 11797 May 26 17:37 .bashrc.dwb.orig.1748302630_2025-05-26T173710-0600.bak

Anast@DESKTOP-O7KM5A5 ~
$ cp .bash_aliases .important_backups/.bash_aliases.dwb.orig.$(ttdate).bak

Anast@DESKTOP-O7KM5A5 ~
$ cp .bash_functions .important_backups/.bash_functions.dwb.orig.$(ttdate).bak

Anast@DESKTOP-O7KM5A5 ~
$ cp .bash_logout .important_backups/.bash_logout.dwb.orig.$(ttdate).bak

Anast@DESKTOP-O7KM5A5 ~
$ cp .bash_profile .important_backups/.bash_profile.dwb.orig.$(ttdate).bak

Anast@DESKTOP-O7KM5A5 ~
$ cp .bballdave025.gitprofile .important_backups/.bballdave025.gitprofile.dwb.orig.$(ttdate).bak

Anast@DESKTOP-O7KM5A5 ~
$ cp .bballdave025_ascii_color_aliases_set .important_backups/.bballdave025_ascii_color_aliases_set.dwb.orig.$(ttdate).bak

Anast@DESKTOP-O7KM5A5 ~
$ cp .bballdave025_bash_aliases .important_backups/.bballdave025_bash_aliases.dwb.orig.$(ttdate).bak

Anast@DESKTOP-O7KM5A5 ~
$ cp .bballdave025_color4commands_set .important_backups/.bballdave025_color4commands_set.dwb.orig.$(ttdate).bak

Anast@DESKTOP-O7KM5A5 ~
$ cp .bballdave025_main_terminal_aliases_set .important_backups/.bballdave025_main_terminal_aliases_set.dwb.orig.$(ttdate).bak

Anast@DESKTOP-O7KM5A5 ~
$ cp .git-prompt.sh .important_backups/.git-prompt.sh.dwb.orig.$(ttdate).promblems.bak

Anast@DESKTOP-O7KM5A5 ~
$ cp .git_bash_functions .important_backups/.git_bash_functions.dwb.orig.$(ttdate).bak

Anast@DESKTOP-O7KM5A5 ~
$ cp .vimrc .vim
.viminfo  .vimrc

Anast@DESKTOP-O7KM5A5 ~
$ cp .vimrc .vim
.viminfo  .vimrc

Anast@DESKTOP-O7KM5A5 ~
$ cp .vimrc .important_backups/.vimrc.dwb.orig.$(ttdate).bak

Anast@DESKTOP-O7KM5A5 ~
$ source .bashrc

Anast@DESKTOP-O7KM5A5 ~
$ type ls
ls is /usr/bin/ls

Anast@DESKTOP-O7KM5A5 ~
$ sacoco
Aliasing `grep' to `grep --color=auto'
Original (binary) is
grep is /usr/bin/grep
Changing ...
Done

Aliasing `ls' to `ls --color=auto'
Original (binary) is
ls is /usr/bin/ls
Changing ...
Done


Anast@DESKTOP-O7KM5A5 ~
$ type grep
grep is aliased to `grep --color=auto'

Anast@DESKTOP-O7KM5A5 ~
$ type ls
ls is aliased to `ls --color=auto'

Anast@DESKTOP-O7KM5A5 ~
$ ls
priorities-random.txt

Anast@DESKTOP-O7KM5A5 ~
$ ls -lah
total 148K
drwxr-xr-x 1 Anast Administrators    0 May 26 17:31 .
drwxrwxrwt 1 Anast Administrators    0 Mar  1 18:58 ..
-rw-r--r-- 1 Anast Anast           269 May 26 09:13 .bash_aliases
-rw-r--r-- 1 Anast Anast           276 May 26 09:12 .bash_functions
-rw------- 1 Anast Anast           16K May 22 18:05 .bash_history
-rw-r--r-- 1 Anast Anast            15 May 26 09:15 .bash_logout
-rw-r--r-- 1 Anast Anast           506 May 26 08:55 .bash_profile
-rw-r--r-- 1 Anast Anast           12K May 26 09:11 .bashrc
-rw-r--r-- 1 Anast Anast           664 May 26 09:33 .bballdave025.gitprofile
-rw-r--r-- 1 Anast Anast          4.7K May 26 09:38 .bballdave025_ascii_color_aliases_set
-rw-r--r-- 1 Anast Anast           11K May 26 16:58 .bballdave025_bash_aliases
-rw-r--r-- 1 Anast Anast           982 May 26 17:09 .bballdave025_color4commands_set
-rw-r--r-- 1 Anast Anast           723 May 26 17:11 .bballdave025_main_terminal_aliases_set
-rw-r--r-- 1 Anast Anast           23K May 26 09:21 .git-prompt.sh
-rw-r--r-- 1 Anast Anast          2.8K May 26 17:27 .git_bash_functions
drwxr-xr-x 1 Anast Anast             0 May 26 17:48 .important_backups
-rw------- 1 Anast Anast            20 May 25 18:17 .lesshst
drwxr-xr-x 1 Anast Administrators    0 Mar  1 18:58 .local
-rwxr-xr-x 1 Anast Anast            19 Mar 30 09:02 .python_history
-rwxr-xr-x 1 Anast Anast          2.8K Mar 18 09:09 .startconda
-rw------- 1 Anast Anast           17K May 26 17:27 .viminfo
-rw-r--r-- 1 Anast Anast          4.3K May 26 09:14 .vimrc
-rw-r--r-- 1 Anast Anast           174 May 25 10:39 .wget-hsts
-rw-r--r-- 1 Anast Anast          5.9K May 26 09:31 .xterm_ascii_color_versions
-rw-r--r-- 1 Anast Anast          2.0K Apr  1 12:40 priorities-random.txt

Anast@DESKTOP-O7KM5A5 ~
$ cp .startconda .important_backups/.startconda.dwb.orig.$(ttdate).bak

Anast@DESKTOP-O7KM5A5 ~
$ grep -iIRHn sacoco
.bballdave025_bash_aliases:62:alias sacoco='set_color_command_aliases'
.important_backups/.bballdave025_bash_aliases.dwb.orig.1748303126_2025-05-26T174526-0600.bak:62:alias sacoco='set_color_command_aliases'

Anast@DESKTOP-O7KM5A5 ~
$ vim .bballdave025_bash_aliases

Anast@DESKTOP-O7KM5A5 ~
$ source .bashrc

Anast@DESKTOP-O7KM5A5 ~
$ type ls
ls is /usr/bin/ls

Anast@DESKTOP-O7KM5A5 ~
$ type xterm
xterm is /usr/bin/xterm

Anast@DESKTOP-O7KM5A5 ~
$ samt
Aliasing `grep' to `grep --color=auto'
Original (binary) is
grep is /usr/bin/grep
Changing ...
Done

Aliasing `ls' to `ls --color=auto'
Original (binary) is
ls is /usr/bin/ls
Changing ...
Done

Aliasing `xterm' to `uxterm'
Original (binary) is
uxterm is /usr/bin/uxterm
Changing ...
Done


Anast@DESKTOP-O7KM5A5 ~
$ grep -iIRHn samt
.bballdave025_bash_aliases:125:alias samt='set_main_terminal_aliases'
.important_backups/.bballdave025_bash_aliases.dwb.orig.1748303126_2025-05-26T174526-0600.bak:125:alias samt='set_main_terminal_aliases'

Anast@DESKTOP-O7KM5A5 ~
$ checksituation

 Current date/time is
Mon May 26 17:52:38 MDT 2025
1748303558
1748303558_2025-05-26T175238-0600

 Current directory ( pwd ) is
/home/Anast


Anast@DESKTOP-O7KM5A5 ~
$

Anast@DESKTOP-O7KM5A5 ~
$

Anast@DESKTOP-O7KM5A5 ~
$ ##  Gosh, that's nice!!!

Anast@DESKTOP-O7KM5A5 ~
$

Anast@DESKTOP-O7KM5A5 ~
$

Anast@DESKTOP-O7KM5A5 ~
$ echo "${files_str}" | tr "|" "\n"
BnF-BibArsenal_-_Candide_Ms-3160
BnF-BibArsenal_-_Ms-6039
BnF-BibArsenal_-_Ms-8407
BnF-BibArsenal_-_Ms-87
BnF_-_Ms-Fra-24308
BnF_-_Ms-Grec-2467
BnF_-_Ms-Grec-338
BnF_-_Ms-Heb-187
BnF_-_Ms-Lat-17385
BnF_-_Ms-Lat-17551
BnF_-_Ms-Lat-17742
BnF_-_Ms-Lat-18315
BnF_-_Ms-Lat-18417
BnF_-_Ms-Lat-18420
BnF_-_Ms-Lat-18421
BnF_-_Ms-Lat-18553
BnF_-_Ms-Lat-18554
BnF_-_Ms-Lat-3085A
BnF_-_Ms-Supplmnt-Grec-1027
DigitaleLandesbibOberosterreich_-_Linz-AT-OOeLB-Hs-20
England-Bodl-Christ-Church_-_MS-95
England-Bodl_-_BodlLib_MS-Canon-Misc-575
England-Bodl_-_BodlLib_MS-Duke-Humfrey-c-1
England-Bodl_-_BodlLib_MS-Hamilton-45
England-Bodl_-_BodlLib_MS-Hamilton-9
England-Bodl_-_BodlLib_MS-Lat-th-d-18
France-BibMunMetz_-_Ms-12324
HLSbibFulda_-_Victor-Codex-100-Bonifatianus-1
StaatsbibBamberg_-_Msc-Patr-5
UniversiteitLeiden_-_LibriMissalis fragmentaBPL25_-_LowerResolution


Anast@DESKTOP-O7KM5A5 ~
$ backgroundTaskHost
.bash_aliases                            .git_bash_functions
.bash_functions                          .important_backups/
.bash_history                            .lesshst
.bash_logout                             .local/
.bash_profile                            .python_history
.bashrc                                  .startconda
.bballdave025.gitprofile                 .viminfo
.bballdave025_ascii_color_aliases_set    .vimrc
.bballdave025_bash_aliases               .wget-hsts
.bballdave025_color4commands_set         .xterm_ascii_color_versions
.bballdave025_main_terminal_aliases_set  priorities-random.txt
.git-prompt.sh

Anast@DESKTOP-O7KM5A5 ~
$ backgroundTaskHost
.bash_aliases                            .git_bash_functions
.bash_functions                          .important_backups/
.bash_history                            .lesshst
.bash_logout                             .local/
.bash_profile                            .python_history
.bashrc                                  .startconda
.bballdave025.gitprofile                 .viminfo
.bballdave025_ascii_color_aliases_set    .vimrc
.bballdave025_bash_aliases               .wget-hsts
.bballdave025_color4commands_set         .xterm_ascii_color_versions
.bballdave025_main_terminal_aliases_set  priorities-random.txt
.git-prompt.sh

Anast@DESKTOP-O7KM5A5 ~
$ cd ${backhere}

Anast@DESKTOP-O7KM5A5 /cygdrive/c/David/FHTW-2025-All_-_move_2024_get_new/new_-_folder_for_not-yet-ready_new_imgs
$ find converted_from_PDF_-_now_to_jpeg/ -type f -iname "BnF*Lat*17742*00003.png"
converted_from_PDF_-_now_to_jpeg/BnF_-_Ms-Lat-17742_00003.png

Anast@DESKTOP-O7KM5A5 /cygdrive/c/David/FHTW-2025-All_-_move_2024_get_new/new_-_folder_for_not-yet-ready_new_imgs
$ find converted_from_PDF_-_now_to_jpeg/ -type f -iname "BnF*Lat*17742*00002.png"

Anast@DESKTOP-O7KM5A5 /cygdrive/c/David/FHTW-2025-All_-_move_2024_get_new/new_-_folder_for_not-yet-ready_new_imgs
$ find converted_from_PDF_-_now_to_jpeg/ -type f -iname "BnF*Lat*17742*00001.png"

Anast@DESKTOP-O7KM5A5 /cygdrive/c/David/FHTW-2025-All_-_move_2024_get_new/new_-_folder_for_not-yet-ready_new_imgs
$ cp BnF_-_TITLE_00001.png converted_from_PDF_-_now_to_jpeg/BnF_-_Ms-Lat-17742_00002.png

Anast@DESKTOP-O7KM5A5 /cygdrive/c/David/FHTW-2025-All_-_move_2024_get_new/new_-_folder_for_not-yet-ready_new_imgs
$ cp BnF_-_TITLE_00002.png converted_from_PDF_-_now_to_jpeg/BnF_-_Ms-Lat-17742_00001.png

Anast@DESKTOP-O7KM5A5 /cygdrive/c/David/FHTW-2025-All_-_move_2024_get_new/new_-_folder_for_not-yet-ready_new_imgs
$

Anast@DESKTOP-O7KM5A5 /cygdrive/c/David/FHTW-2025-All_-_move_2024_get_new/new_-_folder_for_not-yet-ready_new_imgs
$

Anast@DESKTOP-O7KM5A5 /cygdrive/c/David/FHTW-2025-All_-_move_2024_get_new/new_-_folder_for_not-yet-ready_new_imgs
$ checksituation

 Current date/time is
Mon May 26 18:02:17 MDT 2025
1748304137
1748304137_2025-05-26T180217-0600

 Current directory ( pwd ) is
/cygdrive/c/David/FHTW-2025-All_-_move_2024_get_new/new_-_folder_for_not-yet-ready_new_imgs


Anast@DESKTOP-O7KM5A5 /cygdrive/c/David/FHTW-2025-All_-_move_2024_get_new/new_-_folder_for_not-yet-ready_new_imgs
$

Anast@DESKTOP-O7KM5A5 /cygdrive/c/David/FHTW-2025-All_-_move_2024_get_new/new_-_folder_for_not-yet-ready_new_imgs
$ echo "${files_str}" | tr "|" "\n"
BnF-BibArsenal_-_Candide_Ms-3160
BnF-BibArsenal_-_Ms-6039
BnF-BibArsenal_-_Ms-8407
BnF-BibArsenal_-_Ms-87
BnF_-_Ms-Fra-24308
BnF_-_Ms-Grec-2467
BnF_-_Ms-Grec-338
BnF_-_Ms-Heb-187
BnF_-_Ms-Lat-17385
BnF_-_Ms-Lat-17551
BnF_-_Ms-Lat-17742
BnF_-_Ms-Lat-18315
BnF_-_Ms-Lat-18417
BnF_-_Ms-Lat-18420
BnF_-_Ms-Lat-18421
BnF_-_Ms-Lat-18553
BnF_-_Ms-Lat-18554
BnF_-_Ms-Lat-3085A
BnF_-_Ms-Supplmnt-Grec-1027
DigitaleLandesbibOberosterreich_-_Linz-AT-OOeLB-Hs-20
England-Bodl-Christ-Church_-_MS-95
England-Bodl_-_BodlLib_MS-Canon-Misc-575
England-Bodl_-_BodlLib_MS-Duke-Humfrey-c-1
England-Bodl_-_BodlLib_MS-Hamilton-45
England-Bodl_-_BodlLib_MS-Hamilton-9
England-Bodl_-_BodlLib_MS-Lat-th-d-18
France-BibMunMetz_-_Ms-12324
HLSbibFulda_-_Victor-Codex-100-Bonifatianus-1
StaatsbibBamberg_-_Msc-Patr-5
UniversiteitLeiden_-_LibriMissalis fragmentaBPL25_-_LowerResolution


Anast@DESKTOP-O7KM5A5 /cygdrive/c/David/FHTW-2025-All_-_move_2024_get_new/new_-_folder_for_not-yet-ready_new_imgs
$ find converted_from_PDF_-_now_to_jpeg/ -type f -iname "BnF*Lat*18315*00003.png"
converted_from_PDF_-_now_to_jpeg/BnF_-_Ms-Lat-18315_00003.png

Anast@DESKTOP-O7KM5A5 /cygdrive/c/David/FHTW-2025-All_-_move_2024_get_new/new_-_folder_for_not-yet-ready_new_imgs
$ find converted_from_PDF_-_now_to_jpeg/ -type f -iname "BnF*Lat*18315*00002.png"

Anast@DESKTOP-O7KM5A5 /cygdrive/c/David/FHTW-2025-All_-_move_2024_get_new/new_-_folder_for_not-yet-ready_new_imgs
$ find converted_from_PDF_-_now_to_jpeg/ -type f -iname "BnF*Lat*18315*00001.png"

Anast@DESKTOP-O7KM5A5 /cygdrive/c/David/FHTW-2025-All_-_move_2024_get_new/new_-_folder_for_not-yet-ready_new_imgs
$ cp BnF_-_TITLE_00001.png converted_from_PDF_-_now_to_jpeg/BnF_-_Ms-Lat-18315_00001.png

Anast@DESKTOP-O7KM5A5 /cygdrive/c/David/FHTW-2025-All_-_move_2024_get_new/new_-_folder_for_not-yet-ready_new_imgs
$ cp BnF_-_TITLE_00002.png converted_from_PDF_-_now_to_jpeg/BnF_-_Ms-Lat-18315_00002.png

Anast@DESKTOP-O7KM5A5 /cygdrive/c/David/FHTW-2025-All_-_move_2024_get_new/new_-_folder_for_not-yet-ready_new_imgs
$ find converted_from_PDF_-_now_to_jpeg/ -type f -iname "BnF*Lat*18417*00003.png"
converted_from_PDF_-_now_to_jpeg/BnF_-_Ms-Lat-18417_00003.png

Anast@DESKTOP-O7KM5A5 /cygdrive/c/David/FHTW-2025-All_-_move_2024_get_new/new_-_folder_for_not-yet-ready_new_imgs
$ find converted_from_PDF_-_now_to_jpeg/ -type f -iname "BnF*Lat*18417*00002.png"

Anast@DESKTOP-O7KM5A5 /cygdrive/c/David/FHTW-2025-All_-_move_2024_get_new/new_-_folder_for_not-yet-ready_new_imgs
$ find converted_from_PDF_-_now_to_jpeg/ -type f -iname "BnF*Lat*18417*00001.png"

Anast@DESKTOP-O7KM5A5 /cygdrive/c/David/FHTW-2025-All_-_move_2024_get_new/new_-_folder_for_not-yet-ready_new_imgs
$ cp BnF_-_TITLE_00002.png converted_from_PDF_-_now_to_jpeg/BnF_-_Ms-Lat-18417_00001.png

Anast@DESKTOP-O7KM5A5 /cygdrive/c/David/FHTW-2025-All_-_move_2024_get_new/new_-_folder_for_not-yet-ready_new_imgs
$ cp BnF_-_TITLE_00001.png converted_from_PDF_-_now_to_jpeg/BnF_-_Ms-Lat-18417_00002.png

Anast@DESKTOP-O7KM5A5 /cygdrive/c/David/FHTW-2025-All_-_move_2024_get_new/new_-_folder_for_not-yet-ready_new_imgs
$

Anast@DESKTOP-O7KM5A5 /cygdrive/c/David/FHTW-2025-All_-_move_2024_get_new/new_-_folder_for_not-yet-ready_new_imgs
$ find converted_from_PDF_-_now_to_jpeg/ -type f -iname "BnF*Lat*18420*00003.png"
converted_from_PDF_-_now_to_jpeg/BnF_-_Ms-Lat-18420_00003.png

Anast@DESKTOP-O7KM5A5 /cygdrive/c/David/FHTW-2025-All_-_move_2024_get_new/new_-_folder_for_not-yet-ready_new_imgs
$ find converted_from_PDF_-_now_to_jpeg/ -type f -iname "BnF*Lat*18420*00002.png"

Anast@DESKTOP-O7KM5A5 /cygdrive/c/David/FHTW-2025-All_-_move_2024_get_new/new_-_folder_for_not-yet-ready_new_imgs
$ find converted_from_PDF_-_now_to_jpeg/ -type f -iname "BnF*Lat*18420*00001.png"

Anast@DESKTOP-O7KM5A5 /cygdrive/c/David/FHTW-2025-All_-_move_2024_get_new/new_-_folder_for_not-yet-ready_new_imgs
$ cp BnF_-_TITLE_00002.png converted_from_PDF_-_now_to_jpeg/BnF_-_Ms-Lat-18420_00001.png

Anast@DESKTOP-O7KM5A5 /cygdrive/c/David/FHTW-2025-All_-_move_2024_get_new/new_-_folder_for_not-yet-ready_new_imgs
$ cp BnF_-_TITLE_00001.png converted_from_PDF_-_now_to_jpeg/BnF_-_Ms-Lat-18420_00002.png

Anast@DESKTOP-O7KM5A5 /cygdrive/c/David/FHTW-2025-All_-_move_2024_get_new/new_-_folder_for_not-yet-ready_new_imgs
$

Anast@DESKTOP-O7KM5A5 /cygdrive/c/David/FHTW-2025-All_-_move_2024_get_new/new_-_folder_for_not-yet-ready_new_imgs
$ echo "${files_str}" | tr "|" "\n"
BnF-BibArsenal_-_Candide_Ms-3160
BnF-BibArsenal_-_Ms-6039
BnF-BibArsenal_-_Ms-8407
BnF-BibArsenal_-_Ms-87
BnF_-_Ms-Fra-24308
BnF_-_Ms-Grec-2467
BnF_-_Ms-Grec-338
BnF_-_Ms-Heb-187
BnF_-_Ms-Lat-17385
BnF_-_Ms-Lat-17551
BnF_-_Ms-Lat-17742
BnF_-_Ms-Lat-18315
BnF_-_Ms-Lat-18417
BnF_-_Ms-Lat-18420
BnF_-_Ms-Lat-18421
BnF_-_Ms-Lat-18553
BnF_-_Ms-Lat-18554
BnF_-_Ms-Lat-3085A
BnF_-_Ms-Supplmnt-Grec-1027
DigitaleLandesbibOberosterreich_-_Linz-AT-OOeLB-Hs-20
England-Bodl-Christ-Church_-_MS-95
England-Bodl_-_BodlLib_MS-Canon-Misc-575
England-Bodl_-_BodlLib_MS-Duke-Humfrey-c-1
England-Bodl_-_BodlLib_MS-Hamilton-45
England-Bodl_-_BodlLib_MS-Hamilton-9
England-Bodl_-_BodlLib_MS-Lat-th-d-18
France-BibMunMetz_-_Ms-12324
HLSbibFulda_-_Victor-Codex-100-Bonifatianus-1
StaatsbibBamberg_-_Msc-Patr-5
UniversiteitLeiden_-_LibriMissalis fragmentaBPL25_-_LowerResolution


Anast@DESKTOP-O7KM5A5 /cygdrive/c/David/FHTW-2025-All_-_move_2024_get_new/new_-_folder_for_not-yet-ready_new_imgs
$ find converted_from_PDF_-_now_to_jpeg/ -type f -iname "BnF*Lat*18421*00003.png"
converted_from_PDF_-_now_to_jpeg/BnF_-_Ms-Lat-18421_00003.png

Anast@DESKTOP-O7KM5A5 /cygdrive/c/David/FHTW-2025-All_-_move_2024_get_new/new_-_folder_for_not-yet-ready_new_imgs
$ find converted_from_PDF_-_now_to_jpeg/ -type f -iname "BnF*Lat*18421*00002.png"

Anast@DESKTOP-O7KM5A5 /cygdrive/c/David/FHTW-2025-All_-_move_2024_get_new/new_-_folder_for_not-yet-ready_new_imgs
$ find converted_from_PDF_-_now_to_jpeg/ -type f -iname "BnF*Lat*18421*00001.png"

Anast@DESKTOP-O7KM5A5 /cygdrive/c/David/FHTW-2025-All_-_move_2024_get_new/new_-_folder_for_not-yet-ready_new_imgs
$ cp BnF_-_TITLE_00002.png converted_from_PDF_-_now_to_jpeg/BnF_-_Ms-Lat-18421_00001.png

Anast@DESKTOP-O7KM5A5 /cygdrive/c/David/FHTW-2025-All_-_move_2024_get_new/new_-_folder_for_not-yet-ready_new_imgs
$ cp BnF_-_TITLE_00001.png converted_from_PDF_-_now_to_jpeg/BnF_-_Ms-Lat-18421_00002.png

Anast@DESKTOP-O7KM5A5 /cygdrive/c/David/FHTW-2025-All_-_move_2024_get_new/new_-_folder_for_not-yet-ready_new_imgs
$

Anast@DESKTOP-O7KM5A5 /cygdrive/c/David/FHTW-2025-All_-_move_2024_get_new/new_-_folder_for_not-yet-ready_new_imgs
$ find converted_from_PDF_-_now_to_jpeg/ -type f -iname "BnF*Lat*18553*00003.png"
converted_from_PDF_-_now_to_jpeg/BnF_-_Ms-Lat-18553_00003.png

Anast@DESKTOP-O7KM5A5 /cygdrive/c/David/FHTW-2025-All_-_move_2024_get_new/new_-_folder_for_not-yet-ready_new_imgs
$ find converted_from_PDF_-_now_to_jpeg/ -type f -iname "BnF*Lat*18553*00002.png"

Anast@DESKTOP-O7KM5A5 /cygdrive/c/David/FHTW-2025-All_-_move_2024_get_new/new_-_folder_for_not-yet-ready_new_imgs
$ find converted_from_PDF_-_now_to_jpeg/ -type f -iname "BnF*Lat*18553*00001.png"

Anast@DESKTOP-O7KM5A5 /cygdrive/c/David/FHTW-2025-All_-_move_2024_get_new/new_-_folder_for_not-yet-ready_new_imgs
$ cp BnF_-_TITLE_00002.png converted_from_PDF_-_now_to_jpeg/BnF_-_Ms-Lat-18553_00001.png

Anast@DESKTOP-O7KM5A5 /cygdrive/c/David/FHTW-2025-All_-_move_2024_get_new/new_-_folder_for_not-yet-ready_new_imgs
$ cp BnF_-_TITLE_00001.png converted_from_PDF_-_now_to_jpeg/BnF_-_Ms-Lat-18553_00002.png

Anast@DESKTOP-O7KM5A5 /cygdrive/c/David/FHTW-2025-All_-_move_2024_get_new/new_-_folder_for_not-yet-ready_new_imgs
$

Anast@DESKTOP-O7KM5A5 /cygdrive/c/David/FHTW-2025-All_-_move_2024_get_new/new_-_folder_for_not-yet-ready_new_imgs
$ find converted_from_PDF_-_now_to_jpeg/ -type f -iname "BnF*Lat*18554*00003.png"
converted_from_PDF_-_now_to_jpeg/BnF_-_Ms-Lat-18554_00003.png

Anast@DESKTOP-O7KM5A5 /cygdrive/c/David/FHTW-2025-All_-_move_2024_get_new/new_-_folder_for_not-yet-ready_new_imgs
$ find converted_from_PDF_-_now_to_jpeg/ -type f -iname "BnF*Lat*18554*00002.png"

Anast@DESKTOP-O7KM5A5 /cygdrive/c/David/FHTW-2025-All_-_move_2024_get_new/new_-_folder_for_not-yet-ready_new_imgs
$ find converted_from_PDF_-_now_to_jpeg/ -type f -iname "BnF*Lat*18554*00001.png"

Anast@DESKTOP-O7KM5A5 /cygdrive/c/David/FHTW-2025-All_-_move_2024_get_new/new_-_folder_for_not-yet-ready_new_imgs
$ cp BnF_-_TITLE_00002.png converted_from_PDF_-_now_to_jpeg/BnF_-_Ms-Lat-18554_00001.png

Anast@DESKTOP-O7KM5A5 /cygdrive/c/David/FHTW-2025-All_-_move_2024_get_new/new_-_folder_for_not-yet-ready_new_imgs
$ cp BnF_-_TITLE_00001.png converted_from_PDF_-_now_to_jpeg/BnF_-_Ms-Lat-18554_00002.png

Anast@DESKTOP-O7KM5A5 /cygdrive/c/David/FHTW-2025-All_-_move_2024_get_new/new_-_folder_for_not-yet-ready_new_imgs
$

Anast@DESKTOP-O7KM5A5 /cygdrive/c/David/FHTW-2025-All_-_move_2024_get_new/new_-_folder_for_not-yet-ready_new_imgs
$

Anast@DESKTOP-O7KM5A5 /cygdrive/c/David/FHTW-2025-All_-_move_2024_get_new/new_-_folder_for_not-yet-ready_new_imgs
$

Anast@DESKTOP-O7KM5A5 /cygdrive/c/David/FHTW-2025-All_-_move_2024_get_new/new_-_folder_for_not-yet-ready_new_imgs
$

Anast@DESKTOP-O7KM5A5 /cygdrive/c/David/FHTW-2025-All_-_move_2024_get_new/new_-_folder_for_not-yet-ready_new_imgs
$

Anast@DESKTOP-O7KM5A5 /cygdrive/c/David/FHTW-2025-All_-_move_2024_get_new/new_-_folder_for_not-yet-ready_new_imgs
$ echo "${files_str}" | tr "|" "\n"
BnF-BibArsenal_-_Candide_Ms-3160
BnF-BibArsenal_-_Ms-6039
BnF-BibArsenal_-_Ms-8407
BnF-BibArsenal_-_Ms-87
BnF_-_Ms-Fra-24308
BnF_-_Ms-Grec-2467
BnF_-_Ms-Grec-338
BnF_-_Ms-Heb-187
BnF_-_Ms-Lat-17385
BnF_-_Ms-Lat-17551
BnF_-_Ms-Lat-17742
BnF_-_Ms-Lat-18315
BnF_-_Ms-Lat-18417
BnF_-_Ms-Lat-18420
BnF_-_Ms-Lat-18421
BnF_-_Ms-Lat-18553
BnF_-_Ms-Lat-18554
BnF_-_Ms-Lat-3085A
BnF_-_Ms-Supplmnt-Grec-1027
DigitaleLandesbibOberosterreich_-_Linz-AT-OOeLB-Hs-20
England-Bodl-Christ-Church_-_MS-95
England-Bodl_-_BodlLib_MS-Canon-Misc-575
England-Bodl_-_BodlLib_MS-Duke-Humfrey-c-1
England-Bodl_-_BodlLib_MS-Hamilton-45
England-Bodl_-_BodlLib_MS-Hamilton-9
England-Bodl_-_BodlLib_MS-Lat-th-d-18
France-BibMunMetz_-_Ms-12324
HLSbibFulda_-_Victor-Codex-100-Bonifatianus-1
StaatsbibBamberg_-_Msc-Patr-5
UniversiteitLeiden_-_LibriMissalis fragmentaBPL25_-_LowerResolution


Anast@DESKTOP-O7KM5A5 /cygdrive/c/David/FHTW-2025-All_-_move_2024_get_new/new_-_folder_for_not-yet-ready_new_imgs
$ find converted_from_PDF_-_now_to_jpeg/ -type f -iname "BnF*Lat*3085*00003.png"
converted_from_PDF_-_now_to_jpeg/BnF_-_Ms-Lat-3085A_00003.png

Anast@DESKTOP-O7KM5A5 /cygdrive/c/David/FHTW-2025-All_-_move_2024_get_new/new_-_folder_for_not-yet-ready_new_imgs
$ find converted_from_PDF_-_now_to_jpeg/ -type f -iname "BnF*Lat*3085*00002.png"

Anast@DESKTOP-O7KM5A5 /cygdrive/c/David/FHTW-2025-All_-_move_2024_get_new/new_-_folder_for_not-yet-ready_new_imgs
$ find converted_from_PDF_-_now_to_jpeg/ -type f -iname "BnF*Lat*3085*00001.png"

Anast@DESKTOP-O7KM5A5 /cygdrive/c/David/FHTW-2025-All_-_move_2024_get_new/new_-_folder_for_not-yet-ready_new_imgs
$ cp BnF_-_TITLE_00002.png converted_from_PDF_-_now_to_jpeg/BnF_-_Ms-Lat-3085A_00001.png

Anast@DESKTOP-O7KM5A5 /cygdrive/c/David/FHTW-2025-All_-_move_2024_get_new/new_-_folder_for_not-yet-ready_new_imgs
$ cp BnF_-_TITLE_00001.png converted_from_PDF_-_now_to_jpeg/BnF_-_Ms-Lat-3085A_00002.png

Anast@DESKTOP-O7KM5A5 /cygdrive/c/David/FHTW-2025-All_-_move_2024_get_new/new_-_folder_for_not-yet-ready_new_imgs
$

Anast@DESKTOP-O7KM5A5 /cygdrive/c/David/FHTW-2025-All_-_move_2024_get_new/new_-_folder_for_not-yet-ready_new_imgs
$

Anast@DESKTOP-O7KM5A5 /cygdrive/c/David/FHTW-2025-All_-_move_2024_get_new/new_-_folder_for_not-yet-ready_new_imgs
$ find converted_from_PDF_-_now_to_jpeg/ -type f -iname "BnF*Sup*Grec*1027*00003.png"
converted_from_PDF_-_now_to_jpeg/BnF_-_Ms-Supplmnt-Grec-1027_00003.png

Anast@DESKTOP-O7KM5A5 /cygdrive/c/David/FHTW-2025-All_-_move_2024_get_new/new_-_folder_for_not-yet-ready_new_imgs
$ find converted_from_PDF_-_now_to_jpeg/ -type f -iname "BnF*Sup*Grec*1027*00002.png"

Anast@DESKTOP-O7KM5A5 /cygdrive/c/David/FHTW-2025-All_-_move_2024_get_new/new_-_folder_for_not-yet-ready_new_imgs
$ find converted_from_PDF_-_now_to_jpeg/ -type f -iname "BnF*Sup*Grec*1027*00001.png"

Anast@DESKTOP-O7KM5A5 /cygdrive/c/David/FHTW-2025-All_-_move_2024_get_new/new_-_folder_for_not-yet-ready_new_imgs
$ cp BnF_-_TITLE_00001.png converted_from_PDF_-_now_to_jpeg/BnF_-_Ms-Supplmnt-Grec-1027_00001.png

Anast@DESKTOP-O7KM5A5 /cygdrive/c/David/FHTW-2025-All_-_move_2024_get_new/new_-_folder_for_not-yet-ready_new_imgs
$ cp BnF_-_TITLE_00002.png converted_from_PDF_-_now_to_jpeg/BnF_-_Ms-Supplmnt-Grec-1027_00002.png

Anast@DESKTOP-O7KM5A5 /cygdrive/c/David/FHTW-2025-All_-_move_2024_get_new/new_-_folder_for_not-yet-ready_new_imgs
$

Anast@DESKTOP-O7KM5A5 /cygdrive/c/David/FHTW-2025-All_-_move_2024_get_new/new_-_folder_for_not-yet-ready_new_imgs
$

Anast@DESKTOP-O7KM5A5 /cygdrive/c/David/FHTW-2025-All_-_move_2024_get_new/new_-_folder_for_not-yet-ready_new_imgs
$

Anast@DESKTOP-O7KM5A5 /cygdrive/c/David/FHTW-2025-All_-_move_2024_get_new/new_-_folder_for_not-yet-ready_new_imgs
$ grep "PNG.*png" conv_from_pdf_format_1748123944_2025-05-24T155904-0600.out | head
PNG sRGB TrueColor png 8 srgb
PNG sRGB TrueColor png 8 srgb
PNG sRGB TrueColor png 8 srgb
PNG sRGB TrueColor png 8 srgb
PNG sRGB TrueColor png 8 srgb
PNG sRGB TrueColor png 8 srgb
PNG sRGB TrueColor png 8 srgb
PNG sRGB TrueColor png 8 srgb
PNG sRGB TrueColor png 8 srgb
PNG sRGB TrueColor png 8 srgb

Anast@DESKTOP-O7KM5A5 /cygdrive/c/David/FHTW-2025-All_-_move_2024_get_new/new_-_folder_for_not-yet-ready_new_imgs
$ grep "PNG.*png" conv_from_pdf_format_1748123944_2025-05-24T155904-0600.out | sort | uniq -c
      1 PNG Gray Bilevel png 8 gray
   1996 PNG Gray Grayscale png 8 gray
      5 PNG sRGB Grayscale png 8 srgb
      1 PNG sRGB Palette png 8 srgb
   8183 PNG sRGB TrueColor png 8 srgb

Anast@DESKTOP-O7KM5A5 /cygdrive/c/David/FHTW-2025-All_-_move_2024_get_new/new_-_folder_for_not-yet-ready_new_imgs
$ grep -B2 -A1 Palette conv_from_pdf_format_1748123944_2025-05-24T155904-0600.out

DigitaleLandesbibOberosterreich_-_Linz-AT-OOeLB-Hs-20_00001.png
PNG sRGB Palette png 8 srgb


Anast@DESKTOP-O7KM5A5 /cygdrive/c/David/FHTW-2025-All_-_move_2024_get_new/new_-_folder_for_not-yet-ready_new_imgs
$ mogrify -colorspace srgb -type truecolor DigitaleLandesbibOberosterreich_-_Linz-AT-OOeLB-Hs-20_00001.png
mogrify: unable to open image 'DigitaleLandesbibOberosterreich_-_Linz-AT-OOeLB-Hs-20_00001.png': No such file or directory @ error/blob.c/OpenBlob/3537.

Anast@DESKTOP-O7KM5A5 /cygdrive/c/David/FHTW-2025-All_-_move_2024_get_new/new_-_folder_for_not-yet-ready_new_imgs
$ mogrify -colorspace srgb -type truecolor converted_from_PDF_-_now_to_jpeg/DigitaleLandesbibOberosterreich_-_Linz-AT-OOeLB-Hs-20_00001.png
mogrify: Not recognizing known sRGB profile that has been edited `converted_from_PDF_-_now_to_jpeg/DigitaleLandesbibOberosterreich_-_Linz-AT-OOeLB-Hs-20_00001.png' @ warning/png.c/MagickPNGWarningHandler/1748.

Anast@DESKTOP-O7KM5A5 /cygdrive/c/David/FHTW-2025-All_-_move_2024_get_new/new_-_folder_for_not-yet-ready_new_imgs
$ identify -format "%[magick] %[colorspace] %[type] %[extension] %[bit-depth] %[channels]\n" converted_from_PDF_-_now_to_jpeg/DigitaleLandesbibOberosterreich_-_Linz-AT-OOeLB-Hs-20_00001.png
PNG sRGB Palette png 8 srgb

Anast@DESKTOP-O7KM5A5 /cygdrive/c/David/FHTW-2025-All_-_move_2024_get_new/new_-_folder_for_not-yet-ready_new_imgs
$ mkdir palette

Anast@DESKTOP-O7KM5A5 /cygdrive/c/David/FHTW-2025-All_-_move_2024_get_new/new_-_folder_for_not-yet-ready_new_imgs
$ mv converted_from_PDF_-_now_to_jpeg/DigitaleLandesbibOberosterreich_-_Linz-AT-OOeLB-Hs-20_00001.png palette/

Anast@DESKTOP-O7KM5A5 /cygdrive/c/David/FHTW-2025-All_-_move_2024_get_new/new_-_folder_for_not-yet-ready_new_imgs
$ grep -B2 -A1 Bilevel conv_from_pdf_format_1748123944_2025-05-24T155904-0600.out                        
France-BibMunMetz_-_Ms-12324_00002.png
PNG Gray Bilevel png 8 gray


Anast@DESKTOP-O7KM5A5 /cygdrive/c/David/FHTW-2025-All_-_move_2024_get_new/new_-_folder_for_not-yet-ready_new_imgs
$ identify -format "%[magick] %[colorspace] %[type] %[extension] %[bit-depth] %[channels]\n" converted_from_PDF_-_now_to_jpeg/France-BibMunMetz_-_Ms-12324_00002.png
identify: unable to open image 'converted_from_PDF_-_now_to_jpeg/France-BibMunMetz_-_Ms-12324_00002.png': No such file or directory @ error/blob.c/OpenBlob/3537.

Anast@DESKTOP-O7KM5A5 /cygdrive/c/David/FHTW-2025-All_-_move_2024_get_new/new_-_folder_for_not-yet-ready_new_imgs
$ #  Oh, BnF-type Download. Time to copy in our friends.

Anast@DESKTOP-O7KM5A5 /cygdrive/c/David/FHTW-2025-All_-_move_2024_get_new/new_-_folder_for_not-yet-ready_new_imgs
$ find converted_from_PDF_-_now_to_jpeg/ -type f -iname "*France*Metz*12324*00003.png"
converted_from_PDF_-_now_to_jpeg/France-BibMunMetz_-_Ms-12324_00003.png

Anast@DESKTOP-O7KM5A5 /cygdrive/c/David/FHTW-2025-All_-_move_2024_get_new/new_-_folder_for_not-yet-ready_new_imgs
$ find converted_from_PDF_-_now_to_jpeg/ -type f -iname "*France*Metz*12324*00002.png"

Anast@DESKTOP-O7KM5A5 /cygdrive/c/David/FHTW-2025-All_-_move_2024_get_new/new_-_folder_for_not-yet-ready_new_imgs
$ find converted_from_PDF_-_now_to_jpeg/ -type f -iname "*France*Metz*12324*00001.png"

Anast@DESKTOP-O7KM5A5 /cygdrive/c/David/FHTW-2025-All_-_move_2024_get_new/new_-_folder_for_not-yet-ready_new_imgs
$ cp BnF_-_TITLE_00002.png converted_from_PDF_-_now_to_jpeg/France-BibMunMetz_-_Ms-12324_00001.png

Anast@DESKTOP-O7KM5A5 /cygdrive/c/David/FHTW-2025-All_-_move_2024_get_new/new_-_folder_for_not-yet-ready_new_imgs
$ cp BnF_-_TITLE_00001.png converted_from_PDF_-_now_to_jpeg/France-BibMunMetz_-_Ms-12324_00002.png

Anast@DESKTOP-O7KM5A5 /cygdrive/c/David/FHTW-2025-All_-_move_2024_get_new/new_-_folder_for_not-yet-ready_new_imgs
$ grep -B2 -A1 "PNG sRGB Grayscale" conv_from_pdf_format_1748123944_2025-05-24T155904-0600.out           
England-Bodl_-_BodlLib_MS-Canon-Misc-575_00001.png
PNG sRGB Grayscale png 8 srgb

--

England-Bodl_-_BodlLib_MS-Duke-Humfrey-c-1_00001.png
PNG sRGB Grayscale png 8 srgb

--

England-Bodl_-_BodlLib_MS-Hamilton-45_00001.png
PNG sRGB Grayscale png 8 srgb

--

England-Bodl_-_BodlLib_MS-Hamilton-9_00001.png
PNG sRGB Grayscale png 8 srgb

--

England-Bodl_-_BodlLib_MS-Lat-th-d-18_00001.png
PNG sRGB Grayscale png 8 srgb


Anast@DESKTOP-O7KM5A5 /cygdrive/c/David/FHTW-2025-All_-_move_2024_get_new/new_-_folder_for_not-yet-ready_new_imgs
$ find converted_from_PDF_-_now_to_jpeg/ -type f -iname "*Bodl*00001.png" | wc -l
6

Anast@DESKTOP-O7KM5A5 /cygdrive/c/David/FHTW-2025-All_-_move_2024_get_new/new_-_folder_for_not-yet-ready_new_imgs
$ find converted_from_PDF_-_now_to_jpeg/ -type f -iname "*Bodl*00001.png"
converted_from_PDF_-_now_to_jpeg/England-Bodl-Christ-Church_-_MS-95_00001.png
converted_from_PDF_-_now_to_jpeg/England-Bodl_-_BodlLib_MS-Canon-Misc-575_00001.png
converted_from_PDF_-_now_to_jpeg/England-Bodl_-_BodlLib_MS-Duke-Humfrey-c-1_00001.png
converted_from_PDF_-_now_to_jpeg/England-Bodl_-_BodlLib_MS-Hamilton-45_00001.png
converted_from_PDF_-_now_to_jpeg/England-Bodl_-_BodlLib_MS-Hamilton-9_00001.png
converted_from_PDF_-_now_to_jpeg/England-Bodl_-_BodlLib_MS-Lat-th-d-18_00001.png

Anast@DESKTOP-O7KM5A5 /cygdrive/c/David/FHTW-2025-All_-_move_2024_get_new/new_-_folder_for_not-yet-ready_new_imgs
$ #  The Christ Church one is a normal color. For this time, any Bodleian

Anast@DESKTOP-O7KM5A5 /cygdrive/c/David/FHTW-2025-All_-_move_2024_get_new/new_-_folder_for_not-yet-ready_new_imgs
$ #+ initial image can go with the other colored ones.

Anast@DESKTOP-O7KM5A5 /cygdrive/c/David/FHTW-2025-All_-_move_2024_get_new/new_-_folder_for_not-yet-ready_new_imgs
$ #+ (Yes, it also matches the File Explorer -> Properties -> Details ->

Anast@DESKTOP-O7KM5A5 /cygdrive/c/David/FHTW-2025-All_-_move_2024_get_new/new_-_folder_for_not-yet-ready_new_imgs
$ #+  Bit depth -> 24 test in each case).

Anast@DESKTOP-O7KM5A5 /cygdrive/c/David/FHTW-2025-All_-_move_2024_get_new/new_-_folder_for_not-yet-ready_new_imgs
$ mkdir grayscale

Anast@DESKTOP-O7KM5A5 /cygdrive/c/David/FHTW-2025-All_-_move_2024_get_new/new_-_folder_for_not-yet-ready_new_imgs
$ grep "PNG grayscale Grayscale" conv_from_PDF_-_full_10533_file_list_-_incl_remvd_rapport_1748090800_2025-05-24T064640-0600.lst | wc -l
0

Anast@DESKTOP-O7KM5A5 /cygdrive/c/David/FHTW-2025-All_-_move_2024_get_new/new_-_folder_for_not-yet-ready_new_imgs
$ grep "PNG Gray Grayscale" conv_from_PDF_-_full_10533_file_list_-_incl_remvd_rapport_1748090800_2025-05-24T064640-0600.lst | wc -l
0

Anast@DESKTOP-O7KM5A5 /cygdrive/c/David/FHTW-2025-All_-_move_2024_get_new/new_-_folder_for_not-yet-ready_new_imgs
$ grep "PNG Gray" conv_from_PDF_-_full_10533_file_list_-_incl_remvd_rapport_1748090800_2025-05-24T064640-0600.lst | wc -l
0

Anast@DESKTOP-O7KM5A5 /cygdrive/c/David/FHTW-2025-All_-_move_2024_get_new/new_-_folder_for_not-yet-ready_new_imgs
$ grep "PNG Gray Grayscale" conv_from_pdf_format_1748123944_2025-05-24T155904-0600.out | wc -l           1996

Anast@DESKTOP-O7KM5A5 /cygdrive/c/David/FHTW-2025-All_-_move_2024_get_new/new_-_folder_for_not-yet-ready_new_imgs
$ grep "PNG Gray Grayscale" conv_from_pdf_format_1748123944_2025-05-24T155904-0600.out | head
PNG Gray Grayscale png 8 gray
PNG Gray Grayscale png 8 gray
PNG Gray Grayscale png 8 gray
PNG Gray Grayscale png 8 gray
PNG Gray Grayscale png 8 gray
PNG Gray Grayscale png 8 gray
PNG Gray Grayscale png 8 gray
PNG Gray Grayscale png 8 gray
PNG Gray Grayscale png 8 gray
PNG Gray Grayscale png 8 gray

Anast@DESKTOP-O7KM5A5 /cygdrive/c/David/FHTW-2025-All_-_move_2024_get_new/new_-_folder_for_not-yet-ready_new_imgs
$ grep -B 1 "PNG Gray Grayscale" conv_from_pdf_format_1748123944_2025-05-24T155904-0600.out | head
BnF-BibArsenal_-_Ms-6039_00003.png
PNG Gray Grayscale png 8 gray
--
BnF-BibArsenal_-_Ms-6039_00004.png
PNG Gray Grayscale png 8 gray
--
BnF-BibArsenal_-_Ms-6039_00005.png
PNG Gray Grayscale png 8 gray
--
BnF-BibArsenal_-_Ms-6039_00006.png

Anast@DESKTOP-O7KM5A5 /cygdrive/c/David/FHTW-2025-All_-_move_2024_get_new/new_-_folder_for_not-yet-ready_new_imgs
$ grep -B 1 "PNG Gray Grayscale" conv_from_pdf_format_1748123944_2025-05-24T155904-0600.out | grep BnF | head
BnF-BibArsenal_-_Ms-6039_00003.png
BnF-BibArsenal_-_Ms-6039_00004.png
BnF-BibArsenal_-_Ms-6039_00005.png
BnF-BibArsenal_-_Ms-6039_00006.png
BnF-BibArsenal_-_Ms-6039_00007.png
BnF-BibArsenal_-_Ms-6039_00008.png
BnF-BibArsenal_-_Ms-6039_00009.png
BnF-BibArsenal_-_Ms-6039_00010.png
BnF-BibArsenal_-_Ms-6039_00011.png
BnF-BibArsenal_-_Ms-6039_00012.png

Anast@DESKTOP-O7KM5A5 /cygdrive/c/David/FHTW-2025-All_-_move_2024_get_new/new_-_folder_for_not-yet-ready_new_imgs
$ grep -B 1 "PNG Gray Grayscale" conv_from_pdf_format_1748123944_2025-05-24T155904-0600.out | grep BnF | sed 's#_\{\}[.][^.]\{2,5\}$##g' | head
sed: -e expression #1, char 25: Invalid content of \{\}

Anast@DESKTOP-O7KM5A5 /cygdrive/c/David/FHTW-2025-All_-_move_2024_get_new/new_-_folder_for_not-yet-ready_new_imgs
$ grep -B 1 "PNG Gray Grayscale" conv_from_pdf_format_1748123944_2025-05-24T155904-0600.out | grep BnF | sed 's#_\{\}[.][^.]\{2,\}$##g' | head
sed: -e expression #1, char 24: Invalid content of \{\}

Anast@DESKTOP-O7KM5A5 /cygdrive/c/David/FHTW-2025-All_-_move_2024_get_new/new_-_folder_for_not-yet-ready_new_imgs
$ grep -B 1 "PNG Gray Grayscale" conv_from_pdf_format_1748123944_2025-05-24T155904-0600.out | grep BnF | sed 's#_\{\}[.][^.]\{2..\}$##g' | head
sed: -e expression #1, char 25: Invalid content of \{\}

Anast@DESKTOP-O7KM5A5 /cygdrive/c/David/FHTW-2025-All_-_move_2024_get_new/new_-_folder_for_not-yet-ready_new_imgs
$ grep -B 1 "PNG Gray Grayscale" conv_from_pdf_format_1748123944_2025-05-24T155904-0600.out | grep BnF | sed 's#_\{\}[.][^.]\{3\}$##g' | head
sed: -e expression #1, char 23: Invalid content of \{\}

Anast@DESKTOP-O7KM5A5 /cygdrive/c/David/FHTW-2025-All_-_move_2024_get_new/new_-_folder_for_not-yet-ready_new_imgs
$ grep -B 1 "PNG Gray Grayscale" conv_from_pdf_format_1748123944_2025-05-24T155904-0600.out | grep BnF | sed 's#_[0-9\{5\}[.][^.]\{2,5\}$##g' | head
sed: -e expression #1, char 30: unterminated `s' command

Anast@DESKTOP-O7KM5A5 /cygdrive/c/David/FHTW-2025-All_-_move_2024_get_new/new_-_folder_for_not-yet-ready_new_imgs
$ grep -B 1 "PNG Gray Grayscale" conv_from_pdf_format_1748123944_2025-05-24T155904-0600.out | grep BnF | sed 's#_[0-9\{5\}[.][^.]\{2,5\}$##g;' | head
sed: -e expression #1, char 31: unterminated `s' command

Anast@DESKTOP-O7KM5A5 /cygdrive/c/David/FHTW-2025-All_-_move_2024_get_new/new_-_folder_for_not-yet-ready_new_imgs
$ grep -B 1 "PNG Gray Grayscale" conv_from_pdf_format_1748123944_2025-05-24T155904-0600.out | grep BnF | sed 's|_[0-9\{5\}[.][^.]\{2,5\}$||g;' | head
sed: -e expression #1, char 31: unterminated `s' command

Anast@DESKTOP-O7KM5A5 /cygdrive/c/David/FHTW-2025-All_-_move_2024_get_new/new_-_folder_for_not-yet-ready_new_imgs
$ grep -B 1 "PNG Gray Grayscale" conv_from_pdf_format_1748123944_2025-05-24T155904-0600.out | grep BnF | sed 's|_[0-9]\{5\}[.][^.]\{2,5\}$||g;' | head
BnF-BibArsenal_-_Ms-6039
BnF-BibArsenal_-_Ms-6039
BnF-BibArsenal_-_Ms-6039
BnF-BibArsenal_-_Ms-6039
BnF-BibArsenal_-_Ms-6039
BnF-BibArsenal_-_Ms-6039
BnF-BibArsenal_-_Ms-6039
BnF-BibArsenal_-_Ms-6039
BnF-BibArsenal_-_Ms-6039
BnF-BibArsenal_-_Ms-6039

Anast@DESKTOP-O7KM5A5 /cygdrive/c/David/FHTW-2025-All_-_move_2024_get_new/new_-_folder_for_not-yet-ready_new_imgs
$ grep -B 1 "PNG Gray Grayscale" conv_from_pdf_format_1748123944_2025-05-24T155904-0600.out | grep BnF | sed 's|_[0-9]\{5\}[.][^.]\{2,5\}$||g;' | sort | uniq | wc -l
9

Anast@DESKTOP-O7KM5A5 /cygdrive/c/David/FHTW-2025-All_-_move_2024_get_new/new_-_folder_for_not-yet-ready_new_imgs
$ grep -B 1 "PNG Gray Grayscale" conv_from_pdf_format_1748123944_2025-05-24T155904-0600.out | grep BnF | sed 's|_[0-9]\{5\}[.][^.]\{2,5\}$||g;' | sort | uniq
BnF-BibArsenal_-_Ms-6039
BnF_-_Ms-Fra-24308
BnF_-_Ms-Grec-338
BnF_-_Ms-Lat-17385
BnF_-_Ms-Lat-17551
BnF_-_Ms-Lat-18315
BnF_-_Ms-Lat-18417
BnF_-_Ms-Lat-18421
BnF_-_Ms-Lat-3085A

Anast@DESKTOP-O7KM5A5 /cygdrive/c/David/FHTW-2025-All_-_move_2024_get_new/new_-_folder_for_not-yet-ready_new_imgs
$ # I can put those in the directory manually, and that lets me check for stuff. To File Explorer.

Anast@DESKTOP-O7KM5A5 /cygdrive/c/David/FHTW-2025-All_-_move_2024_get_new/new_-_folder_for_not-yet-ready_new_imgs
$ find . -maxdepth 1 -type d
.
./converted_from_PDF
./converted_from_PDF_-_now_rename_png
./converted_from_PDF_-_now_to_jpeg
./converted_PDFs_-_origs
./french_municipality_downloads
./grayscale
./new_final-close_images_png_rgb_24
./new_to_convert_-_no_split_yet
./new_to_convert_encode_png
./new_to_convert_jpeg
./new_to_convert_PDF
./palette
./pdfs_screwup_01_1748214211_2025-05-25T170331-0600
./png_bak_from_PDFs

Anast@DESKTOP-O7KM5A5 /cygdrive/c/David/FHTW-2025-All_-_move_2024_get_new/new_-_folder_for_not-yet-ready_new_imgs
$ rm ./grayscale/
rm: cannot remove './grayscale/': Is a directory

Anast@DESKTOP-O7KM5A5 /cygdrive/c/David/FHTW-2025-All_-_move_2024_get_new/new_-_folder_for_not-yet-ready_new_imgs
$ find grayscale/
grayscale/

Anast@DESKTOP-O7KM5A5 /cygdrive/c/David/FHTW-2025-All_-_move_2024_get_new/new_-_folder_for_not-yet-ready_new_imgs
$ rm -r grayscale/

Anast@DESKTOP-O7KM5A5 /cygdrive/c/David/FHTW-2025-All_-_move_2024_get_new/new_-_folder_for_not-yet-ready_new_imgs
$ find palette/
palette/
palette/DigitaleLandesbibOberosterreich_-_Linz-AT-OOeLB-Hs-20_00001.png

Anast@DESKTOP-O7KM5A5 /cygdrive/c/David/FHTW-2025-All_-_move_2024_get_new/new_-_folder_for_not-yet-ready_new_imgs
$ mv palette/ converted_from_PDF_-_now_to_jpeg/

Anast@DESKTOP-O7KM5A5 /cygdrive/c/David/FHTW-2025-All_-_move_2024_get_new/new_-_folder_for_not-yet-ready_new_imgs
$ mkdir -p converted_from_PDF_-_now_to_jpeg/grayscale/

Anast@DESKTOP-O7KM5A5 /cygdrive/c/David/FHTW-2025-All_-_move_2024_get_new/new_-_folder_for_not-yet-ready_new_imgs
$ #  Note that I decided to keep all document images together (unless it would mess something up,

Anast@DESKTOP-O7KM5A5 /cygdrive/c/David/FHTW-2025-All_-_move_2024_get_new/new_-_folder_for_not-yet-ready_new_imgs
$ #+ and nothing messed something up. The first two of each BnF grayscale will be color due to

Anast@DESKTOP-O7KM5A5 /cygdrive/c/David/FHTW-2025-All_-_move_2024_get_new/new_-_folder_for_not-yet-ready_new_imgs
$ #+ the logo. The one with Palette can stay with its friends, too, since it can't get converted

Anast@DESKTOP-O7KM5A5 /cygdrive/c/David/FHTW-2025-All_-_move_2024_get_new/new_-_folder_for_not-yet-ready_new_imgs
$ #+ to sRGB until we convert it and its friends to JPEG with sRGB (I don't want to look up the

Anast@DESKTOP-O7KM5A5 /cygdrive/c/David/FHTW-2025-All_-_move_2024_get_new/new_-_folder_for_not-yet-ready_new_imgs
$ #+ command for doing it and keeping it PNG; not worth the time, Q&R.)

Anast@DESKTOP-O7KM5A5 /cygdrive/c/David/FHTW-2025-All_-_move_2024_get_new/new_-_folder_for_not-yet-ready_new_imgs
$ #  Now that I think of it, I think the same command is used whether the image is grayscale or

Anast@DESKTOP-O7KM5A5 /cygdrive/c/David/FHTW-2025-All_-_move_2024_get_new/new_-_folder_for_not-yet-ready_new_imgs
$ #+ color, so this splitting is unnecessary. Oh well, I've done it now.

Anast@DESKTOP-O7KM5A5 /cygdrive/c/David/FHTW-2025-All_-_move_2024_get_new/new_-_folder_for_not-yet-ready_new_imgs
$

Anast@DESKTOP-O7KM5A5 /cygdrive/c/David/FHTW-2025-All_-_move_2024_get_new/new_-_folder_for_not-yet-ready_new_imgs
$

Anast@DESKTOP-O7KM5A5 /cygdrive/c/David/FHTW-2025-All_-_move_2024_get_new/new_-_folder_for_not-yet-ready_new_imgs
$

Anast@DESKTOP-O7KM5A5 /cygdrive/c/David/FHTW-2025-All_-_move_2024_get_new/new_-_folder_for_not-yet-ready_new_imgs
$

Anast@DESKTOP-O7KM5A5 /cygdrive/c/David/FHTW-2025-All_-_move_2024_get_new/new_-_folder_for_not-yet-ready_new_imgs
$ cd converted_from_PDF_-_now_to_jpeg/

Anast@DESKTOP-O7KM5A5 /cygdrive/c/David/FHTW-2025-All_-_move_2024_get_new/new_-_folder_for_not-yet-ready_new_imgs/converted_from_PDF_-_now_to_jpeg
$ ls -lAH
total 3712
drwxrwx---+ 1 Anast Anast 0 May 26 18:50 color
drwxrwxr-x+ 1 Anast Anast 0 May 26 18:49 grayscale
drwxrwxr-x+ 1 Anast Anast 0 May 26 18:50 palette

Anast@DESKTOP-O7KM5A5 /cygdrive/c/David/FHTW-2025-All_-_move_2024_get_new/new_-_folder_for_not-yet-ready_new_imgs/converted_from_PDF_-_now_to_jpeg
$ find palette/
palette/

Anast@DESKTOP-O7KM5A5 /cygdrive/c/David/FHTW-2025-All_-_move_2024_get_new/new_-_folder_for_not-yet-ready_new_imgs/converted_from_PDF_-_now_to_jpeg
$ # empty

Anast@DESKTOP-O7KM5A5 /cygdrive/c/David/FHTW-2025-All_-_move_2024_get_new/new_-_folder_for_not-yet-ready_new_imgs/converted_from_PDF_-_now_to_jpeg
$ cd grayscale/

Anast@DESKTOP-O7KM5A5 /cygdrive/c/David/FHTW-2025-All_-_move_2024_get_new/new_-_folder_for_not-yet-ready_new_imgs/converted_from_PDF_-_now_to_jpeg/grayscale
$ type ttdate
ttdate is aliased to `date +'%s_%Y-%m-%dT%H%M%S%z''

Anast@DESKTOP-O7KM5A5 /cygdrive/c/David/FHTW-2025-All_-_move_2024_get_new/new_-_folder_for_not-yet-ready_new_imgs/converted_from_PDF_-_now_to_jpeg/grayscale
$ ttdate && identify -format "\n\n%f\n%[magick] %[colorspace] %[type] %[extension] %[bit-depth] %[channels]\n" *.png > grayscale_formats_for_batch_$(ttdate)^C

Anast@DESKTOP-O7KM5A5 /cygdrive/c/David/FHTW-2025-All_-_move_2024_get_new/new_-_folder_for_not-yet-ready_new_imgs/converted_from_PDF_-_now_to_jpeg/grayscale
$ ^C

Anast@DESKTOP-O7KM5A5 /cygdrive/c/David/FHTW-2025-All_-_move_2024_get_new/new_-_folder_for_not-yet-ready_new_imgs/converted_from_PDF_-_now_to_jpeg/grayscale
$ ts_batch=$(ttdate)

Anast@DESKTOP-O7KM5A5 /cygdrive/c/David/FHTW-2025-All_-_move_2024_get_new/new_-_folder_for_not-yet-ready_new_imgs/converted_from_PDF_-_now_to_jpeg/grayscale
$ echo "Grayscale" && ttdate && identify -format "\n\n%f\n%[magick] %[colorspace] %[type] %[extension] %[bit-depth] %[channels]\n" *.png > grayscale_formats_for_batch_${ts}.out && ttdate && echo "--------------------------------------------" && cd ../color/ && echo "Color" && ttdate && identify -format "\n\n%f\n%[magick] %[colorspace] %[type] %[extension] %[bit-depth] %[channels]\n" *.png > color_formats_for_batch_${ts}.out && ttdate & cd ..
[1] 28989
Grayscale

Anast@DESKTOP-O7KM5A5 /cygdrive/c/David/FHTW-2025-All_-_move_2024_get_new/new_-_folder_for_not-yet-ready_new_imgs/converted_from_PDF_-_now_to_jpeg
$ 1748307451_2025-05-26T185731-0600
^C

Anast@DESKTOP-O7KM5A5 /cygdrive/c/David/FHTW-2025-All_-_move_2024_get_new/new_-_folder_for_not-yet-ready_new_imgs/converted_from_PDF_-_now_to_jpeg
$ ^C

Anast@DESKTOP-O7KM5A5 /cygdrive/c/David/FHTW-2025-All_-_move_2024_get_new/new_-_folder_for_not-yet-ready_new_imgs/converted_from_PDF_-_now_to_jpeg
$ #echo "Grayscale" && ttdate && identify -format "\n\n%f\n%[magick] %[colorspace] %[type] %[extension] %[bit-depth] %[channels]\n" *.png > grayscale_formats_for_batch_${ts}.out && ttdate && echo "--------------------------------------------" && cd ../color/ && echo "Color" && ttdate && identify -format "\n\n%f\n%[magick] %[colorspace] %[type] %[extension] %[bit-depth] %[channels]\n" *.png > color_formats_for_batch_${ts}.out && ttdate && cd ..

Anast@DESKTOP-O7KM5A5 /cygdrive/c/David/FHTW-2025-All_-_move_2024_get_new/new_-_folder_for_not-yet-ready_new_imgs/converted_from_PDF_-_now_to_jpeg
$ ps
      PID    PPID    PGID     WINPID   TTY         UID    STIME COMMAND
      906       1     906      21108  ?         197609   May 22 /usr/bin/mintty
     1381       1    1381       5932  ?         197609   May 24 /usr/bin/mintty
    28989     907   28989      22568  pty1      197609 18:57:31 /usr/bin/bash
    16851   16850   16851      25412  pty2      197609   May 24 /usr/bin/bash
    28991   28989   28989      20936  pty1      197609 18:57:31 /usr/bin/magick
    16850       1   16850       2084  ?         197609   May 24 /usr/bin/mintty
      907     906     907      10104  pty1      197609   May 22 /usr/bin/bash
    28992     907   28992      16312  pty1      197609 18:57:59 /usr/bin/ps
     1382    1381    1382       7216  pty0      197609   May 24 /usr/bin/bash

Anast@DESKTOP-O7KM5A5 /cygdrive/c/David/FHTW-2025-All_-_move_2024_get_new/new_-_folder_for_not-yet-ready_new_imgs/converted_from_PDF_-_now_to_jpeg
$ kill -9 28991

Anast@DESKTOP-O7KM5A5 /cygdrive/c/David/FHTW-2025-All_-_move_2024_get_new/new_-_folder_for_not-yet-ready_new_imgs/converted_from_PDF_-_now_to_jpeg
$ -bash: line 791: 28991 Killed                  identify -format "\n\n%f\n%[magick] %[colorspace] %[type] %[extension] %[bit-depth] %[channels]\n" *.png > grayscale_formats_for_batch_${ts}.out

[1]+  Exit 137                echo "Grayscale" && date +'%s_%Y-%m-%dT%H%M%S%z' && identify -format "\n\n%f\n%[magick] %[colorspace] %[type] %[extension] %[bit-depth] %[channels]\n" *.png > grayscale_formats_for_batch_${ts}.out && date +'%s_%Y-%m-%dT%H%M%S%z' && echo "--------------------------------------------" && cd ../color/ && echo "Color" && date +'%s_%Y-%m-%dT%H%M%S%z' && identify -format "\n\n%f\n%[magick] %[colorspace] %[type] %[extension] %[bit-depth] %[channels]\n" *.png > color_formats_for_batch_${ts}.out && date +'%s_%Y-%m-%dT%H%M%S%z'  (wd: /cygdrive/c/David/FHTW-2025-All_-_move_2024_get_new/new_-_folder_for_not-yet-ready_new_imgs/converted_from_PDF_-_now_to_jpeg/grayscale)
(wd now: /cygdrive/c/David/FHTW-2025-All_-_move_2024_get_new/new_-_folder_for_not-yet-ready_new_imgs/converted_from_PDF_-_now_to_jpeg)

Anast@DESKTOP-O7KM5A5 /cygdrive/c/David/FHTW-2025-All_-_move_2024_get_new/new_-_folder_for_not-yet-ready_new_imgs/converted_from_PDF_-_now_to_jpeg
$ ps
      PID    PPID    PGID     WINPID   TTY         UID    STIME COMMAND
      906       1     906      21108  ?         197609   May 22 /usr/bin/mintty
    28993     907   28993      24272  pty1      197609 18:58:20 /usr/bin/ps
     1381       1    1381       5932  ?         197609   May 24 /usr/bin/mintty
    16851   16850   16851      25412  pty2      197609   May 24 /usr/bin/bash
    16850       1   16850       2084  ?         197609   May 24 /usr/bin/mintty
      907     906     907      10104  pty1      197609   May 22 /usr/bin/bash
     1382    1381    1382       7216  pty0      197609   May 24 /usr/bin/bash

Anast@DESKTOP-O7KM5A5 /cygdrive/c/David/FHTW-2025-All_-_move_2024_get_new/new_-_folder_for_not-yet-ready_new_imgs/converted_from_PDF_-_now_to_jpeg
$

Anast@DESKTOP-O7KM5A5 /cygdrive/c/David/FHTW-2025-All_-_move_2024_get_new/new_-_folder_for_not-yet-ready_new_imgs/converted_from_PDF_-_now_to_jpeg
$ echo "Grayscale" && ttdate && identify -format "\n\n%f\n%[magick] %[colorspace] %[type] %[extension] %[bit-depth] %[channels]\n" *.png > grayscale_formats_for_batch_${ts}.out && ttdate && echo "--------------------------------------------" && cd ../color/ && echo "Color" && ttdate && identify -format "\n\n%f\n%[magick] %[colorspace] %[type] %[extension] %[bit-depth] %[channels]\n" *.png > color_formats_for_batch_${ts}.out && ttdate && cd ..
Grayscale
1748307540_2025-05-26T185900-0600
identify: unable to open image '*.png': No such file or directory @ error/blob.c/OpenBlob/3537.

Anast@DESKTOP-O7KM5A5 /cygdrive/c/David/FHTW-2025-All_-_move_2024_get_new/new_-_folder_for_not-yet-ready_new_imgs/converted_from_PDF_-_now_to_jpeg
$ checksituation && echo "Grayscale" && check && identify -format "\n\n%f\n%[magick] %[colorspace] %[type] %[extension] %[bit-depth] %[channels]\n" *.png > ../b2_grayscale_formats_for_batch_${ts}.out && ttdate && echo "--------------------------------------------" && cd ../color/ && echo "Color" && ttdate && identify -format "\n\n%f\n%[magick] %[colorspace] %[type] %[extension] %[bit-depth] %[channels]\n" *.png > ../b2_color_formats_for_batch_${ts}.out && ttdate && cd ..
check-regexp    checkXML        checkmail       checksituation
checkX          checkXML5       checkmk

Anast@DESKTOP-O7KM5A5 /cygdrive/c/David/FHTW-2025-All_-_move_2024_get_new/new_-_folder_for_not-yet-ready_new_imgs/converted_from_PDF_-_now_to_jpeg
$ echo "-------------------------------------" && checksituation && cd grayscale/ && echo "---------------------------------------------" && echo "Grayscale" && checksituation && identify -format "\n\n%f\n%[magick] %[colorspace] %[type] %[extension] %[bit-depth] %[channels]\n" *.png > ../b2_grayscale_formats_for_batch_${ts}.out && checksituation && echo "--------------------------------------------" && cd ../color/ && echo "Color" && checksituation && identify -format "\n\n%f\n%[magick] %[colorspace] %[type] %[extension] %[bit-depth] %[channels]\n" *.png > ../b2_color_formats_for_batch_${ts}.out && checksituation && cd .. && echo "----------------------------------------" && checksituation
-bash: syntax error near unexpected token `&&'

Anast@DESKTOP-O7KM5A5 /cygdrive/c/David/FHTW-2025-All_-_move_2024_get_new/new_-_folder_for_not-yet-ready_new_imgs/converted_from_PDF_-_now_to_jpeg
$ checksituation && identify -format "\n\n%f\n%[magick] %[colorspace] %[type] %[extension] %[bit-depth] %[channels]\n" *.png > b2_grayscale_formats_for_batch_${ts}.out && checksituation
-bash: syntax error near unexpected token `&&'

Anast@DESKTOP-O7KM5A5 /cygdrive/c/David/FHTW-2025-All_-_move_2024_get_new/new_-_folder_for_not-yet-ready_new_imgs/converted_from_PDF_-_now_to_jpeg
$ ttdate && identify -format "\n\n%f\n%[magick] %[colorspace] %[type] %[extension] %[bit-depth] %[channels]\n" *.png > b2_grayscale_formats_for_batch_${ts}.out && ttdate
1748307946_2025-05-26T190546-0600
identify: unable to open image '*.png': No such file or directory @ error/blob.c/OpenBlob/3537.

Anast@DESKTOP-O7KM5A5 /cygdrive/c/David/FHTW-2025-All_-_move_2024_get_new/new_-_folder_for_not-yet-ready_new_imgs/converted_from_PDF_-_now_to_jpeg
$ cd grayscale/

Anast@DESKTOP-O7KM5A5 /cygdrive/c/David/FHTW-2025-All_-_move_2024_get_new/new_-_folder_for_not-yet-ready_new_imgs/converted_from_PDF_-_now_to_jpeg/grayscale
$ ttdate && identify -format "\n\n%f\n%[magick] %[colorspace] %[type] %[extension] %[bit-depth] %[channels]\n" *.png > ../b2_grayscale_formats_for_batch_${ts}.out && ttdate
1748307979_2025-05-26T190619-0600



###############
##############
# The one above is line 1077 in the big history below
##############
###############














##############
############################
##############
##############
##############
##############
##############
##############
##############
##############
##############
##############
##############
##############
##############
##############
##############
############################
##############
##############
##############
##############
##############













##############
##############
##############
##############
##############
##############
##############
##############
##############








##############
##############
##############
##############
##############
############################
##############
##############
##############
##############
##############
##############
##############
##############
##############
##############
############################
##############
##############
######################################################################
##############
##############
##############
##############
##############



##################
##################
# The one below is 1133 in the big history below
# ... right after the one that obviously filled a
# lot of lines in the terminal.
#################
#####################

Anast@DESKTOP-O7KM5A5 /cygdrive/c/David/FHTW-2025-All_-_move_2024_get_new/new_-_folder_for_not-yet-ready_new_imgs/converted_from_PDF_-_now_to_jpeg/color
$ find . -type f -iname "*.jpg" | awk -F'/' '{print $NF}' | sed 's#_[0-9]\{5\}[.]jpg$##g' | sort | uniq
BnF-BibArsenal_-_Candide_Ms-3160
BnF-BibArsenal_-_Ms-8407
BnF-BibArsenal_-_Ms-87
BnF_-_Ms-Grec-2467
BnF_-_Ms-Heb-187
BnF_-_Ms-Lat-17742
BnF_-_Ms-Lat-18420
BnF_-_Ms-Lat-18553
BnF_-_Ms-Lat-18554
BnF_-_Ms-Supplmnt-Grec-1027
DigitaleLandesbibOberosterreich_-_Linz-AT-OOeLB-Hs-20
England-Bodl-Christ-Church_-_MS-95
England-Bodl_-_BodlLib_MS-Canon-Misc-575
England-Bodl_-_BodlLib_MS-Duke-Humfrey-c-1
England-Bodl_-_BodlLib_MS-Hamilton-45
England-Bodl_-_BodlLib_MS-Hamilton-9
England-Bodl_-_BodlLib_MS-Lat-th-d-18
France-BibMunMetz_-_Ms-12324
HLSbibFulda_-_Victor-Codex-100-Bonifatianus-1
StaatsbibBamberg_-_Msc-Patr-5
UniversiteitLeiden_-_LibriMissalis_fragmentaBPL25_-_LowerResolution

Anast@DESKTOP-O7KM5A5 /cygdrive/c/David/FHTW-2025-All_-_move_2024_get_new/new_-_folder_for_not-yet-ready_new_imgs/converted_from_PDF_-_now_to_jpeg/color
$ find . -type f -iname "*.jpg" | awk -F'/' '{print $NF}' | sed 's#_[0-9]\{5\}[.]jpg$##g' | sort | uniq > doc_fnames_to_go_into_final_jpeg_$(ttdate).lst

Anast@DESKTOP-O7KM5A5 /cygdrive/c/David/FHTW-2025-All_-_move_2024_get_new/new_-_folder_for_not-yet-ready_new_imgs/converted_from_PDF_-_now_to_jpeg/color
$ while read -r line; do bare="${line}"; echo; echo "--------------------"; echo "${bare}"; echo "-----"; find /cygdrive/c/David/FHTW-2025-All_-_move_2024_get_new/new_final_jpeg_to_use/ -type f | grep "${bare}"; done < doc_fnames_to_go_into_final_jpeg_1748362509_2025-05-27T101509-0600.lst | head

--------------------
BnF-BibArsenal_-_Candide_Ms-3160
-----

--------------------
BnF-BibArsenal_-_Ms-8407
-----

--------------------

Anast@DESKTOP-O7KM5A5 /cygdrive/c/David/FHTW-2025-All_-_move_2024_get_new/new_-_folder_for_not-yet-ready_new_imgs/converted_from_PDF_-_now_to_jpeg/color
$ mv doc_fnames_to_go_into_final_jpeg_1748362509_2025-05-27T101509-0600.lst ../../

Anast@DESKTOP-O7KM5A5 /cygdrive/c/David/FHTW-2025-All_-_move_2024_get_new/new_-_folder_for_not-yet-ready_new_imgs/converted_from_PDF_-_now_to_jpeg/color
$ while read -r line; do bare="${line}"; echo; echo "--------------------"; echo "${bare}"; echo "-----"; find /cygdrive/c/David/FHTW-2025-All_-_move_2024_get_new/new_final_jpeg_to_use/ -type f | grep "${bare}"; done < doc_fnames_to_go_into_final_jpeg_1748362509_2025-05-27T101509-0600.lst > ../../any_existing_files_check_1748362509_2025-05-27T101509-0600.out
-bash: doc_fnames_to_go_into_final_jpeg_1748362509_2025-05-27T101509-0600.lst: No such file or directory

Anast@DESKTOP-O7KM5A5 /cygdrive/c/David/FHTW-2025-All_-_move_2024_get_new/new_-_folder_for_not-yet-ready_new_imgs/converted_from_PDF_-_now_to_jpeg/color
$ while read -r line; do bare="${line}"; echo; echo "--------------------"; echo "${bare}"; echo "-----"; find /cygdrive/c/David/FHTW-2025-All_-_move_2024_get_new/new_final_jpeg_to_use/ -type f | grep "${bare}"; done < ../../doc_fnames_to_go_into_final_jpeg_1748362509_2025-05-27T101509-0600.lst > ../../any_existing_files_check_1748362509_2025-05-27T101509-0600.out

Anast@DESKTOP-O7KM5A5 /cygdrive/c/David/FHTW-2025-All_-_move_2024_get_new/new_-_folder_for_not-yet-ready_new_imgs/converted_from_PDF_-_now_to_jpeg/color
$ vim ../../any_existing_files_check_1748362509_2025-05-27T101509-0600.out

Anast@DESKTOP-O7KM5A5 /cygdrive/c/David/FHTW-2025-All_-_move_2024_get_new/new_-_folder_for_not-yet-ready_new_imgs/converted_from_PDF_-_now_to_jpeg/color
$ while read -r line; do bare="${line}"; echo; echo "--------------------"; echo "${bare}"; echo "-----"; find /cygdrive/c/David/FHTW-2025-All_-_move_2024_get_new/new_final_jpeg_to_use/ -type d | grep "${bare}"; done < ../../doc_fnames_to_go_into_final_jpeg_1748362509_2025-05-27T101509-0600.lst > ../../any_existing_dirs_check_1748362509_2025-05-27T101509-0600.out

Anast@DESKTOP-O7KM5A5 /cygdrive/c/David/FHTW-2025-All_-_move_2024_get_new/new_-_folder_for_not-yet-ready_new_imgs/converted_from_PDF_-_now_to_jpeg/color
$ vim ../../any_existing_dirs_check_1748362509_2025-05-27T101509-0600.out

Anast@DESKTOP-O7KM5A5 /cygdrive/c/David/FHTW-2025-All_-_move_2024_get_new/new_-_folder_for_not-yet-ready_new_imgs/converted_from_PDF_-_now_to_jpeg/color
$ #  No existing files or dirs with the bare names above;

Anast@DESKTOP-O7KM5A5 /cygdrive/c/David/FHTW-2025-All_-_move_2024_get_new/new_-_folder_for_not-yet-ready_new_imgs/converted_from_PDF_-_now_to_jpeg/color
$ #+ time to start moving.

Anast@DESKTOP-O7KM5A5 /cygdrive/c/David/FHTW-2025-All_-_move_2024_get_new/new_-_folder_for_not-yet-ready_new_imgs/converted_from_PDF_-_now_to_jpeg/color
$ meta_jpg_fname="moving_jpegs_1748362509_2025-05-27T101509-0600.sh"; >"${meta_jpeg_fname}"; while read -r line; do bare="${line}"; meta_jpg_fname="moving_jpegs_1748362509_2025-05-27T101509-0600.sh"; echo >> "${meta_jpeg_fname}"; dir2be="/cygdrive/c/David/FHTW-2025-All_-_move_2024_get_new/new_final_jpeg_to_use/${bare}/"; echo "echo \"  Creating directory \\\"${dir2be}\\\"" >> "${meta_jpeg_fname}"; echo "mkdir -p \"${dir2be}\" \&\& echo \"      ... success creating dir\" \|\| echo \"      ... FAILURE creating dir\"; echo "echo \" Now moving JPEG files\""; echo "mv \"./${}*.jpg\" \"${dir2be}\" \&\& echo \"      ... success moving JPEGs\" \|\| echo \"      ... FAILURE moving JPEGs\""; done < ../../doc_fnames_to_go_into_final_jpeg_1748362509_2025-05-27T101509-0600.lst | head -n 50
> ^C

Anast@DESKTOP-O7KM5A5 /cygdrive/c/David/FHTW-2025-All_-_move_2024_get_new/new_-_folder_for_not-yet-ready_new_imgs/converted_from_PDF_-_now_to_jpeg/color
$ meta_jpg_fname="moving_jpegs_1748362509_2025-05-27T101509-0600.sh"; \
>"${meta_jpeg_fname}"; \
while read -r line; do \
  bare="${line}"; \
  meta_jpg_fname="moving_jpegs_1748362509_2025-05-27T101509-0600.sh";
  echo >> "${meta_jpeg_fname}";
  dir2be=\
"/cygdrive/c/David/FHTW-2025-All_-_move_2024_get_new/"\
"new_final_jpeg_to_use/${bare}/"; \
  echo "echo \" Creating directory \\\"${dir2be}\\\"\"" >> \
    "${meta_jpeg_fname}";
  echo "mkdir -p \"${dir2be}\" "\
"\&\& echo \"      ... success creating dir\" "\
"\|\| echo \"      ... FAILURE creating dir\""; \
  echo "echo \" Now moving JPEG files\"";
  echo "mv \"./${}*.jpg\" \"${dir2be}\" "\
"\&\& echo \"      ... success moving JPEGs\" "\
"\|\| echo \"      ... FAILURE moving JPEGs\"";
done < ../../doc_fnames_to_go_into_final_jpeg_1748362509_2025-05-27T101509-0600.lst \
  | head -n 50
-bash: : No such file or directory
-bash: : No such file or directory
-bash: : No such file or directory
-bash: mv "./${}*.jpg" "${dir2be}" : bad substitution
mkdir -p "/cygdrive/c/David/FHTW-2025-All_-_move_2024_get_new/new_final_jpeg_to_use/BnF-BibArsenal_-_Candide_Ms-3160/" \&\& echo "      ... success creating dir" \|\| echo "      ... FAILURE creating dir"
echo " Now moving JPEG files"

Anast@DESKTOP-O7KM5A5 /cygdrive/c/David/FHTW-2025-All_-_move_2024_get_new/new_-_folder_for_not-yet-ready_new_imgs/converted_from_PDF_-_now_to_jpeg/color
$ meta_jpg_fname="moving_jpegs_1748362509_2025-05-27T101509-0600.sh"; \
touch "${meta_jpeg_fname}"; >"${meta_jpeg_fname}"; \
while read -r line; do \
  bare="${line}"; \
  meta_jpg_fname="moving_jpegs_1748362509_2025-05-27T101509-0600.sh";
  echo >> "${meta_jpeg_fname}";
  dir2be=\
"/cygdrive/c/David/FHTW-2025-All_-_move_2024_get_new/"\
"new_final_jpeg_to_use/${bare}/"; \
  echo "echo \" Creating directory \\\"${dir2be}\\\"\"" >> \
    "${meta_jpeg_fname}";
  echo "mkdir -p \"${dir2be}\" "\
"&& echo \"      ... success creating dir\" "\
"|| echo \"      ... FAILURE creating dir\""; \
  echo "echo \" Now moving JPEG files\"";
  echo "mv \"./${bare}*.jpg\" \"${dir2be}\" "\
"&& echo \"      ... success moving JPEGs\" "\
"|| echo \"      ... FAILURE moving JPEGs\"";
done < ../../doc_fnames_to_go_into_final_jpeg_1748362509_2025-05-27T101509-0600.lst \
  | head -n 50
touch: cannot touch '': No such file or directory
-bash: : No such file or directory
-bash: : No such file or directory
-bash: : No such file or directory
-bash: : No such file or directory
-bash: : No such file or directory
-bash: : No such file or directory
-bash: : No such file or directory
-bash: : No such file or directory
-bash: : No such file or directory
-bash: : No such file or directory
-bash: : No such file or directory
-bash: : No such file or directory
-bash: : No such file or directory
-bash: : No such file or directory
-bash: : No such file or directory
-bash: : No such file or directory
-bash: : No such file or directory
-bash: : No such file or directory
-bash: : No such file or directory
-bash: : No such file or directory
-bash: : No such file or directory
-bash: : No such file or directory
-bash: : No such file or directory
-bash: : No such file or directory
-bash: : No such file or directory
-bash: : No such file or directory
-bash: : No such file or directory
-bash: : No such file or directory
-bash: : No such file or directory
-bash: : No such file or directory
-bash: : No such file or directory
-bash: : No such file or directory
-bash: : No such file or directory
-bash: : No such file or directory
-bash: : No such file or directory
-bash: : No such file or directory
-bash: : No such file or directory
-bash: : No such file or directory
-bash: : No such file or directory
-bash: : No such file or directory
-bash: : No such file or directory
-bash: : No such file or directory
-bash: : No such file or directory
mkdir -p "/cygdrive/c/David/FHTW-2025-All_-_move_2024_get_new/new_final_jpeg_to_use/BnF-BibArsenal_-_Candide_Ms-3160/" && echo "      ... success creating dir" || echo "      ... FAILURE creating dir"
echo " Now moving JPEG files"
mv "./BnF-BibArsenal_-_Candide_Ms-3160*.jpg" "/cygdrive/c/David/FHTW-2025-All_-_move_2024_get_new/new_final_jpeg_to_use/BnF-BibArsenal_-_Candide_Ms-3160/" && echo "      ... success moving JPEGs" || echo "      ... FAILURE moving JPEGs"
mkdir -p "/cygdrive/c/David/FHTW-2025-All_-_move_2024_get_new/new_final_jpeg_to_use/BnF-BibArsenal_-_Ms-8407/" && echo "      ... success creating dir" || echo "      ... FAILURE creating dir"
echo " Now moving JPEG files"
mv "./BnF-BibArsenal_-_Ms-8407*.jpg" "/cygdrive/c/David/FHTW-2025-All_-_move_2024_get_new/new_final_jpeg_to_use/BnF-BibArsenal_-_Ms-8407/" && echo "      ... success moving JPEGs" || echo "      ... FAILURE moving JPEGs"
mkdir -p "/cygdrive/c/David/FHTW-2025-All_-_move_2024_get_new/new_final_jpeg_to_use/BnF-BibArsenal_-_Ms-87/" && echo "      ... success creating dir" || echo "      ... FAILURE creating dir"
echo " Now moving JPEG files"
mv "./BnF-BibArsenal_-_Ms-87*.jpg" "/cygdrive/c/David/FHTW-2025-All_-_move_2024_get_new/new_final_jpeg_to_use/BnF-BibArsenal_-_Ms-87/" && echo "      ... success moving JPEGs" || echo "      ... FAILURE moving JPEGs"
mkdir -p "/cygdrive/c/David/FHTW-2025-All_-_move_2024_get_new/new_final_jpeg_to_use/BnF_-_Ms-Grec-2467/" && echo "      ... success creating dir" || echo "      ... FAILURE creating dir"
echo " Now moving JPEG files"
mv "./BnF_-_Ms-Grec-2467*.jpg" "/cygdrive/c/David/FHTW-2025-All_-_move_2024_get_new/new_final_jpeg_to_use/BnF_-_Ms-Grec-2467/" && echo "      ... success moving JPEGs" || echo "      ... FAILURE moving JPEGs"
mkdir -p "/cygdrive/c/David/FHTW-2025-All_-_move_2024_get_new/new_final_jpeg_to_use/BnF_-_Ms-Heb-187/" && echo "      ... success creating dir" || echo "      ... FAILURE creating dir"
echo " Now moving JPEG files"
mv "./BnF_-_Ms-Heb-187*.jpg" "/cygdrive/c/David/FHTW-2025-All_-_move_2024_get_new/new_final_jpeg_to_use/BnF_-_Ms-Heb-187/" && echo "      ... success moving JPEGs" || echo "      ... FAILURE moving JPEGs"
mkdir -p "/cygdrive/c/David/FHTW-2025-All_-_move_2024_get_new/new_final_jpeg_to_use/BnF_-_Ms-Lat-17742/" && echo "      ... success creating dir" || echo "      ... FAILURE creating dir"
echo " Now moving JPEG files"
mv "./BnF_-_Ms-Lat-17742*.jpg" "/cygdrive/c/David/FHTW-2025-All_-_move_2024_get_new/new_final_jpeg_to_use/BnF_-_Ms-Lat-17742/" && echo "      ... success moving JPEGs" || echo "      ... FAILURE moving JPEGs"
mkdir -p "/cygdrive/c/David/FHTW-2025-All_-_move_2024_get_new/new_final_jpeg_to_use/BnF_-_Ms-Lat-18420/" && echo "      ... success creating dir" || echo "      ... FAILURE creating dir"
echo " Now moving JPEG files"
mv "./BnF_-_Ms-Lat-18420*.jpg" "/cygdrive/c/David/FHTW-2025-All_-_move_2024_get_new/new_final_jpeg_to_use/BnF_-_Ms-Lat-18420/" && echo "      ... success moving JPEGs" || echo "      ... FAILURE moving JPEGs"
mkdir -p "/cygdrive/c/David/FHTW-2025-All_-_move_2024_get_new/new_final_jpeg_to_use/BnF_-_Ms-Lat-18553/" && echo "      ... success creating dir" || echo "      ... FAILURE creating dir"
echo " Now moving JPEG files"
mv "./BnF_-_Ms-Lat-18553*.jpg" "/cygdrive/c/David/FHTW-2025-All_-_move_2024_get_new/new_final_jpeg_to_use/BnF_-_Ms-Lat-18553/" && echo "      ... success moving JPEGs" || echo "      ... FAILURE moving JPEGs"
mkdir -p "/cygdrive/c/David/FHTW-2025-All_-_move_2024_get_new/new_final_jpeg_to_use/BnF_-_Ms-Lat-18554/" && echo "      ... success creating dir" || echo "      ... FAILURE creating dir"
echo " Now moving JPEG files"
mv "./BnF_-_Ms-Lat-18554*.jpg" "/cygdrive/c/David/FHTW-2025-All_-_move_2024_get_new/new_final_jpeg_to_use/BnF_-_Ms-Lat-18554/" && echo "      ... success moving JPEGs" || echo "      ... FAILURE moving JPEGs"
mkdir -p "/cygdrive/c/David/FHTW-2025-All_-_move_2024_get_new/new_final_jpeg_to_use/BnF_-_Ms-Supplmnt-Grec-1027/" && echo "      ... success creating dir" || echo "      ... FAILURE creating dir"
echo " Now moving JPEG files"
mv "./BnF_-_Ms-Supplmnt-Grec-1027*.jpg" "/cygdrive/c/David/FHTW-2025-All_-_move_2024_get_new/new_final_jpeg_to_use/BnF_-_Ms-Supplmnt-Grec-1027/" && echo "      ... success moving JPEGs" || echo "      ... FAILURE moving JPEGs"
mkdir -p "/cygdrive/c/David/FHTW-2025-All_-_move_2024_get_new/new_final_jpeg_to_use/DigitaleLandesbibOberosterreich_-_Linz-AT-OOeLB-Hs-20/" && echo "      ... success creating dir" || echo "      ... FAILURE creating dir"
echo " Now moving JPEG files"
mv "./DigitaleLandesbibOberosterreich_-_Linz-AT-OOeLB-Hs-20*.jpg" "/cygdrive/c/David/FHTW-2025-All_-_move_2024_get_new/new_final_jpeg_to_use/DigitaleLandesbibOberosterreich_-_Linz-AT-OOeLB-Hs-20/" && echo "      ... success moving JPEGs" || echo "      ... FAILURE moving JPEGs"
mkdir -p "/cygdrive/c/David/FHTW-2025-All_-_move_2024_get_new/new_final_jpeg_to_use/England-Bodl-Christ-Church_-_MS-95/" && echo "      ... success creating dir" || echo "      ... FAILURE creating dir"
echo " Now moving JPEG files"
mv "./England-Bodl-Christ-Church_-_MS-95*.jpg" "/cygdrive/c/David/FHTW-2025-All_-_move_2024_get_new/new_final_jpeg_to_use/England-Bodl-Christ-Church_-_MS-95/" && echo "      ... success moving JPEGs" || echo "      ... FAILURE moving JPEGs"
mkdir -p "/cygdrive/c/David/FHTW-2025-All_-_move_2024_get_new/new_final_jpeg_to_use/England-Bodl_-_BodlLib_MS-Canon-Misc-575/" && echo "      ... success creating dir" || echo "      ... FAILURE creating dir"
echo " Now moving JPEG files"
mv "./England-Bodl_-_BodlLib_MS-Canon-Misc-575*.jpg" "/cygdrive/c/David/FHTW-2025-All_-_move_2024_get_new/new_final_jpeg_to_use/England-Bodl_-_BodlLib_MS-Canon-Misc-575/" && echo "      ... success moving JPEGs" || echo "      ... FAILURE moving JPEGs"
mkdir -p "/cygdrive/c/David/FHTW-2025-All_-_move_2024_get_new/new_final_jpeg_to_use/England-Bodl_-_BodlLib_MS-Duke-Humfrey-c-1/" && echo "      ... success creating dir" || echo "      ... FAILURE creating dir"
echo " Now moving JPEG files"
mv "./England-Bodl_-_BodlLib_MS-Duke-Humfrey-c-1*.jpg" "/cygdrive/c/David/FHTW-2025-All_-_move_2024_get_new/new_final_jpeg_to_use/England-Bodl_-_BodlLib_MS-Duke-Humfrey-c-1/" && echo "      ... success moving JPEGs" || echo "      ... FAILURE moving JPEGs"
mkdir -p "/cygdrive/c/David/FHTW-2025-All_-_move_2024_get_new/new_final_jpeg_to_use/England-Bodl_-_BodlLib_MS-Hamilton-45/" && echo "      ... success creating dir" || echo "      ... FAILURE creating dir"
echo " Now moving JPEG files"
mv "./England-Bodl_-_BodlLib_MS-Hamilton-45*.jpg" "/cygdrive/c/David/FHTW-2025-All_-_move_2024_get_new/new_final_jpeg_to_use/England-Bodl_-_BodlLib_MS-Hamilton-45/" && echo "      ... success moving JPEGs" || echo "      ... FAILURE moving JPEGs"
mkdir -p "/cygdrive/c/David/FHTW-2025-All_-_move_2024_get_new/new_final_jpeg_to_use/England-Bodl_-_BodlLib_MS-Hamilton-9/" && echo "      ... success creating dir" || echo "      ... FAILURE creating dir"
echo " Now moving JPEG files"
mv "./England-Bodl_-_BodlLib_MS-Hamilton-9*.jpg" "/cygdrive/c/David/FHTW-2025-All_-_move_2024_get_new/new_final_jpeg_to_use/England-Bodl_-_BodlLib_MS-Hamilton-9/" && echo "      ... success moving JPEGs" || echo "      ... FAILURE moving JPEGs"
mkdir -p "/cygdrive/c/David/FHTW-2025-All_-_move_2024_get_new/new_final_jpeg_to_use/England-Bodl_-_BodlLib_MS-Lat-th-d-18/" && echo "      ... success creating dir" || echo "      ... FAILURE creating dir"
echo " Now moving JPEG files"

Anast@DESKTOP-O7KM5A5 /cygdrive/c/David/FHTW-2025-All_-_move_2024_get_new/new_-_folder_for_not-yet-ready_new_imgs/converted_from_PDF_-_now_to_jpeg/color
$

Anast@DESKTOP-O7KM5A5 /cygdrive/c/David/FHTW-2025-All_-_move_2024_get_new/new_-_folder_for_not-yet-ready_new_imgs/converted_from_PDF_-_now_to_jpeg/color
$

Anast@DESKTOP-O7KM5A5 /cygdrive/c/David/FHTW-2025-All_-_move_2024_get_new/new_-_folder_for_not-yet-ready_new_imgs/converted_from_PDF_-_now_to_jpeg/color
$

Anast@DESKTOP-O7KM5A5 /cygdrive/c/David/FHTW-2025-All_-_move_2024_get_new/new_-_folder_for_not-yet-ready_new_imgs/converted_from_PDF_-_now_to_jpeg/color
$

Anast@DESKTOP-O7KM5A5 /cygdrive/c/David/FHTW-2025-All_-_move_2024_get_new/new_-_folder_for_not-yet-ready_new_imgs/converted_from_PDF_-_now_to_jpeg/color
$

Anast@DESKTOP-O7KM5A5 /cygdrive/c/David/FHTW-2025-All_-_move_2024_get_new/new_-_folder_for_not-yet-ready_new_imgs/converted_from_PDF_-_now_to_jpeg/color
$ meta_jpeg_fname="moving_jpegs_1748362509_2025-05-27T101509-0600.sh"; \
touch "${meta_jpeg_fname}"; >"${meta_jpeg_fname}"; \
while read -r line; do \
  bare="${line}"; \
  meta_jpeg_fname="moving_jpegs_1748362509_2025-05-27T101509-0600.sh";
  echo >> "${meta_jpeg_fname}";
  dir2be=\
"/cygdrive/c/David/FHTW-2025-All_-_move_2024_get_new/"\
"new_final_jpeg_to_use/${bare}/"; \
  echo "echo \" Creating directory \\\"${dir2be}\\\"\"" >> \
    "${meta_jpeg_fname}";
  echo "mkdir -p \"${dir2be}\" "\
"&& echo \"      ... success creating dir\" "\
"|| echo \"      ... FAILURE creating dir\"" >> \
    "${meta_jpeg_fname}"; \
  echo "echo \" Now moving JPEG files\"" >> \
    "${meta_jpeg_fname}"; \
  echo "mv \"./${bare}*.jpg\" \"${dir2be}\" "\
"&& echo \"      ... success moving JPEGs\" "\
"|| echo \"      ... FAILURE moving JPEGs\"" >> \
    "${meta_jpeg_fname}";
done < ../../doc_fnames_to_go_into_final_jpeg_1748362509_2025-05-27T101509-0600.lst \
  | head -n 50
-bash:  : command not found
-bash:  : command not found
-bash:  : command not found
-bash:  : command not found
-bash:  : command not found
-bash:  : command not found
-bash:  : command not found
-bash:  : command not found
-bash:  : command not found
-bash:  : command not found
-bash:  : command not found
-bash:  : command not found
-bash:  : command not found
-bash:  : command not found
-bash:  : command not found
-bash:  : command not found
-bash:  : command not found
-bash:  : command not found
-bash:  : command not found
-bash:  : command not found
-bash:  : command not found

Anast@DESKTOP-O7KM5A5 /cygdrive/c/David/FHTW-2025-All_-_move_2024_get_new/new_-_folder_for_not-yet-ready_new_imgs/converted_from_PDF_-_now_to_jpeg/color
$ meta_jpeg_fname="moving_jpegs_1748362509_2025-05-27T101509-0600.sh"; touch "${meta_jpeg_fname}"; >"${meta_jpeg_fname}"; while read -r line; do   bare="${line}";   meta_jpeg_fname="moving_jpegs_1748362509_2025-05-27T101509-0600.sh";    echo >> "${meta_jpeg_fname}";   dir2be="/cygdrive/c/David/FHTW-2025-All_-_move_2024_get_new/""new_final_jpeg_to_use/${bare}/";   echo "echo \" Creating directory \\\"${dir2be}\\\"\"" >>     "${meta_jpeg_fname}";    echo "mkdir -p \"${dir2be}\" ""&& echo \"      ... success creating dir\" ""|| echo \"      ... FAILURE creating dir\"" >>     "${meta_jpeg_fname}";   echo "echo \" Now moving JPEG files\"" >>     "${meta_jpeg_fname}"; \ ;   echo "mv \"./${bare}*.jpg\" \"${dir2be}\" ""&& echo \"      ... success moving JPEGs\" ""|| echo \"      ... ^CILURE moving JPEGs\"" >>     "${meta_jpeg_fname}";  done < ../../doc_fnames_to_go_into_final_jpeg_1748362509_2025-05-27T101509-0600.lst   | head -n 50

Anast@DESKTOP-O7KM5A5 /cygdrive/c/David/FHTW-2025-All_-_move_2024_get_new/new_-_folder_for_not-yet-ready_new_imgs/converted_from_PDF_-_now_to_jpeg/color
$ ^C

Anast@DESKTOP-O7KM5A5 /cygdrive/c/David/FHTW-2025-All_-_move_2024_get_new/new_-_folder_for_not-yet-ready_new_imgs/converted_from_PDF_-_now_to_jpeg/color
$ ^C

Anast@DESKTOP-O7KM5A5 /cygdrive/c/David/FHTW-2025-All_-_move_2024_get_new/new_-_folder_for_not-yet-ready_new_imgs/converted_from_PDF_-_now_to_jpeg/color
$ meta_jpeg_fname="moving_jpegs_1748362509_2025-05-27T101509-0600.sh"; \
touch "${meta_jpeg_fname}"; >"${meta_jpeg_fname}"; \
while read -r line; do \
  bare="${line}"; \
  meta_jpeg_fname="moving_jpegs_1748362509_2025-05-27T101509-0600.sh";
  echo;
  dir2be=\
"/cygdrive/c/David/FHTW-2025-All_-_move_2024_get_new/"\
"new_final_jpeg_to_use/${bare}/"; \
  echo "echo \" Creating directory \\\"${dir2be}\\\"\"";
  echo "mkdir -p \"${dir2be}\" "\
"&& echo \"      ... success creating dir\" "\
"|| echo \"      ... FAILURE creating dir\""; \
  echo "echo \" Now moving JPEG files.\"" \
  echo "mv \"./${bare}*.jpg\" \"${dir2be}\" "\
"&& echo \"      ... success moving JPEGs\" "\
"|| echo \"      ... FAILURE moving JPEGs\"" \
done < ../../doc_fnames_to_go_into_final_jpeg_1748362509_2025-05-27T101509-0600.lst \
  | head -n 50
> ^C

Anast@DESKTOP-O7KM5A5 /cygdrive/c/David/FHTW-2025-All_-_move_2024_get_new/new_-_folder_for_not-yet-ready_new_imgs/converted_from_PDF_-_now_to_jpeg/color
$ ^C

Anast@DESKTOP-O7KM5A5 /cygdrive/c/David/FHTW-2025-All_-_move_2024_get_new/new_-_folder_for_not-yet-ready_new_imgs/converted_from_PDF_-_now_to_jpeg/color
$ ^C

Anast@DESKTOP-O7KM5A5 /cygdrive/c/David/FHTW-2025-All_-_move_2024_get_new/new_-_folder_for_not-yet-ready_new_imgs/converted_from_PDF_-_now_to_jpeg/color
$ ^C

Anast@DESKTOP-O7KM5A5 /cygdrive/c/David/FHTW-2025-All_-_move_2024_get_new/new_-_folder_for_not-yet-ready_new_imgs/converted_from_PDF_-_now_to_jpeg/color
$ meta_jpeg_fname="moving_jpegs_1748362509_2025-05-27T101509-0600.sh"; \
touch "${meta_jpeg_fname}"; >"${meta_jpeg_fname}"; \
while read -r line; do \
  bare="${line}"; \
  meta_jpeg_fname="moving_jpegs_1748362509_2025-05-27T101509-0600.sh";
  echo;
  dir2be=\
"/cygdrive/c/David/FHTW-2025-All_-_move_2024_get_new/"\
"new_final_jpeg_to_use/${bare}/"; \
  echo "echo \" Creating directory \\\"${dir2be}\\\"\""; \
  echo "mkdir -p \"${dir2be}\" "\
"&& echo \"      ... success creating dir\" "\
"|| echo \"      ... FAILURE creating dir\""; \
  echo "echo \" Now moving JPEG files.\"" \
  echo "mv \"./${bare}*.jpg\" \"${dir2be}\" "\
"&& echo \"      ... success moving JPEGs\" "\
"|| echo \"      ... FAILURE moving JPEGs\"" \
done < ../../doc_fnames_to_go_into_final_jpeg_1748362509_2025-05-27T101509-0600.lst \
  | head -n 50
> ^C

Anast@DESKTOP-O7KM5A5 /cygdrive/c/David/FHTW-2025-All_-_move_2024_get_new/new_-_folder_for_not-yet-ready_new_imgs/converted_from_PDF_-_now_to_jpeg/color
$ ^C

Anast@DESKTOP-O7KM5A5 /cygdrive/c/David/FHTW-2025-All_-_move_2024_get_new/new_-_folder_for_not-yet-ready_new_imgs/converted_from_PDF_-_now_to_jpeg/color
$ ^C

Anast@DESKTOP-O7KM5A5 /cygdrive/c/David/FHTW-2025-All_-_move_2024_get_new/new_-_folder_for_not-yet-ready_new_imgs/converted_from_PDF_-_now_to_jpeg/color
$ meta_jpeg_fname="moving_jpegs_1748362509_2025-05-27T101509-0600.sh"; \
touch "${meta_jpeg_fname}"; >"${meta_jpeg_fname}"; \
while read -r line; do \
  bare="${line}"; \
  meta_jpeg_fname="moving_jpegs_1748362509_2025-05-27T101509-0600.sh";
  echo;
  dir2be=\
"/cygdrive/c/David/FHTW-2025-All_-_move_2024_get_new/"\
"new_final_jpeg_to_use/${bare}/"; \
  echo "echo \" Creating directory \\\"${dir2be}\\\"\""; \
  echo "mkdir -p \"${dir2be}\" "\
"&& echo \"      ... success creating dir\" "\
"|| echo \"      ... FAILURE creating dir\""; \
  echo "echo \" Now moving JPEG files.\""; \
  echo "mv \"./${bare}*.jpg\" \"${dir2be}\" "\
"&& echo \"      ... success moving JPEGs\" "\
"|| echo \"      ... FAILURE moving JPEGs\""; \
done < ../../doc_fnames_to_go_into_final_jpeg_1748362509_2025-05-27T101509-0600.lst \
  | head -n 50

echo " Creating directory \"/cygdrive/c/David/FHTW-2025-All_-_move_2024_get_new/new_final_jpeg_to_use/BnF-BibArsenal_-_Candide_Ms-3160/\""
mkdir -p "/cygdrive/c/David/FHTW-2025-All_-_move_2024_get_new/new_final_jpeg_to_use/BnF-BibArsenal_-_Candide_Ms-3160/" && echo "      ... success creating dir" || echo "      ... FAILURE creating dir"
echo " Now moving JPEG files."
-bash:  : command not found
mv "./BnF-BibArsenal_-_Candide_Ms-3160*.jpg" "/cygdrive/c/David/FHTW-2025-All_-_move_2024_get_new/new_final_jpeg_to_use/BnF-BibArsenal_-_Candide_Ms-3160/" && echo "      ... success moving JPEGs" || echo "      ... FAILURE moving JPEGs"

echo " Creating directory \"/cygdrive/c/David/FHTW-2025-All_-_move_2024_get_new/new_final_jpeg_to_use/BnF-BibArsenal_-_Ms-8407/\""
mkdir -p "/cygdrive/c/David/FHTW-2025-All_-_move_2024_get_new/new_final_jpeg_to_use/BnF-BibArsenal_-_Ms-8407/" && echo "      ... success creating dir" || echo "      ... FAILURE creating dir"
echo " Now moving JPEG files."
-bash:  : command not found
mv "./BnF-BibArsenal_-_Ms-8407*.jpg" "/cygdrive/c/David/FHTW-2025-All_-_move_2024_get_new/new_final_jpeg_to_use/BnF-BibArsenal_-_Ms-8407/" && echo "      ... success moving JPEGs" || echo "      ... FAILURE moving JPEGs"

echo " Creating directory \"/cygdrive/c/David/FHTW-2025-All_-_move_2024_get_new/new_final_jpeg_to_use/BnF-BibArsenal_-_Ms-87/\""
mkdir -p "/cygdrive/c/David/FHTW-2025-All_-_move_2024_get_new/new_final_jpeg_to_use/BnF-BibArsenal_-_Ms-87/" && echo "      ... success creating dir" || echo "      ... FAILURE creating dir"
echo " Now moving JPEG files."
-bash:  : command not found
mv "./BnF-BibArsenal_-_Ms-87*.jpg" "/cygdrive/c/David/FHTW-2025-All_-_move_2024_get_new/new_final_jpeg_to_use/BnF-BibArsenal_-_Ms-87/" && echo "      ... success moving JPEGs" || echo "      ... FAILURE moving JPEGs"

echo " Creating directory \"/cygdrive/c/David/FHTW-2025-All_-_move_2024_get_new/new_final_jpeg_to_use/BnF_-_Ms-Grec-2467/\""
mkdir -p "/cygdrive/c/David/FHTW-2025-All_-_move_2024_get_new/new_final_jpeg_to_use/BnF_-_Ms-Grec-2467/" && echo "      ... success creating dir" || echo "      ... FAILURE creating dir"
echo " Now moving JPEG files."
-bash:  : command not found
mv "./BnF_-_Ms-Grec-2467*.jpg" "/cygdrive/c/David/FHTW-2025-All_-_move_2024_get_new/new_final_jpeg_to_use/BnF_-_Ms-Grec-2467/" && echo "      ... success moving JPEGs" || echo "      ... FAILURE moving JPEGs"

echo " Creating directory \"/cygdrive/c/David/FHTW-2025-All_-_move_2024_get_new/new_final_jpeg_to_use/BnF_-_Ms-Heb-187/\""
mkdir -p "/cygdrive/c/David/FHTW-2025-All_-_move_2024_get_new/new_final_jpeg_to_use/BnF_-_Ms-Heb-187/" && echo "      ... success creating dir" || echo "      ... FAILURE creating dir"
echo " Now moving JPEG files."
-bash:  : command not found
mv "./BnF_-_Ms-Heb-187*.jpg" "/cygdrive/c/David/FHTW-2025-All_-_move_2024_get_new/new_final_jpeg_to_use/BnF_-_Ms-Heb-187/" && echo "      ... success moving JPEGs" || echo "      ... FAILURE moving JPEGs"

echo " Creating directory \"/cygdrive/c/David/FHTW-2025-All_-_move_2024_get_new/new_final_jpeg_to_use/BnF_-_Ms-Lat-17742/\""
mkdir -p "/cygdrive/c/David/FHTW-2025-All_-_move_2024_get_new/new_final_jpeg_to_use/BnF_-_Ms-Lat-17742/" && echo "      ... success creating dir" || echo "      ... FAILURE creating dir"
echo " Now moving JPEG files."
-bash:  : command not found
mv "./BnF_-_Ms-Lat-17742*.jpg" "/cygdrive/c/David/FHTW-2025-All_-_move_2024_get_new/new_final_jpeg_to_use/BnF_-_Ms-Lat-17742/" && echo "      ... success moving JPEGs" || echo "      ... FAILURE moving JPEGs"

echo " Creating directory \"/cygdrive/c/David/FHTW-2025-All_-_move_2024_get_new/new_final_jpeg_to_use/BnF_-_Ms-Lat-18420/\""
mkdir -p "/cygdrive/c/David/FHTW-2025-All_-_move_2024_get_new/new_final_jpeg_to_use/BnF_-_Ms-Lat-18420/" && echo "      ... success creating dir" || echo "      ... FAILURE creating dir"
echo " Now moving JPEG files."
-bash:  : command not found
mv "./BnF_-_Ms-Lat-18420*.jpg" "/cygdrive/c/David/FHTW-2025-All_-_move_2024_get_new/new_final_jpeg_to_use/BnF_-_Ms-Lat-18420/" && echo "      ... success moving JPEGs" || echo "      ... FAILURE moving JPEGs"

echo " Creating directory \"/cygdrive/c/David/FHTW-2025-All_-_move_2024_get_new/new_final_jpeg_to_use/BnF_-_Ms-Lat-18553/\""
mkdir -p "/cygdrive/c/David/FHTW-2025-All_-_move_2024_get_new/new_final_jpeg_to_use/BnF_-_Ms-Lat-18553/" && echo "      ... success creating dir" || echo "      ... FAILURE creating dir"
echo " Now moving JPEG files."
-bash:  : command not found
mv "./BnF_-_Ms-Lat-18553*.jpg" "/cygdrive/c/David/FHTW-2025-All_-_move_2024_get_new/new_final_jpeg_to_use/BnF_-_Ms-Lat-18553/" && echo "      ... success moving JPEGs" || echo "      ... FAILURE moving JPEGs"

echo " Creating directory \"/cygdrive/c/David/FHTW-2025-All_-_move_2024_get_new/new_final_jpeg_to_use/BnF_-_Ms-Lat-18554/\""
mkdir -p "/cygdrive/c/David/FHTW-2025-All_-_move_2024_get_new/new_final_jpeg_to_use/BnF_-_Ms-Lat-18554/" && echo "      ... success creating dir" || echo "      ... FAILURE creating dir"
echo " Now moving JPEG files."
-bash:  : command not found
mv "./BnF_-_Ms-Lat-18554*.jpg" "/cygdrive/c/David/FHTW-2025-All_-_move_2024_get_new/new_final_jpeg_to_use/BnF_-_Ms-Lat-18554/" && echo "      ... success moving JPEGs" || echo "      ... FAILURE moving JPEGs"

echo " Creating directory \"/cygdrive/c/David/FHTW-2025-All_-_move_2024_get_new/new_final_jpeg_to_use/BnF_-_Ms-Supplmnt-Grec-1027/\""
mkdir -p "/cygdrive/c/David/FHTW-2025-All_-_move_2024_get_new/new_final_jpeg_to_use/BnF_-_Ms-Supplmnt-Grec-1027/" && echo "      ... success creating dir" || echo "      ... FAILURE creating dir"
echo " Now moving JPEG files."
-bash:  : command not found
mv "./BnF_-_Ms-Supplmnt-Grec-1027*.jpg" "/cygdrive/c/David/FHTW-2025-All_-_move_2024_get_new/new_final_jpeg_to_use/BnF_-_Ms-Supplmnt-Grec-1027/" && echo "      ... success moving JPEGs" || echo "      ... FAILURE moving JPEGs"

Anast@DESKTOP-O7KM5A5 /cygdrive/c/David/FHTW-2025-All_-_move_2024_get_new/new_-_folder_for_not-yet-ready_new_imgs/converted_from_PDF_-_now_to_jpeg/color
$

Anast@DESKTOP-O7KM5A5 /cygdrive/c/David/FHTW-2025-All_-_move_2024_get_new/new_-_folder_for_not-yet-ready_new_imgs/converted_from_PDF_-_now_to_jpeg/color
$

Anast@DESKTOP-O7KM5A5 /cygdrive/c/David/FHTW-2025-All_-_move_2024_get_new/new_-_folder_for_not-yet-ready_new_imgs/converted_from_PDF_-_now_to_jpeg/color
$

Anast@DESKTOP-O7KM5A5 /cygdrive/c/David/FHTW-2025-All_-_move_2024_get_new/new_-_folder_for_not-yet-ready_new_imgs/converted_from_PDF_-_now_to_jpeg/color
$

Anast@DESKTOP-O7KM5A5 /cygdrive/c/David/FHTW-2025-All_-_move_2024_get_new/new_-_folder_for_not-yet-ready_new_imgs/converted_from_PDF_-_now_to_jpeg/color
$

Anast@DESKTOP-O7KM5A5 /cygdrive/c/David/FHTW-2025-All_-_move_2024_get_new/new_-_folder_for_not-yet-ready_new_imgs/converted_from_PDF_-_now_to_jpeg/color
$ meta_jpeg_fname="moving_jpegs_1748362509_2025-05-27T101509-0600.sh"; \
touch "${meta_jpeg_fname}"; >"${meta_jpeg_fname}"; \
while read -r line; do \
  bare="${line}"; \
  meta_jpeg_fname="moving_jpegs_1748362509_2025-05-27T101509-0600.sh";
  echo;
  dir2be=\
"/cygdrive/c/David/FHTW-2025-All_-_move_2024_get_new/"\
"new_final_jpeg_to_use/${bare}/"; \
  echo "echo -e \" Creating directory\\\n\\\"${dir2be}\\\"\""; \
  echo "mkdir -p \"${dir2be}\" "\
"&& echo \"      ... success creating dir\" "\
"|| echo \"      ... FAILURE creating dir\""; \
  echo "echo \" Now moving JPEG files.\""; \
  echo "mv \"./${bare}*.jpg\" \"${dir2be}\" "\
"&& echo \"      ... success moving JPEGs\" "\
"|| echo \"      ... FAILURE moving JPEGs\""; \
done < ../../doc_fnames_to_go_into_final_jpeg_1748362509_2025-05-27T101509-0600.lst \
  | head -n 50

echo -e " Creating directory\\n\"/cygdrive/c/David/FHTW-2025-All_-_move_2024_get_new/new_final_jpeg_to_use/BnF-BibArsenal_-_Candide_Ms-3160/\""
mkdir -p "/cygdrive/c/David/FHTW-2025-All_-_move_2024_get_new/new_final_jpeg_to_use/BnF-BibArsenal_-_Candide_Ms-3160/" && echo "      ... success creating dir" || echo "      ... FAILURE creating dir"
echo " Now moving JPEG files."
mv "./BnF-BibArsenal_-_Candide_Ms-3160*.jpg" "/cygdrive/c/David/FHTW-2025-All_-_move_2024_get_new/new_final_jpeg_to_use/BnF-BibArsenal_-_Candide_Ms-3160/" && echo "      ... success moving JPEGs" || echo "      ... FAILURE moving JPEGs"

echo -e " Creating directory\\n\"/cygdrive/c/David/FHTW-2025-All_-_move_2024_get_new/new_final_jpeg_to_use/BnF-BibArsenal_-_Ms-8407/\""
mkdir -p "/cygdrive/c/David/FHTW-2025-All_-_move_2024_get_new/new_final_jpeg_to_use/BnF-BibArsenal_-_Ms-8407/" && echo "      ... success creating dir" || echo "      ... FAILURE creating dir"
echo " Now moving JPEG files."
mv "./BnF-BibArsenal_-_Ms-8407*.jpg" "/cygdrive/c/David/FHTW-2025-All_-_move_2024_get_new/new_final_jpeg_to_use/BnF-BibArsenal_-_Ms-8407/" && echo "      ... success moving JPEGs" || echo "      ... FAILURE moving JPEGs"

echo -e " Creating directory\\n\"/cygdrive/c/David/FHTW-2025-All_-_move_2024_get_new/new_final_jpeg_to_use/BnF-BibArsenal_-_Ms-87/\""
mkdir -p "/cygdrive/c/David/FHTW-2025-All_-_move_2024_get_new/new_final_jpeg_to_use/BnF-BibArsenal_-_Ms-87/" && echo "      ... success creating dir" || echo "      ... FAILURE creating dir"
echo " Now moving JPEG files."
mv "./BnF-BibArsenal_-_Ms-87*.jpg" "/cygdrive/c/David/FHTW-2025-All_-_move_2024_get_new/new_final_jpeg_to_use/BnF-BibArsenal_-_Ms-87/" && echo "      ... success moving JPEGs" || echo "      ... FAILURE moving JPEGs"

echo -e " Creating directory\\n\"/cygdrive/c/David/FHTW-2025-All_-_move_2024_get_new/new_final_jpeg_to_use/BnF_-_Ms-Grec-2467/\""
mkdir -p "/cygdrive/c/David/FHTW-2025-All_-_move_2024_get_new/new_final_jpeg_to_use/BnF_-_Ms-Grec-2467/" && echo "      ... success creating dir" || echo "      ... FAILURE creating dir"
echo " Now moving JPEG files."
mv "./BnF_-_Ms-Grec-2467*.jpg" "/cygdrive/c/David/FHTW-2025-All_-_move_2024_get_new/new_final_jpeg_to_use/BnF_-_Ms-Grec-2467/" && echo "      ... success moving JPEGs" || echo "      ... FAILURE moving JPEGs"

echo -e " Creating directory\\n\"/cygdrive/c/David/FHTW-2025-All_-_move_2024_get_new/new_final_jpeg_to_use/BnF_-_Ms-Heb-187/\""
mkdir -p "/cygdrive/c/David/FHTW-2025-All_-_move_2024_get_new/new_final_jpeg_to_use/BnF_-_Ms-Heb-187/" && echo "      ... success creating dir" || echo "      ... FAILURE creating dir"
echo " Now moving JPEG files."
mv "./BnF_-_Ms-Heb-187*.jpg" "/cygdrive/c/David/FHTW-2025-All_-_move_2024_get_new/new_final_jpeg_to_use/BnF_-_Ms-Heb-187/" && echo "      ... success moving JPEGs" || echo "      ... FAILURE moving JPEGs"

echo -e " Creating directory\\n\"/cygdrive/c/David/FHTW-2025-All_-_move_2024_get_new/new_final_jpeg_to_use/BnF_-_Ms-Lat-17742/\""
mkdir -p "/cygdrive/c/David/FHTW-2025-All_-_move_2024_get_new/new_final_jpeg_to_use/BnF_-_Ms-Lat-17742/" && echo "      ... success creating dir" || echo "      ... FAILURE creating dir"
echo " Now moving JPEG files."
mv "./BnF_-_Ms-Lat-17742*.jpg" "/cygdrive/c/David/FHTW-2025-All_-_move_2024_get_new/new_final_jpeg_to_use/BnF_-_Ms-Lat-17742/" && echo "      ... success moving JPEGs" || echo "      ... FAILURE moving JPEGs"

echo -e " Creating directory\\n\"/cygdrive/c/David/FHTW-2025-All_-_move_2024_get_new/new_final_jpeg_to_use/BnF_-_Ms-Lat-18420/\""
mkdir -p "/cygdrive/c/David/FHTW-2025-All_-_move_2024_get_new/new_final_jpeg_to_use/BnF_-_Ms-Lat-18420/" && echo "      ... success creating dir" || echo "      ... FAILURE creating dir"
echo " Now moving JPEG files."
mv "./BnF_-_Ms-Lat-18420*.jpg" "/cygdrive/c/David/FHTW-2025-All_-_move_2024_get_new/new_final_jpeg_to_use/BnF_-_Ms-Lat-18420/" && echo "      ... success moving JPEGs" || echo "      ... FAILURE moving JPEGs"

echo -e " Creating directory\\n\"/cygdrive/c/David/FHTW-2025-All_-_move_2024_get_new/new_final_jpeg_to_use/BnF_-_Ms-Lat-18553/\""
mkdir -p "/cygdrive/c/David/FHTW-2025-All_-_move_2024_get_new/new_final_jpeg_to_use/BnF_-_Ms-Lat-18553/" && echo "      ... success creating dir" || echo "      ... FAILURE creating dir"
echo " Now moving JPEG files."
mv "./BnF_-_Ms-Lat-18553*.jpg" "/cygdrive/c/David/FHTW-2025-All_-_move_2024_get_new/new_final_jpeg_to_use/BnF_-_Ms-Lat-18553/" && echo "      ... success moving JPEGs" || echo "      ... FAILURE moving JPEGs"

echo -e " Creating directory\\n\"/cygdrive/c/David/FHTW-2025-All_-_move_2024_get_new/new_final_jpeg_to_use/BnF_-_Ms-Lat-18554/\""
mkdir -p "/cygdrive/c/David/FHTW-2025-All_-_move_2024_get_new/new_final_jpeg_to_use/BnF_-_Ms-Lat-18554/" && echo "      ... success creating dir" || echo "      ... FAILURE creating dir"
echo " Now moving JPEG files."
mv "./BnF_-_Ms-Lat-18554*.jpg" "/cygdrive/c/David/FHTW-2025-All_-_move_2024_get_new/new_final_jpeg_to_use/BnF_-_Ms-Lat-18554/" && echo "      ... success moving JPEGs" || echo "      ... FAILURE moving JPEGs"

echo -e " Creating directory\\n\"/cygdrive/c/David/FHTW-2025-All_-_move_2024_get_new/new_final_jpeg_to_use/BnF_-_Ms-Supplmnt-Grec-1027/\""
mkdir -p "/cygdrive/c/David/FHTW-2025-All_-_move_2024_get_new/new_final_jpeg_to_use/BnF_-_Ms-Supplmnt-Grec-1027/" && echo "      ... success creating dir" || echo "      ... FAILURE creating dir"
echo " Now moving JPEG files."
mv "./BnF_-_Ms-Supplmnt-Grec-1027*.jpg" "/cygdrive/c/David/FHTW-2025-All_-_move_2024_get_new/new_final_jpeg_to_use/BnF_-_Ms-Supplmnt-Grec-1027/" && echo "      ... success moving JPEGs" || echo "      ... FAILURE moving JPEGs"

Anast@DESKTOP-O7KM5A5 /cygdrive/c/David/FHTW-2025-All_-_move_2024_get_new/new_-_folder_for_not-yet-ready_new_imgs/converted_from_PDF_-_now_to_jpeg/color
$

Anast@DESKTOP-O7KM5A5 /cygdrive/c/David/FHTW-2025-All_-_move_2024_get_new/new_-_folder_for_not-yet-ready_new_imgs/converted_from_PDF_-_now_to_jpeg/color
$

Anast@DESKTOP-O7KM5A5 /cygdrive/c/David/FHTW-2025-All_-_move_2024_get_new/new_-_folder_for_not-yet-ready_new_imgs/converted_from_PDF_-_now_to_jpeg/color
$

Anast@DESKTOP-O7KM5A5 /cygdrive/c/David/FHTW-2025-All_-_move_2024_get_new/new_-_folder_for_not-yet-ready_new_imgs/converted_from_PDF_-_now_to_jpeg/color
$

Anast@DESKTOP-O7KM5A5 /cygdrive/c/David/FHTW-2025-All_-_move_2024_get_new/new_-_folder_for_not-yet-ready_new_imgs/converted_from_PDF_-_now_to_jpeg/color
$

Anast@DESKTOP-O7KM5A5 /cygdrive/c/David/FHTW-2025-All_-_move_2024_get_new/new_-_folder_for_not-yet-ready_new_imgs/converted_from_PDF_-_now_to_jpeg/color
$

Anast@DESKTOP-O7KM5A5 /cygdrive/c/David/FHTW-2025-All_-_move_2024_get_new/new_-_folder_for_not-yet-ready_new_imgs/converted_from_PDF_-_now_to_jpeg/color
$

Anast@DESKTOP-O7KM5A5 /cygdrive/c/David/FHTW-2025-All_-_move_2024_get_new/new_-_folder_for_not-yet-ready_new_imgs/converted_from_PDF_-_now_to_jpeg/color
$ meta_jpeg_fname="moving_jpegs_1748362509_2025-05-27T101509-0600.sh"; \
touch "${meta_jpeg_fname}"; >"${meta_jpeg_fname}"; \
while read -r line; do \
  bare="${line}"; \
  meta_jpeg_fname="moving_jpegs_1748362509_2025-05-27T101509-0600.sh";
  echo;
  dir2be=\
"/cygdrive/c/David/FHTW-2025-All_-_move_2024_get_new/"\
"new_final_jpeg_to_use/${bare}/"; \
  echo "echo -e \" Creating directory\\\n\\\"${dir2be}\\\"\""; \
  echo "mkdir -p \"${dir2be}\" "\
"&& echo \"      ... success creating dir\" "\
"|| echo \"      ... FAILURE creating dir\""; \
  echo "echo \" Now moving JPEG files.\""; \
  echo "mv \"$(pwd)/${bare}*.jpg\" \"${dir2be}\" "\
"&& echo \"      ... success moving JPEGs\" "\
"|| echo \"      ... FAILURE moving JPEGs\""; \
done < ../../doc_fnames_to_go_into_final_jpeg_1748362509_2025-05-27T101509-0600.lst \
  | head -n 50

echo -e " Creating directory\\n\"/cygdrive/c/David/FHTW-2025-All_-_move_2024_get_new/new_final_jpeg_to_use/BnF-BibArsenal_-_Candide_Ms-3160/\""
mkdir -p "/cygdrive/c/David/FHTW-2025-All_-_move_2024_get_new/new_final_jpeg_to_use/BnF-BibArsenal_-_Candide_Ms-3160/" && echo "      ... success creating dir" || echo "      ... FAILURE creating dir"
echo " Now moving JPEG files."
mv "/cygdrive/c/David/FHTW-2025-All_-_move_2024_get_new/new_-_folder_for_not-yet-ready_new_imgs/converted_from_PDF_-_now_to_jpeg/color/BnF-BibArsenal_-_Candide_Ms-3160*.jpg" "/cygdrive/c/David/FHTW-2025-All_-_move_2024_get_new/new_final_jpeg_to_use/BnF-BibArsenal_-_Candide_Ms-3160/" && echo "      ... success moving JPEGs" || echo "      ... FAILURE moving JPEGs"

echo -e " Creating directory\\n\"/cygdrive/c/David/FHTW-2025-All_-_move_2024_get_new/new_final_jpeg_to_use/BnF-BibArsenal_-_Ms-8407/\""
mkdir -p "/cygdrive/c/David/FHTW-2025-All_-_move_2024_get_new/new_final_jpeg_to_use/BnF-BibArsenal_-_Ms-8407/" && echo "      ... success creating dir" || echo "      ... FAILURE creating dir"
echo " Now moving JPEG files."
mv "/cygdrive/c/David/FHTW-2025-All_-_move_2024_get_new/new_-_folder_for_not-yet-ready_new_imgs/converted_from_PDF_-_now_to_jpeg/color/BnF-BibArsenal_-_Ms-8407*.jpg" "/cygdrive/c/David/FHTW-2025-All_-_move_2024_get_new/new_final_jpeg_to_use/BnF-BibArsenal_-_Ms-8407/" && echo "      ... success moving JPEGs" || echo "      ... FAILURE moving JPEGs"

echo -e " Creating directory\\n\"/cygdrive/c/David/FHTW-2025-All_-_move_2024_get_new/new_final_jpeg_to_use/BnF-BibArsenal_-_Ms-87/\""
mkdir -p "/cygdrive/c/David/FHTW-2025-All_-_move_2024_get_new/new_final_jpeg_to_use/BnF-BibArsenal_-_Ms-87/" && echo "      ... success creating dir" || echo "      ... FAILURE creating dir"
echo " Now moving JPEG files."
mv "/cygdrive/c/David/FHTW-2025-All_-_move_2024_get_new/new_-_folder_for_not-yet-ready_new_imgs/converted_from_PDF_-_now_to_jpeg/color/BnF-BibArsenal_-_Ms-87*.jpg" "/cygdrive/c/David/FHTW-2025-All_-_move_2024_get_new/new_final_jpeg_to_use/BnF-BibArsenal_-_Ms-87/" && echo "      ... success moving JPEGs" || echo "      ... FAILURE moving JPEGs"

echo -e " Creating directory\\n\"/cygdrive/c/David/FHTW-2025-All_-_move_2024_get_new/new_final_jpeg_to_use/BnF_-_Ms-Grec-2467/\""
mkdir -p "/cygdrive/c/David/FHTW-2025-All_-_move_2024_get_new/new_final_jpeg_to_use/BnF_-_Ms-Grec-2467/" && echo "      ... success creating dir" || echo "      ... FAILURE creating dir"
echo " Now moving JPEG files."
mv "/cygdrive/c/David/FHTW-2025-All_-_move_2024_get_new/new_-_folder_for_not-yet-ready_new_imgs/converted_from_PDF_-_now_to_jpeg/color/BnF_-_Ms-Grec-2467*.jpg" "/cygdrive/c/David/FHTW-2025-All_-_move_2024_get_new/new_final_jpeg_to_use/BnF_-_Ms-Grec-2467/" && echo "      ... success moving JPEGs" || echo "      ... FAILURE moving JPEGs"

echo -e " Creating directory\\n\"/cygdrive/c/David/FHTW-2025-All_-_move_2024_get_new/new_final_jpeg_to_use/BnF_-_Ms-Heb-187/\""
mkdir -p "/cygdrive/c/David/FHTW-2025-All_-_move_2024_get_new/new_final_jpeg_to_use/BnF_-_Ms-Heb-187/" && echo "      ... success creating dir" || echo "      ... FAILURE creating dir"
echo " Now moving JPEG files."
mv "/cygdrive/c/David/FHTW-2025-All_-_move_2024_get_new/new_-_folder_for_not-yet-ready_new_imgs/converted_from_PDF_-_now_to_jpeg/color/BnF_-_Ms-Heb-187*.jpg" "/cygdrive/c/David/FHTW-2025-All_-_move_2024_get_new/new_final_jpeg_to_use/BnF_-_Ms-Heb-187/" && echo "      ... success moving JPEGs" || echo "      ... FAILURE moving JPEGs"

echo -e " Creating directory\\n\"/cygdrive/c/David/FHTW-2025-All_-_move_2024_get_new/new_final_jpeg_to_use/BnF_-_Ms-Lat-17742/\""
mkdir -p "/cygdrive/c/David/FHTW-2025-All_-_move_2024_get_new/new_final_jpeg_to_use/BnF_-_Ms-Lat-17742/" && echo "      ... success creating dir" || echo "      ... FAILURE creating dir"
echo " Now moving JPEG files."
mv "/cygdrive/c/David/FHTW-2025-All_-_move_2024_get_new/new_-_folder_for_not-yet-ready_new_imgs/converted_from_PDF_-_now_to_jpeg/color/BnF_-_Ms-Lat-17742*.jpg" "/cygdrive/c/David/FHTW-2025-All_-_move_2024_get_new/new_final_jpeg_to_use/BnF_-_Ms-Lat-17742/" && echo "      ... success moving JPEGs" || echo "      ... FAILURE moving JPEGs"

echo -e " Creating directory\\n\"/cygdrive/c/David/FHTW-2025-All_-_move_2024_get_new/new_final_jpeg_to_use/BnF_-_Ms-Lat-18420/\""
mkdir -p "/cygdrive/c/David/FHTW-2025-All_-_move_2024_get_new/new_final_jpeg_to_use/BnF_-_Ms-Lat-18420/" && echo "      ... success creating dir" || echo "      ... FAILURE creating dir"
echo " Now moving JPEG files."
mv "/cygdrive/c/David/FHTW-2025-All_-_move_2024_get_new/new_-_folder_for_not-yet-ready_new_imgs/converted_from_PDF_-_now_to_jpeg/color/BnF_-_Ms-Lat-18420*.jpg" "/cygdrive/c/David/FHTW-2025-All_-_move_2024_get_new/new_final_jpeg_to_use/BnF_-_Ms-Lat-18420/" && echo "      ... success moving JPEGs" || echo "      ... FAILURE moving JPEGs"

echo -e " Creating directory\\n\"/cygdrive/c/David/FHTW-2025-All_-_move_2024_get_new/new_final_jpeg_to_use/BnF_-_Ms-Lat-18553/\""
mkdir -p "/cygdrive/c/David/FHTW-2025-All_-_move_2024_get_new/new_final_jpeg_to_use/BnF_-_Ms-Lat-18553/" && echo "      ... success creating dir" || echo "      ... FAILURE creating dir"
echo " Now moving JPEG files."
mv "/cygdrive/c/David/FHTW-2025-All_-_move_2024_get_new/new_-_folder_for_not-yet-ready_new_imgs/converted_from_PDF_-_now_to_jpeg/color/BnF_-_Ms-Lat-18553*.jpg" "/cygdrive/c/David/FHTW-2025-All_-_move_2024_get_new/new_final_jpeg_to_use/BnF_-_Ms-Lat-18553/" && echo "      ... success moving JPEGs" || echo "      ... FAILURE moving JPEGs"

echo -e " Creating directory\\n\"/cygdrive/c/David/FHTW-2025-All_-_move_2024_get_new/new_final_jpeg_to_use/BnF_-_Ms-Lat-18554/\""
mkdir -p "/cygdrive/c/David/FHTW-2025-All_-_move_2024_get_new/new_final_jpeg_to_use/BnF_-_Ms-Lat-18554/" && echo "      ... success creating dir" || echo "      ... FAILURE creating dir"
echo " Now moving JPEG files."
mv "/cygdrive/c/David/FHTW-2025-All_-_move_2024_get_new/new_-_folder_for_not-yet-ready_new_imgs/converted_from_PDF_-_now_to_jpeg/color/BnF_-_Ms-Lat-18554*.jpg" "/cygdrive/c/David/FHTW-2025-All_-_move_2024_get_new/new_final_jpeg_to_use/BnF_-_Ms-Lat-18554/" && echo "      ... success moving JPEGs" || echo "      ... FAILURE moving JPEGs"

echo -e " Creating directory\\n\"/cygdrive/c/David/FHTW-2025-All_-_move_2024_get_new/new_final_jpeg_to_use/BnF_-_Ms-Supplmnt-Grec-1027/\""
mkdir -p "/cygdrive/c/David/FHTW-2025-All_-_move_2024_get_new/new_final_jpeg_to_use/BnF_-_Ms-Supplmnt-Grec-1027/" && echo "      ... success creating dir" || echo "      ... FAILURE creating dir"
echo " Now moving JPEG files."
mv "/cygdrive/c/David/FHTW-2025-All_-_move_2024_get_new/new_-_folder_for_not-yet-ready_new_imgs/converted_from_PDF_-_now_to_jpeg/color/BnF_-_Ms-Supplmnt-Grec-1027*.jpg" "/cygdrive/c/David/FHTW-2025-All_-_move_2024_get_new/new_final_jpeg_to_use/BnF_-_Ms-Supplmnt-Grec-1027/" && echo "      ... success moving JPEGs" || echo "      ... FAILURE moving JPEGs"

Anast@DESKTOP-O7KM5A5 /cygdrive/c/David/FHTW-2025-All_-_move_2024_get_new/new_-_folder_for_not-yet-ready_new_imgs/converted_from_PDF_-_now_to_jpeg/color
$

Anast@DESKTOP-O7KM5A5 /cygdrive/c/David/FHTW-2025-All_-_move_2024_get_new/new_-_folder_for_not-yet-ready_new_imgs/converted_from_PDF_-_now_to_jpeg/color
$

Anast@DESKTOP-O7KM5A5 /cygdrive/c/David/FHTW-2025-All_-_move_2024_get_new/new_-_folder_for_not-yet-ready_new_imgs/converted_from_PDF_-_now_to_jpeg/color
$

Anast@DESKTOP-O7KM5A5 /cygdrive/c/David/FHTW-2025-All_-_move_2024_get_new/new_-_folder_for_not-yet-ready_new_imgs/converted_from_PDF_-_now_to_jpeg/color
$

Anast@DESKTOP-O7KM5A5 /cygdrive/c/David/FHTW-2025-All_-_move_2024_get_new/new_-_folder_for_not-yet-ready_new_imgs/converted_from_PDF_-_now_to_jpeg/color
$

Anast@DESKTOP-O7KM5A5 /cygdrive/c/David/FHTW-2025-All_-_move_2024_get_new/new_-_folder_for_not-yet-ready_new_imgs/converted_from_PDF_-_now_to_jpeg/color
$

Anast@DESKTOP-O7KM5A5 /cygdrive/c/David/FHTW-2025-All_-_move_2024_get_new/new_-_folder_for_not-yet-ready_new_imgs/converted_from_PDF_-_now_to_jpeg/color
$ meta_jpeg_fname="moving_jpegs_1748362509_2025-05-27T101509-0600.sh"; \
touch "${meta_jpeg_fname}"; >"${meta_jpeg_fname}"; \
while read -r line; do \
  bare="${line}"; \
  meta_jpeg_fname="moving_jpegs_1748362509_2025-05-27T101509-0600.sh";
  echo >> \
    "${meta_jpeg_fname}";
  dir2be=\
"/cygdrive/c/David/FHTW-2025-All_-_move_2024_get_new/"\
"new_final_jpeg_to_use/${bare}/"; \
  echo "echo -e \" Creating directory\\n\\\"${dir2be}\\\"\"" >> \
    "${meta_jpeg_fname}"; \
  echo "mkdir -p \"${dir2be}\" "\
"&& echo \"      ... success creating dir\" "\
"|| echo \"      ... FAILURE creating dir\"" >> \
    "${meta_jpeg_fname}"; \
  echo "echo \" Now moving jpeg files.\"" >> \
    "${meta_jpeg_fname}"; \
  echo "mv \"$(pwd)/${bare}*.jpg\" \"${dir2be}\" "\
"&& echo \"      ... success moving jpegs\" "\
"|| echo \"      ... FAILURE moving jpegs\"" >> \
    "${meta_jpeg_fname}"; \
done < ../../doc_fnames_to_go_into_final_jpeg_1748362509_2025-05-27T101509-0600.lst

Anast@DESKTOP-O7KM5A5 /cygdrive/c/David/FHTW-2025-All_-_move_2024_get_new/new_-_folder_for_not-yet-ready_new_imgs/converted_from_PDF_-_now_to_jpeg/color
$ vim moving_jpegs_1748362509_2025-05-27T101509-0600.sh

Anast@DESKTOP-O7KM5A5 /cygdrive/c/David/FHTW-2025-All_-_move_2024_get_new/new_-_folder_for_not-yet-ready_new_imgs/converted_from_PDF_-_now_to_jpeg/color
$ cp moving_jpegs_1748362509_2025-05-27T101509-0600.sh mov_bak

Anast@DESKTOP-O7KM5A5 /cygdrive/c/David/FHTW-2025-All_-_move_2024_get_new/new_-_folder_for_not-yet-ready_new_imgs/converted_from_PDF_-_now_to_jpeg/color
$ vim moving_jpegs_1748362509_2025-05-27T101509-0600.sh

Anast@DESKTOP-O7KM5A5 /cygdrive/c/David/FHTW-2025-All_-_move_2024_get_new/new_-_folder_for_not-yet-ready_new_imgs/converted_from_PDF_-_now_to_jpeg/color
$ diff moving_jpegs_1748362509_2025-05-27T101509-0600.sh mov_bak
1d0
< #!/bin/bash

Anast@DESKTOP-O7KM5A5 /cygdrive/c/David/FHTW-2025-All_-_move_2024_get_new/new_-_folder_for_not-yet-ready_new_imgs/converted_from_PDF_-_now_to_jpeg/color
$ rm mov_bak

Anast@DESKTOP-O7KM5A5 /cygdrive/c/David/FHTW-2025-All_-_move_2024_get_new/new_-_folder_for_not-yet-ready_new_imgs/converted_from_PDF_-_now_to_jpeg/color
$ chmod a+x moving_jpegs_1748362509_2025-05-27T101509-0600.sh

Anast@DESKTOP-O7KM5A5 /cygdrive/c/David/FHTW-2025-All_-_move_2024_get_new/new_-_folder_for_not-yet-ready_new_imgs/converted_from_PDF_-_now_to_jpeg/color
$ ./moving_jpegs_1748362509_2025-05-27T101509-0600.sh 2>&1 | tee ../../big_jpeg_move_1748362509_2025-05-27T101509-0600.out
 Creating directory
"/cygdrive/c/David/FHTW-2025-All_-_move_2024_get_new/new_final_jpeg_to_use/BnF-BibArsenal_-_Candide_Ms-3160/"
      ... success creating dir
 Now moving jpeg files.
mv: cannot stat '/cygdrive/c/David/FHTW-2025-All_-_move_2024_get_new/new_-_folder_for_not-yet-ready_new_imgs/converted_from_PDF_-_now_to_jpeg/color/BnF-BibArsenal_-_Candide_Ms-3160*.jpg': No such file or directory
      ... FAILURE moving jpegs
 Creating directory
"/cygdrive/c/David/FHTW-2025-All_-_move_2024_get_new/new_final_jpeg_to_use/BnF-BibArsenal_-_Ms-8407/"
      ... success creating dir
 Now moving jpeg files.
mv: cannot stat '/cygdrive/c/David/FHTW-2025-All_-_move_2024_get_new/new_-_folder_for_not-yet-ready_new_imgs/converted_from_PDF_-_now_to_jpeg/color/BnF-BibArsenal_-_Ms-8407*.jpg': No such file or directory
      ... FAILURE moving jpegs
 Creating directory
"/cygdrive/c/David/FHTW-2025-All_-_move_2024_get_new/new_final_jpeg_to_use/BnF-BibArsenal_-_Ms-87/"
      ... success creating dir
 Now moving jpeg files.
mv: cannot stat '/cygdrive/c/David/FHTW-2025-All_-_move_2024_get_new/new_-_folder_for_not-yet-ready_new_imgs/converted_from_PDF_-_now_to_jpeg/color/BnF-BibArsenal_-_Ms-87*.jpg': No such file or directory
      ... FAILURE moving jpegs
 Creating directory
"/cygdrive/c/David/FHTW-2025-All_-_move_2024_get_new/new_final_jpeg_to_use/BnF_-_Ms-Grec-2467/"
      ... success creating dir
 Now moving jpeg files.
mv: cannot stat '/cygdrive/c/David/FHTW-2025-All_-_move_2024_get_new/new_-_folder_for_not-yet-ready_new_imgs/converted_from_PDF_-_now_to_jpeg/color/BnF_-_Ms-Grec-2467*.jpg': No such file or directory
      ... FAILURE moving jpegs
 Creating directory
"/cygdrive/c/David/FHTW-2025-All_-_move_2024_get_new/new_final_jpeg_to_use/BnF_-_Ms-Heb-187/"
      ... success creating dir
 Now moving jpeg files.
mv: cannot stat '/cygdrive/c/David/FHTW-2025-All_-_move_2024_get_new/new_-_folder_for_not-yet-ready_new_imgs/converted_from_PDF_-_now_to_jpeg/color/BnF_-_Ms-Heb-187*.jpg': No such file or directory
      ... FAILURE moving jpegs
 Creating directory
"/cygdrive/c/David/FHTW-2025-All_-_move_2024_get_new/new_final_jpeg_to_use/BnF_-_Ms-Lat-17742/"
      ... success creating dir
 Now moving jpeg files.
mv: cannot stat '/cygdrive/c/David/FHTW-2025-All_-_move_2024_get_new/new_-_folder_for_not-yet-ready_new_imgs/converted_from_PDF_-_now_to_jpeg/color/BnF_-_Ms-Lat-17742*.jpg': No such file or directory
      ... FAILURE moving jpegs
 Creating directory
"/cygdrive/c/David/FHTW-2025-All_-_move_2024_get_new/new_final_jpeg_to_use/BnF_-_Ms-Lat-18420/"
      ... success creating dir
 Now moving jpeg files.
mv: cannot stat '/cygdrive/c/David/FHTW-2025-All_-_move_2024_get_new/new_-_folder_for_not-yet-ready_new_imgs/converted_from_PDF_-_now_to_jpeg/color/BnF_-_Ms-Lat-18420*.jpg': No such file or directory
      ... FAILURE moving jpegs
 Creating directory
"/cygdrive/c/David/FHTW-2025-All_-_move_2024_get_new/new_final_jpeg_to_use/BnF_-_Ms-Lat-18553/"
      ... success creating dir
 Now moving jpeg files.
mv: cannot stat '/cygdrive/c/David/FHTW-2025-All_-_move_2024_get_new/new_-_folder_for_not-yet-ready_new_imgs/converted_from_PDF_-_now_to_jpeg/color/BnF_-_Ms-Lat-18553*.jpg': No such file or directory
      ... FAILURE moving jpegs
 Creating directory
"/cygdrive/c/David/FHTW-2025-All_-_move_2024_get_new/new_final_jpeg_to_use/BnF_-_Ms-Lat-18554/"
      ... success creating dir
 Now moving jpeg files.
mv: cannot stat '/cygdrive/c/David/FHTW-2025-All_-_move_2024_get_new/new_-_folder_for_not-yet-ready_new_imgs/converted_from_PDF_-_now_to_jpeg/color/BnF_-_Ms-Lat-18554*.jpg': No such file or directory
      ... FAILURE moving jpegs
 Creating directory
"/cygdrive/c/David/FHTW-2025-All_-_move_2024_get_new/new_final_jpeg_to_use/BnF_-_Ms-Supplmnt-Grec-1027/"
      ... success creating dir
 Now moving jpeg files.
mv: cannot stat '/cygdrive/c/David/FHTW-2025-All_-_move_2024_get_new/new_-_folder_for_not-yet-ready_new_imgs/converted_from_PDF_-_now_to_jpeg/color/BnF_-_Ms-Supplmnt-Grec-1027*.jpg': No such file or directory
      ... FAILURE moving jpegs
 Creating directory
"/cygdrive/c/David/FHTW-2025-All_-_move_2024_get_new/new_final_jpeg_to_use/DigitaleLandesbibOberosterreich_-_Linz-AT-OOeLB-Hs-20/"
      ... success creating dir
 Now moving jpeg files.
mv: cannot stat '/cygdrive/c/David/FHTW-2025-All_-_move_2024_get_new/new_-_folder_for_not-yet-ready_new_imgs/converted_from_PDF_-_now_to_jpeg/color/DigitaleLandesbibOberosterreich_-_Linz-AT-OOeLB-Hs-20*.jpg': No such file or directory
      ... FAILURE moving jpegs
 Creating directory
"/cygdrive/c/David/FHTW-2025-All_-_move_2024_get_new/new_final_jpeg_to_use/England-Bodl-Christ-Church_-_MS-95/"
      ... success creating dir
 Now moving jpeg files.
mv: cannot stat '/cygdrive/c/David/FHTW-2025-All_-_move_2024_get_new/new_-_folder_for_not-yet-ready_new_imgs/converted_from_PDF_-_now_to_jpeg/color/England-Bodl-Christ-Church_-_MS-95*.jpg': No such file or directory
      ... FAILURE moving jpegs
 Creating directory
"/cygdrive/c/David/FHTW-2025-All_-_move_2024_get_new/new_final_jpeg_to_use/England-Bodl_-_BodlLib_MS-Canon-Misc-575/"
      ... success creating dir
 Now moving jpeg files.
mv: cannot stat '/cygdrive/c/David/FHTW-2025-All_-_move_2024_get_new/new_-_folder_for_not-yet-ready_new_imgs/converted_from_PDF_-_now_to_jpeg/color/England-Bodl_-_BodlLib_MS-Canon-Misc-575*.jpg': No such file or directory
      ... FAILURE moving jpegs
 Creating directory
"/cygdrive/c/David/FHTW-2025-All_-_move_2024_get_new/new_final_jpeg_to_use/England-Bodl_-_BodlLib_MS-Duke-Humfrey-c-1/"
      ... success creating dir
 Now moving jpeg files.
mv: cannot stat '/cygdrive/c/David/FHTW-2025-All_-_move_2024_get_new/new_-_folder_for_not-yet-ready_new_imgs/converted_from_PDF_-_now_to_jpeg/color/England-Bodl_-_BodlLib_MS-Duke-Humfrey-c-1*.jpg': No such file or directory
      ... FAILURE moving jpegs
 Creating directory
"/cygdrive/c/David/FHTW-2025-All_-_move_2024_get_new/new_final_jpeg_to_use/England-Bodl_-_BodlLib_MS-Hamilton-45/"
      ... success creating dir
 Now moving jpeg files.
mv: cannot stat '/cygdrive/c/David/FHTW-2025-All_-_move_2024_get_new/new_-_folder_for_not-yet-ready_new_imgs/converted_from_PDF_-_now_to_jpeg/color/England-Bodl_-_BodlLib_MS-Hamilton-45*.jpg': No such file or directory
      ... FAILURE moving jpegs
 Creating directory
"/cygdrive/c/David/FHTW-2025-All_-_move_2024_get_new/new_final_jpeg_to_use/England-Bodl_-_BodlLib_MS-Hamilton-9/"
      ... success creating dir
 Now moving jpeg files.
mv: cannot stat '/cygdrive/c/David/FHTW-2025-All_-_move_2024_get_new/new_-_folder_for_not-yet-ready_new_imgs/converted_from_PDF_-_now_to_jpeg/color/England-Bodl_-_BodlLib_MS-Hamilton-9*.jpg': No such file or directory
      ... FAILURE moving jpegs
 Creating directory
"/cygdrive/c/David/FHTW-2025-All_-_move_2024_get_new/new_final_jpeg_to_use/England-Bodl_-_BodlLib_MS-Lat-th-d-18/"
      ... success creating dir
 Now moving jpeg files.
mv: cannot stat '/cygdrive/c/David/FHTW-2025-All_-_move_2024_get_new/new_-_folder_for_not-yet-ready_new_imgs/converted_from_PDF_-_now_to_jpeg/color/England-Bodl_-_BodlLib_MS-Lat-th-d-18*.jpg': No such file or directory
      ... FAILURE moving jpegs
 Creating directory
"/cygdrive/c/David/FHTW-2025-All_-_move_2024_get_new/new_final_jpeg_to_use/France-BibMunMetz_-_Ms-12324/"
      ... success creating dir
 Now moving jpeg files.
mv: cannot stat '/cygdrive/c/David/FHTW-2025-All_-_move_2024_get_new/new_-_folder_for_not-yet-ready_new_imgs/converted_from_PDF_-_now_to_jpeg/color/France-BibMunMetz_-_Ms-12324*.jpg': No such file or directory
      ... FAILURE moving jpegs
 Creating directory
"/cygdrive/c/David/FHTW-2025-All_-_move_2024_get_new/new_final_jpeg_to_use/HLSbibFulda_-_Victor-Codex-100-Bonifatianus-1/"
      ... success creating dir
 Now moving jpeg files.
mv: cannot stat '/cygdrive/c/David/FHTW-2025-All_-_move_2024_get_new/new_-_folder_for_not-yet-ready_new_imgs/converted_from_PDF_-_now_to_jpeg/color/HLSbibFulda_-_Victor-Codex-100-Bonifatianus-1*.jpg': No such file or directory
      ... FAILURE moving jpegs
 Creating directory
"/cygdrive/c/David/FHTW-2025-All_-_move_2024_get_new/new_final_jpeg_to_use/StaatsbibBamberg_-_Msc-Patr-5/"
      ... success creating dir
 Now moving jpeg files.
mv: cannot stat '/cygdrive/c/David/FHTW-2025-All_-_move_2024_get_new/new_-_folder_for_not-yet-ready_new_imgs/converted_from_PDF_-_now_to_jpeg/color/StaatsbibBamberg_-_Msc-Patr-5*.jpg': No such file or directory
      ... FAILURE moving jpegs
 Creating directory
"/cygdrive/c/David/FHTW-2025-All_-_move_2024_get_new/new_final_jpeg_to_use/UniversiteitLeiden_-_LibriMissalis_fragmentaBPL25_-_LowerResolution/"
      ... success creating dir
 Now moving jpeg files.
mv: cannot stat '/cygdrive/c/David/FHTW-2025-All_-_move_2024_get_new/new_-_folder_for_not-yet-ready_new_imgs/converted_from_PDF_-_now_to_jpeg/color/UniversiteitLeiden_-_LibriMissalis_fragmentaBPL25_-_LowerResolution*.jpg': No such file or directory
      ... FAILURE moving jpegs

Anast@DESKTOP-O7KM5A5 /cygdrive/c/David/FHTW-2025-All_-_move_2024_get_new/new_-_folder_for_not-yet-ready_new_imgs/converted_from_PDF_-_now_to_jpeg/color
$ head moving_jpegs_1748362509_2025-05-27T101509-0600.sh
#!/bin/bash

echo -e " Creating directory\n\"/cygdrive/c/David/FHTW-2025-All_-_move_2024_get_new/new_final_jpeg_to_use/BnF-BibArsenal_-_Candide_Ms-3160/\""
mkdir -p "/cygdrive/c/David/FHTW-2025-All_-_move_2024_get_new/new_final_jpeg_to_use/BnF-BibArsenal_-_Candide_Ms-3160/" && echo "      ... success creating dir" || echo "      ... FAILURE creating dir"
echo " Now moving jpeg files."
mv "/cygdrive/c/David/FHTW-2025-All_-_move_2024_get_new/new_-_folder_for_not-yet-ready_new_imgs/converted_from_PDF_-_now_to_jpeg/color/BnF-BibArsenal_-_Candide_Ms-3160*.jpg" "/cygdrive/c/David/FHTW-2025-All_-_move_2024_get_new/new_final_jpeg_to_use/BnF-BibArsenal_-_Candide_Ms-3160/" && echo "      ... success moving jpegs" || echo "      ... FAILURE moving jpegs"

echo -e " Creating directory\n\"/cygdrive/c/David/FHTW-2025-All_-_move_2024_get_new/new_final_jpeg_to_use/BnF-BibArsenal_-_Ms-8407/\""
mkdir -p "/cygdrive/c/David/FHTW-2025-All_-_move_2024_get_new/new_final_jpeg_to_use/BnF-BibArsenal_-_Ms-8407/" && echo "      ... success creating dir" || echo "      ... FAILURE creating dir"
echo " Now moving jpeg files."

Anast@DESKTOP-O7KM5A5 /cygdrive/c/David/FHTW-2025-All_-_move_2024_get_new/new_-_folder_for_not-yet-ready_new_imgs/converted_from_PDF_-_now_to_jpeg/color
$

Anast@DESKTOP-O7KM5A5 /cygdrive/c/David/FHTW-2025-All_-_move_2024_get_new/new_-_folder_for_not-yet-ready_new_imgs/converted_from_PDF_-_now_to_jpeg/color
$

Anast@DESKTOP-O7KM5A5 /cygdrive/c/David/FHTW-2025-All_-_move_2024_get_new/new_-_folder_for_not-yet-ready_new_imgs/converted_from_PDF_-_now_to_jpeg/color
$

Anast@DESKTOP-O7KM5A5 /cygdrive/c/David/FHTW-2025-All_-_move_2024_get_new/new_-_folder_for_not-yet-ready_new_imgs/converted_from_PDF_-_now_to_jpeg/color
$

Anast@DESKTOP-O7KM5A5 /cygdrive/c/David/FHTW-2025-All_-_move_2024_get_new/new_-_folder_for_not-yet-ready_new_imgs/converted_from_PDF_-_now_to_jpeg/color
$

Anast@DESKTOP-O7KM5A5 /cygdrive/c/David/FHTW-2025-All_-_move_2024_get_new/new_-_folder_for_not-yet-ready_new_imgs/converted_from_PDF_-_now_to_jpeg/color
$

Anast@DESKTOP-O7KM5A5 /cygdrive/c/David/FHTW-2025-All_-_move_2024_get_new/new_-_folder_for_not-yet-ready_new_imgs/converted_from_PDF_-_now_to_jpeg/color
$

Anast@DESKTOP-O7KM5A5 /cygdrive/c/David/FHTW-2025-All_-_move_2024_get_new/new_-_folder_for_not-yet-ready_new_imgs/converted_from_PDF_-_now_to_jpeg/color
$ meta_jpeg_fname="moving_jpegs_1748362509_2025-05-27T101509-0600.sh"; \
touch "${meta_jpeg_fname}"; >"${meta_jpeg_fname}"; \
while read -r line; do \
  bare="${line}"; \
  meta_jpeg_fname="moving_jpegs_1748362509_2025-05-27T101509-0600.sh";
  echo >> \
    "${meta_jpeg_fname}";
  dir2be=\
"/cygdrive/c/David/FHTW-2025-All_-_move_2024_get_new/"\
"new_final_jpeg_to_use/${bare}/"; \
  echo "echo -e \" Creating directory\\\n\\\"${dir2be}\\\"\"" >> \
    "${meta_jpeg_fname}"; \
  echo "mkdir -p \"${dir2be}\" "\
"&& echo \"      ... success creating dir\" "\
"|| echo \"      ... FAILURE creating dir\"" >> \
    "${meta_jpeg_fname}"; \
  echo "echo \" Now moving jpeg files.\"" >> \
    "${meta_jpeg_fname}"; \
  echo "mv $(pwd)/${bare}*.jpg \"${dir2be}\" "\
"&& echo \"      ... success moving jpegs\" "\
"|| echo \"      ... FAILURE moving jpegs\"" >> \
    "${meta_jpeg_fname}"; \
done < ../../doc_fnames_to_go_into_final_jpeg_1748362509_2025-05-27T101509-0600.lst

Anast@DESKTOP-O7KM5A5 /cygdrive/c/David/FHTW-2025-All_-_move_2024_get_new/new_-_folder_for_not-yet-ready_new_imgs/converted_from_PDF_-_now_to_jpeg/color
$ cp moving_jpegs_1748362509_2025-05-27T101509-0600.sh mov_bak

Anast@DESKTOP-O7KM5A5 /cygdrive/c/David/FHTW-2025-All_-_move_2024_get_new/new_-_folder_for_not-yet-ready_new_imgs/converted_from_PDF_-_now_to_jpeg/color
$ vim moving_jpegs_1748362509_2025-05-27T101509-0600.sh

Anast@DESKTOP-O7KM5A5 /cygdrive/c/David/FHTW-2025-All_-_move_2024_get_new/new_-_folder_for_not-yet-ready_new_imgs/converted_from_PDF_-_now_to_jpeg/color
$

Anast@DESKTOP-O7KM5A5 /cygdrive/c/David/FHTW-2025-All_-_move_2024_get_new/new_-_folder_for_not-yet-ready_new_imgs/converted_from_PDF_-_now_to_jpeg/color
$ diff moving_jpegs_1748362509_2025-05-27T101509-0600.sh mov_bak
1d0
< #!/usr/bin/env bash

Anast@DESKTOP-O7KM5A5 /cygdrive/c/David/FHTW-2025-All_-_move_2024_get_new/new_-_folder_for_not-yet-ready_new_imgs/converted_from_PDF_-_now_to_jpeg/color
$ rm mov_bak

Anast@DESKTOP-O7KM5A5 /cygdrive/c/David/FHTW-2025-All_-_move_2024_get_new/new_-_folder_for_not-yet-ready_new_imgs/converted_from_PDF_-_now_to_jpeg/color
$

Anast@DESKTOP-O7KM5A5 /cygdrive/c/David/FHTW-2025-All_-_move_2024_get_new/new_-_folder_for_not-yet-ready_new_imgs/converted_from_PDF_-_now_to_jpeg/color
$ chmod a+x moving_jpegs_1748362509_2025-05-27T101509-0600.sh

Anast@DESKTOP-O7KM5A5 /cygdrive/c/David/FHTW-2025-All_-_move_2024_get_new/new_-_folder_for_not-yet-ready_new_imgs/converted_from_PDF_-_now_to_jpeg/color
$ ./moving_jpegs_1748362509_2025-05-27T101509-0600.sh 2>&1 | tee ../../big_jpeg_move_1748362509_2025-05-27T101509-0600.out
 Creating directory
"/cygdrive/c/David/FHTW-2025-All_-_move_2024_get_new/new_final_jpeg_to_use/BnF-BibArsenal_-_Candide_Ms-3160/"
      ... success creating dir
 Now moving jpeg files.
      ... success moving jpegs
 Creating directory
"/cygdrive/c/David/FHTW-2025-All_-_move_2024_get_new/new_final_jpeg_to_use/BnF-BibArsenal_-_Ms-8407/"
      ... success creating dir
 Now moving jpeg files.
      ... success moving jpegs
 Creating directory
"/cygdrive/c/David/FHTW-2025-All_-_move_2024_get_new/new_final_jpeg_to_use/BnF-BibArsenal_-_Ms-87/"
      ... success creating dir
 Now moving jpeg files.
      ... success moving jpegs
 Creating directory
"/cygdrive/c/David/FHTW-2025-All_-_move_2024_get_new/new_final_jpeg_to_use/BnF_-_Ms-Grec-2467/"
      ... success creating dir
 Now moving jpeg files.
      ... success moving jpegs
 Creating directory
"/cygdrive/c/David/FHTW-2025-All_-_move_2024_get_new/new_final_jpeg_to_use/BnF_-_Ms-Heb-187/"
      ... success creating dir
 Now moving jpeg files.
      ... success moving jpegs
 Creating directory
"/cygdrive/c/David/FHTW-2025-All_-_move_2024_get_new/new_final_jpeg_to_use/BnF_-_Ms-Lat-17742/"
      ... success creating dir
 Now moving jpeg files.
      ... success moving jpegs
 Creating directory
"/cygdrive/c/David/FHTW-2025-All_-_move_2024_get_new/new_final_jpeg_to_use/BnF_-_Ms-Lat-18420/"
      ... success creating dir
 Now moving jpeg files.
      ... success moving jpegs
 Creating directory
"/cygdrive/c/David/FHTW-2025-All_-_move_2024_get_new/new_final_jpeg_to_use/BnF_-_Ms-Lat-18553/"
      ... success creating dir
 Now moving jpeg files.
      ... success moving jpegs
 Creating directory
"/cygdrive/c/David/FHTW-2025-All_-_move_2024_get_new/new_final_jpeg_to_use/BnF_-_Ms-Lat-18554/"
      ... success creating dir
 Now moving jpeg files.
      ... success moving jpegs
 Creating directory
"/cygdrive/c/David/FHTW-2025-All_-_move_2024_get_new/new_final_jpeg_to_use/BnF_-_Ms-Supplmnt-Grec-1027/"
      ... success creating dir
 Now moving jpeg files.
      ... success moving jpegs
 Creating directory
"/cygdrive/c/David/FHTW-2025-All_-_move_2024_get_new/new_final_jpeg_to_use/DigitaleLandesbibOberosterreich_-_Linz-AT-OOeLB-Hs-20/"
      ... success creating dir
 Now moving jpeg files.
      ... success moving jpegs
 Creating directory
"/cygdrive/c/David/FHTW-2025-All_-_move_2024_get_new/new_final_jpeg_to_use/England-Bodl-Christ-Church_-_MS-95/"
      ... success creating dir
 Now moving jpeg files.
      ... success moving jpegs
 Creating directory
"/cygdrive/c/David/FHTW-2025-All_-_move_2024_get_new/new_final_jpeg_to_use/England-Bodl_-_BodlLib_MS-Canon-Misc-575/"
      ... success creating dir
 Now moving jpeg files.
      ... success moving jpegs
 Creating directory
"/cygdrive/c/David/FHTW-2025-All_-_move_2024_get_new/new_final_jpeg_to_use/England-Bodl_-_BodlLib_MS-Duke-Humfrey-c-1/"
      ... success creating dir
 Now moving jpeg files.
      ... success moving jpegs
 Creating directory
"/cygdrive/c/David/FHTW-2025-All_-_move_2024_get_new/new_final_jpeg_to_use/England-Bodl_-_BodlLib_MS-Hamilton-45/"
      ... success creating dir
 Now moving jpeg files.
      ... success moving jpegs
 Creating directory
"/cygdrive/c/David/FHTW-2025-All_-_move_2024_get_new/new_final_jpeg_to_use/England-Bodl_-_BodlLib_MS-Hamilton-9/"
      ... success creating dir
 Now moving jpeg files.
      ... success moving jpegs
 Creating directory
"/cygdrive/c/David/FHTW-2025-All_-_move_2024_get_new/new_final_jpeg_to_use/England-Bodl_-_BodlLib_MS-Lat-th-d-18/"
      ... success creating dir
 Now moving jpeg files.
      ... success moving jpegs
 Creating directory
"/cygdrive/c/David/FHTW-2025-All_-_move_2024_get_new/new_final_jpeg_to_use/France-BibMunMetz_-_Ms-12324/"
      ... success creating dir
 Now moving jpeg files.
      ... success moving jpegs
 Creating directory
"/cygdrive/c/David/FHTW-2025-All_-_move_2024_get_new/new_final_jpeg_to_use/HLSbibFulda_-_Victor-Codex-100-Bonifatianus-1/"
      ... success creating dir
 Now moving jpeg files.
      ... success moving jpegs
 Creating directory
"/cygdrive/c/David/FHTW-2025-All_-_move_2024_get_new/new_final_jpeg_to_use/StaatsbibBamberg_-_Msc-Patr-5/"
      ... success creating dir
 Now moving jpeg files.
      ... success moving jpegs
 Creating directory
"/cygdrive/c/David/FHTW-2025-All_-_move_2024_get_new/new_final_jpeg_to_use/UniversiteitLeiden_-_LibriMissalis_fragmentaBPL25_-_LowerResolution/"
      ... success creating dir
 Now moving jpeg files.
      ... success moving jpegs

Anast@DESKTOP-O7KM5A5 /cygdrive/c/David/FHTW-2025-All_-_move_2024_get_new/new_-_folder_for_not-yet-ready_new_imgs/converted_from_PDF_-_now_to_jpeg/color
$ #  There we see why it's easier to have no spaces.

Anast@DESKTOP-O7KM5A5 /cygdrive/c/David/FHTW-2025-All_-_move_2024_get_new/new_-_folder_for_not-yet-ready_new_imgs/converted_from_PDF_-_now_to_jpeg/color
$ #+ Instead of taking away the double quotes around the

Anast@DESKTOP-O7KM5A5 /cygdrive/c/David/FHTW-2025-All_-_move_2024_get_new/new_-_folder_for_not-yet-ready_new_imgs/converted_from_PDF_-_now_to_jpeg/color
$ #+ `mv` with the asterisk, I could have done `echo "mv \"$(pwd)${}\"*.jpg \"${dir2be}\""`

Anast@DESKTOP-O7KM5A5 /cygdrive/c/David/FHTW-2025-All_-_move_2024_get_new/new_-_folder_for_not-yet-ready_new_imgs/converted_from_PDF_-_now_to_jpeg/color
$ #+ which would have let me use filepaths with spaces, but it

Anast@DESKTOP-O7KM5A5 /cygdrive/c/David/FHTW-2025-All_-_move_2024_get_new/new_-_folder_for_not-yet-ready_new_imgs/converted_from_PDF_-_now_to_jpeg/color
$ #+ was so much cleaner to just take out the quotes. For the PNGs,

Anast@DESKTOP-O7KM5A5 /cygdrive/c/David/FHTW-2025-All_-_move_2024_get_new/new_-_folder_for_not-yet-ready_new_imgs/converted_from_PDF_-_now_to_jpeg/color
$ #+ I'll try the second method and see what happens.

Anast@DESKTOP-O7KM5A5 /cygdrive/c/David/FHTW-2025-All_-_move_2024_get_new/new_-_folder_for_not-yet-ready_new_imgs/converted_from_PDF_-_now_to_jpeg/color
$ find . -type f -not -iname "*.png" | wc -l
3

Anast@DESKTOP-O7KM5A5 /cygdrive/c/David/FHTW-2025-All_-_move_2024_get_new/new_-_folder_for_not-yet-ready_new_imgs/converted_from_PDF_-_now_to_jpeg/color
$ find . -type f -not -iname "*.png"
./.moving_jpegs_1748362509_2025-05-27T101509-0600.sh.un~
./moving_jpegs_1748362509_2025-05-27T101509-0600.sh
./moving_jpegs_1748362509_2025-05-27T101509-0600.sh~

Anast@DESKTOP-O7KM5A5 /cygdrive/c/David/FHTW-2025-All_-_move_2024_get_new/new_-_folder_for_not-yet-ready_new_imgs/converted_from_PDF_-_now_to_jpeg/color
$ rm ./*~

Anast@DESKTOP-O7KM5A5 /cygdrive/c/David/FHTW-2025-All_-_move_2024_get_new/new_-_folder_for_not-yet-ready_new_imgs/converted_from_PDF_-_now_to_jpeg/color
$ find . -type f -not -iname "*.png"
./.moving_jpegs_1748362509_2025-05-27T101509-0600.sh.un~
./moving_jpegs_1748362509_2025-05-27T101509-0600.sh

Anast@DESKTOP-O7KM5A5 /cygdrive/c/David/FHTW-2025-All_-_move_2024_get_new/new_-_folder_for_not-yet-ready_new_imgs/converted_from_PDF_-_now_to_jpeg/color
$ rm ./.*~

Anast@DESKTOP-O7KM5A5 /cygdrive/c/David/FHTW-2025-All_-_move_2024_get_new/new_-_folder_for_not-yet-ready_new_imgs/converted_from_PDF_-_now_to_jpeg/color
$ find . -type f -not -iname "*.png"
./moving_jpegs_1748362509_2025-05-27T101509-0600.sh

Anast@DESKTOP-O7KM5A5 /cygdrive/c/David/FHTW-2025-All_-_move_2024_get_new/new_-_folder_for_not-yet-ready_new_imgs/converted_from_PDF_-_now_to_jpeg/color
$ mv moving_jpegs_1748362509_2025-05-27T101509-0600.sh ../..

Anast@DESKTOP-O7KM5A5 /cygdrive/c/David/FHTW-2025-All_-_move_2024_get_new/new_-_folder_for_not-yet-ready_new_imgs/converted_from_PDF_-_now_to_jpeg/color
$ ls ../../*.out
../../any_existing_dirs_check_1748362509_2025-05-27T101509-0600.out
../../any_existing_files_check_1748362509_2025-05-27T101509-0600.out
../../big_jpeg_move_1748362509_2025-05-27T101509-0600.out
../../color_jpgs_3ch_format_check_batch_1748217711_2025-05-25T180151-0600.out
../../conv_from_pdf_format_1748123944_2025-05-24T155904-0600.out
../../removing_already_done_1748217711_2025-05-25T180151-0600.out
../../removing_double_bnf_lat_17742_1748269758_2025-05-1748269758T082918-0600.out
../../rename_1748208989_2025-05-25T153629-0600.out
../../renames_1748308719_2025-05-26T191839-0600.out
../../tryagain_renaming_out_space_univleid_librmiss_lowres_1748210312_2025-05-25T155832-0600.out

Anast@DESKTOP-O7KM5A5 /cygdrive/c/David/FHTW-2025-All_-_move_2024_get_new/new_-_folder_for_not-yet-ready_new_imgs/converted_from_PDF_-_now_to_jpeg/color
$ grep -i --failure ../../big_jpeg_move_1748362509_2025-05-27T101509-0600.out
grep: unknown option -- failure
Usage: grep [OPTION]... PATTERNS [FILE]...
Try 'grep --help' for more information.

Anast@DESKTOP-O7KM5A5 /cygdrive/c/David/FHTW-2025-All_-_move_2024_get_new/new_-_folder_for_not-yet-ready_new_imgs/converted_from_PDF_-_now_to_jpeg/color
$ #  Hooray! Failure is not an option

Anast@DESKTOP-O7KM5A5 /cygdrive/c/David/FHTW-2025-All_-_move_2024_get_new/new_-_folder_for_not-yet-ready_new_imgs/converted_from_PDF_-_now_to_jpeg/color
$ grep -i failure ../../big_jpeg_move_1748362509_2025-05-27T101509-0600.out | wc -l
0

Anast@DESKTOP-O7KM5A5 /cygdrive/c/David/FHTW-2025-All_-_move_2024_get_new/new_-_folder_for_not-yet-ready_new_imgs/converted_from_PDF_-_now_to_jpeg/color
$ wc -l ../../doc_fnames_to_go_into_final_jpeg_1748362509_2025-05-27T101509-0600.lst
21 ../../doc_fnames_to_go_into_final_jpeg_1748362509_2025-05-27T101509-0600.lst

Anast@DESKTOP-O7KM5A5 /cygdrive/c/David/FHTW-2025-All_-_move_2024_get_new/new_-_folder_for_not-yet-ready_new_imgs/converted_from_PDF_-_now_to_jpeg/color
$ cat ../../doc_fnames_to_go_into_final_jpeg_1748362509_2025-05-27T101509-0600.lst
BnF-BibArsenal_-_Candide_Ms-3160
BnF-BibArsenal_-_Ms-8407
BnF-BibArsenal_-_Ms-87
BnF_-_Ms-Grec-2467
BnF_-_Ms-Heb-187
BnF_-_Ms-Lat-17742
BnF_-_Ms-Lat-18420
BnF_-_Ms-Lat-18553
BnF_-_Ms-Lat-18554
BnF_-_Ms-Supplmnt-Grec-1027
DigitaleLandesbibOberosterreich_-_Linz-AT-OOeLB-Hs-20
England-Bodl-Christ-Church_-_MS-95
England-Bodl_-_BodlLib_MS-Canon-Misc-575
England-Bodl_-_BodlLib_MS-Duke-Humfrey-c-1
England-Bodl_-_BodlLib_MS-Hamilton-45
England-Bodl_-_BodlLib_MS-Hamilton-9
England-Bodl_-_BodlLib_MS-Lat-th-d-18
France-BibMunMetz_-_Ms-12324
HLSbibFulda_-_Victor-Codex-100-Bonifatianus-1
StaatsbibBamberg_-_Msc-Patr-5
UniversiteitLeiden_-_LibriMissalis_fragmentaBPL25_-_LowerResolution

Anast@DESKTOP-O7KM5A5 /cygdrive/c/David/FHTW-2025-All_-_move_2024_get_new/new_-_folder_for_not-yet-ready_new_imgs/converted_from_PDF_-_now_to_jpeg/color
$ cp ../../doc_fnames_to_go_into_final_jpeg_1748362509_2025-05-27T101509-0600.lst ../../doc_fnames_to_go_into_png_bak_1748362509_2025-05-27T101509-0600.lst

Anast@DESKTOP-O7KM5A5 /cygdrive/c/David/FHTW-2025-All_-_move_2024_get_new/new_-_folder_for_not-yet-ready_new_imgs/converted_from_PDF_-_now_to_jpeg/color
$

Anast@DESKTOP-O7KM5A5 /cygdrive/c/David/FHTW-2025-All_-_move_2024_get_new/new_-_folder_for_not-yet-ready_new_imgs/converted_from_PDF_-_now_to_jpeg/color
$

Anast@DESKTOP-O7KM5A5 /cygdrive/c/David/FHTW-2025-All_-_move_2024_get_new/new_-_folder_for_not-yet-ready_new_imgs/converted_from_PDF_-_now_to_jpeg/color
$

Anast@DESKTOP-O7KM5A5 /cygdrive/c/David/FHTW-2025-All_-_move_2024_get_new/new_-_folder_for_not-yet-ready_new_imgs/converted_from_PDF_-_now_to_jpeg/color
$

Anast@DESKTOP-O7KM5A5 /cygdrive/c/David/FHTW-2025-All_-_move_2024_get_new/new_-_folder_for_not-yet-ready_new_imgs/converted_from_PDF_-_now_to_jpeg/color
$

Anast@DESKTOP-O7KM5A5 /cygdrive/c/David/FHTW-2025-All_-_move_2024_get_new/new_-_folder_for_not-yet-ready_new_imgs/converted_from_PDF_-_now_to_jpeg/color
$ meta_png_fname="moving_pngs_1748362509_2025-05-27T101509-0600.sh"; \
touch "${meta_png_fname}"; >"${meta_png_fname}"; \
while read -r line; do \
  bare="${line}"; \
  meta_jpeg_fname="moving_pngs_1748362509_2025-05-27T101509-0600.sh";
  echo >> \
    "${meta_png_fname}";
  dir2be=\
"/cygdrive/c/David/FHTW-2025-All_-_move_2024_get_new/"\
"new_-_folder_for_not-yet-ready_new_imgs/png_bak_from_PDFs/${bare}/"; \
  echo "echo -e \" Creating directory\\n\\\"${dir2be}\\\"\"" >> \
    "${meta_png_fname}"; \
  echo "mkdir -p \"${dir2be}\" "\
"&& echo \"      ... success creating dir\" "\
"|| echo \"      ... FAILURE creating dir\"" >> \
    "${meta_png_fname}"; \
  echo "echo \" Now moving png files.\"" >> \
    "${meta_png_fname}"; \
  echo "mv \"$(pwd)/${bare}\"*.png \"${dir2be}\" "\
"&& echo \"      ... success moving pngs\" "\
"|| echo \"      ... FAILURE moving pngs\"" >> \
    "${meta_png_fname}"; \
done < ../../doc_fnames_to_go_into_png_bak_1748362509_2025-05-27T101509-0600.lst

Anast@DESKTOP-O7KM5A5 /cygdrive/c/David/FHTW-2025-All_-_move_2024_get_new/new_-_folder_for_not-yet-ready_new_imgs/converted_from_PDF_-_now_to_jpeg/color
$ vim moving_pngs_1748362509_2025-05-27T101509-0600.sh

Anast@DESKTOP-O7KM5A5 /cygdrive/c/David/FHTW-2025-All_-_move_2024_get_new/new_-_folder_for_not-yet-ready_new_imgs/converted_from_PDF_-_now_to_jpeg/color
$ cp moving_pngs_1748362509_2025-05-27T101509-0600.sh mov_png_bak

Anast@DESKTOP-O7KM5A5 /cygdrive/c/David/FHTW-2025-All_-_move_2024_get_new/new_-_folder_for_not-yet-ready_new_imgs/converted_from_PDF_-_now_to_jpeg/color
$ vim moving_pngs_1748362509_2025-05-27T101509-0600.sh

Anast@DESKTOP-O7KM5A5 /cygdrive/c/David/FHTW-2025-All_-_move_2024_get_new/new_-_folder_for_not-yet-ready_new_imgs/converted_from_PDF_-_now_to_jpeg/color
$ diff moving_pngs_1748362509_2025-05-27T101509-0600.sh mov_png_bak
1d0
< #!/usr/bin/env bash

Anast@DESKTOP-O7KM5A5 /cygdrive/c/David/FHTW-2025-All_-_move_2024_get_new/new_-_folder_for_not-yet-ready_new_imgs/converted_from_PDF_-_now_to_jpeg/color
$ rm mov_png_bak

Anast@DESKTOP-O7KM5A5 /cygdrive/c/David/FHTW-2025-All_-_move_2024_get_new/new_-_folder_for_not-yet-ready_new_imgs/converted_from_PDF_-_now_to_jpeg/color
$ chmod a+x moving_pngs_1748362509_2025-05-27T101509-0600.sh

Anast@DESKTOP-O7KM5A5 /cygdrive/c/David/FHTW-2025-All_-_move_2024_get_new/new_-_folder_for_not-yet-ready_new_imgs/converted_from_PDF_-_now_to_jpeg/color
$ ./moving_pngs_1748362509_2025-05-27T101509-0600.sh 2>&1 | tee ../../big_png_move_1748362509_2025-05-27T101509-0600.out
 Creating directory
"/cygdrive/c/David/FHTW-2025-All_-_move_2024_get_new/new_-_folder_for_not-yet-ready_new_imgs/png_bak_from_PDFs/BnF-BibArsenal_-_Candide_Ms-3160/"
      ... success creating dir
 Now moving png files.
      ... success moving pngs
 Creating directory
"/cygdrive/c/David/FHTW-2025-All_-_move_2024_get_new/new_-_folder_for_not-yet-ready_new_imgs/png_bak_from_PDFs/BnF-BibArsenal_-_Ms-8407/"
      ... success creating dir
 Now moving png files.
      ... success moving pngs
 Creating directory
"/cygdrive/c/David/FHTW-2025-All_-_move_2024_get_new/new_-_folder_for_not-yet-ready_new_imgs/png_bak_from_PDFs/BnF-BibArsenal_-_Ms-87/"
      ... success creating dir
 Now moving png files.
      ... success moving pngs
 Creating directory
"/cygdrive/c/David/FHTW-2025-All_-_move_2024_get_new/new_-_folder_for_not-yet-ready_new_imgs/png_bak_from_PDFs/BnF_-_Ms-Grec-2467/"
      ... success creating dir
 Now moving png files.
      ... success moving pngs
 Creating directory
"/cygdrive/c/David/FHTW-2025-All_-_move_2024_get_new/new_-_folder_for_not-yet-ready_new_imgs/png_bak_from_PDFs/BnF_-_Ms-Heb-187/"
      ... success creating dir
 Now moving png files.
      ... success moving pngs
 Creating directory
"/cygdrive/c/David/FHTW-2025-All_-_move_2024_get_new/new_-_folder_for_not-yet-ready_new_imgs/png_bak_from_PDFs/BnF_-_Ms-Lat-17742/"
      ... success creating dir
 Now moving png files.
      ... success moving pngs
 Creating directory
"/cygdrive/c/David/FHTW-2025-All_-_move_2024_get_new/new_-_folder_for_not-yet-ready_new_imgs/png_bak_from_PDFs/BnF_-_Ms-Lat-18420/"
      ... success creating dir
 Now moving png files.
      ... success moving pngs
 Creating directory
"/cygdrive/c/David/FHTW-2025-All_-_move_2024_get_new/new_-_folder_for_not-yet-ready_new_imgs/png_bak_from_PDFs/BnF_-_Ms-Lat-18553/"
      ... success creating dir
 Now moving png files.
      ... success moving pngs
 Creating directory
"/cygdrive/c/David/FHTW-2025-All_-_move_2024_get_new/new_-_folder_for_not-yet-ready_new_imgs/png_bak_from_PDFs/BnF_-_Ms-Lat-18554/"
      ... success creating dir
 Now moving png files.
      ... success moving pngs
 Creating directory
"/cygdrive/c/David/FHTW-2025-All_-_move_2024_get_new/new_-_folder_for_not-yet-ready_new_imgs/png_bak_from_PDFs/BnF_-_Ms-Supplmnt-Grec-1027/"
      ... success creating dir
 Now moving png files.
      ... success moving pngs
 Creating directory
"/cygdrive/c/David/FHTW-2025-All_-_move_2024_get_new/new_-_folder_for_not-yet-ready_new_imgs/png_bak_from_PDFs/DigitaleLandesbibOberosterreich_-_Linz-AT-OOeLB-Hs-20/"
      ... success creating dir
 Now moving png files.
      ... success moving pngs
 Creating directory
"/cygdrive/c/David/FHTW-2025-All_-_move_2024_get_new/new_-_folder_for_not-yet-ready_new_imgs/png_bak_from_PDFs/England-Bodl-Christ-Church_-_MS-95/"
      ... success creating dir
 Now moving png files.
      ... success moving pngs
 Creating directory
"/cygdrive/c/David/FHTW-2025-All_-_move_2024_get_new/new_-_folder_for_not-yet-ready_new_imgs/png_bak_from_PDFs/England-Bodl_-_BodlLib_MS-Canon-Misc-575/"
      ... success creating dir
 Now moving png files.
      ... success moving pngs
 Creating directory
"/cygdrive/c/David/FHTW-2025-All_-_move_2024_get_new/new_-_folder_for_not-yet-ready_new_imgs/png_bak_from_PDFs/England-Bodl_-_BodlLib_MS-Duke-Humfrey-c-1/"
      ... success creating dir
 Now moving png files.
      ... success moving pngs
 Creating directory
"/cygdrive/c/David/FHTW-2025-All_-_move_2024_get_new/new_-_folder_for_not-yet-ready_new_imgs/png_bak_from_PDFs/England-Bodl_-_BodlLib_MS-Hamilton-45/"
      ... success creating dir
 Now moving png files.
      ... success moving pngs
 Creating directory
"/cygdrive/c/David/FHTW-2025-All_-_move_2024_get_new/new_-_folder_for_not-yet-ready_new_imgs/png_bak_from_PDFs/England-Bodl_-_BodlLib_MS-Hamilton-9/"
      ... success creating dir
 Now moving png files.
      ... success moving pngs
 Creating directory
"/cygdrive/c/David/FHTW-2025-All_-_move_2024_get_new/new_-_folder_for_not-yet-ready_new_imgs/png_bak_from_PDFs/England-Bodl_-_BodlLib_MS-Lat-th-d-18/"
      ... success creating dir
 Now moving png files.
      ... success moving pngs
 Creating directory
"/cygdrive/c/David/FHTW-2025-All_-_move_2024_get_new/new_-_folder_for_not-yet-ready_new_imgs/png_bak_from_PDFs/France-BibMunMetz_-_Ms-12324/"
      ... success creating dir
 Now moving png files.
      ... success moving pngs
 Creating directory
"/cygdrive/c/David/FHTW-2025-All_-_move_2024_get_new/new_-_folder_for_not-yet-ready_new_imgs/png_bak_from_PDFs/HLSbibFulda_-_Victor-Codex-100-Bonifatianus-1/"
      ... success creating dir
 Now moving png files.
      ... success moving pngs
 Creating directory
"/cygdrive/c/David/FHTW-2025-All_-_move_2024_get_new/new_-_folder_for_not-yet-ready_new_imgs/png_bak_from_PDFs/StaatsbibBamberg_-_Msc-Patr-5/"
      ... success creating dir
 Now moving png files.
      ... success moving pngs
 Creating directory
"/cygdrive/c/David/FHTW-2025-All_-_move_2024_get_new/new_-_folder_for_not-yet-ready_new_imgs/png_bak_from_PDFs/UniversiteitLeiden_-_LibriMissalis_fragmentaBPL25_-_LowerResolution/"
      ... success creating dir
 Now moving png files.
      ... success moving pngs

Anast@DESKTOP-O7KM5A5 /cygdrive/c/David/FHTW-2025-All_-_move_2024_get_new/new_-_folder_for_not-yet-ready_new_imgs/converted_from_PDF_-_now_to_jpeg/color
$ find . | wc -l
4

Anast@DESKTOP-O7KM5A5 /cygdrive/c/David/FHTW-2025-All_-_move_2024_get_new/new_-_folder_for_not-yet-ready_new_imgs/converted_from_PDF_-_now_to_jpeg/color
$ find .
.
./.moving_pngs_1748362509_2025-05-27T101509-0600.sh.un~
./moving_pngs_1748362509_2025-05-27T101509-0600.sh
./moving_pngs_1748362509_2025-05-27T101509-0600.sh~

Anast@DESKTOP-O7KM5A5 /cygdrive/c/David/FHTW-2025-All_-_move_2024_get_new/new_-_folder_for_not-yet-ready_new_imgs/converted_from_PDF_-_now_to_jpeg/color
$ mv moving_pngs_1748362509_2025-05-27T101509-0600.sh ../../

Anast@DESKTOP-O7KM5A5 /cygdrive/c/David/FHTW-2025-All_-_move_2024_get_new/new_-_folder_for_not-yet-ready_new_imgs/converted_from_PDF_-_now_to_jpeg/color
$ ls -lAH
total 21
-rwxrw-r--+ 1 Anast Anast   523 May 27 11:20 .moving_pngs_1748362509_2025-05-27T101509-0600.sh.un~
-rwxrw-r--+ 1 Anast Anast 17735 May 27 11:19 moving_pngs_1748362509_2025-05-27T101509-0600.sh~

Anast@DESKTOP-O7KM5A5 /cygdrive/c/David/FHTW-2025-All_-_move_2024_get_new/new_-_folder_for_not-yet-ready_new_imgs/converted_from_PDF_-_now_to_jpeg/color
$ rm *

Anast@DESKTOP-O7KM5A5 /cygdrive/c/David/FHTW-2025-All_-_move_2024_get_new/new_-_folder_for_not-yet-ready_new_imgs/converted_from_PDF_-_now_to_jpeg/color
$ ls -lah
total 4.7M
drwxrwx---+ 1 Anast Anast   0 May 27 11:39 .
drwxrwx---+ 1 Anast Anast   0 May 26 19:16 ..
-rwxrw-r--+ 1 Anast Anast 523 May 27 11:20 .moving_pngs_1748362509_2025-05-27T101509-0600.sh.un~

Anast@DESKTOP-O7KM5A5 /cygdrive/c/David/FHTW-2025-All_-_move_2024_get_new/new_-_folder_for_not-yet-ready_new_imgs/converted_from_PDF_-_now_to_jpeg/color
$ rm .moving_pngs_1748362509_2025-05-27T101509-0600.sh.un~

Anast@DESKTOP-O7KM5A5 /cygdrive/c/David/FHTW-2025-All_-_move_2024_get_new/new_-_folder_for_not-yet-ready_new_imgs/converted_from_PDF_-_now_to_jpeg/color
$ ls -lAH
total 0

Anast@DESKTOP-O7KM5A5 /cygdrive/c/David/FHTW-2025-All_-_move_2024_get_new/new_-_folder_for_not-yet-ready_new_imgs/converted_from_PDF_-_now_to_jpeg/color
$ ls -laH
total 1968
drwxrwx---+ 1 Anast Anast 0 May 27 11:39 .
drwxrwx---+ 1 Anast Anast 0 May 26 19:16 ..

Anast@DESKTOP-O7KM5A5 /cygdrive/c/David/FHTW-2025-All_-_move_2024_get_new/new_-_folder_for_not-yet-ready_new_imgs/converted_from_PDF_-_now_to_jpeg/color
$ lh
total 2.0M
drwxrwx---+ 1 Anast Anast 0 May 27 11:39 .
drwxrwx---+ 1 Anast Anast 0 May 26 19:16 ..

Anast@DESKTOP-O7KM5A5 /cygdrive/c/David/FHTW-2025-All_-_move_2024_get_new/new_-_folder_for_not-yet-ready_new_imgs/converted_from_PDF_-_now_to_jpeg/color
$ cd ../grayscale/

Anast@DESKTOP-O7KM5A5 /cygdrive/c/David/FHTW-2025-All_-_move_2024_get_new/new_-_folder_for_not-yet-ready_new_imgs/converted_from_PDF_-_now_to_jpeg/grayscale
$ lh ..
total 3.3M
drwxrwx---+ 1 Anast Anast    0 May 26 19:16 .
drwxrwx---+ 1 Anast Anast    0 May 27 11:39 ..
-rwxrw-r--+ 1 Anast Anast 583K May 26 19:49 b2_color_formats_for_batch_1748217711_2025-05-25T180151-0600.out
-rwxrw-r--+ 1 Anast Anast 124K May 26 19:09 b2_grayscale_formats_for_batch_1748217711_2025-05-25T180151-0600.out
drwxrwx---+ 1 Anast Anast    0 May 27 11:39 color
drwxrwxr-x+ 1 Anast Anast    0 May 26 19:13 grayscale
-rwxrw-r--+ 1 Anast Anast    0 May 26 18:59 grayscale_formats_for_batch_1748217711_2025-05-25T180151-0600.out
drwxrwxr-x+ 1 Anast Anast    0 May 26 18:50 palette

Anast@DESKTOP-O7KM5A5 /cygdrive/c/David/FHTW-2025-All_-_move_2024_get_new/new_-_folder_for_not-yet-ready_new_imgs/converted_from_PDF_-_now_to_jpeg/grayscale
$ mv ../grayscale_formats_for_batch_1748217711_2025-05-25T180151-0600.out ../b2_grayscale_formats_for_batch_1748217711_2025-05-25T180151-0600.out

Anast@DESKTOP-O7KM5A5 /cygdrive/c/David/FHTW-2025-All_-_move_2024_get_new/new_-_folder_for_not-yet-ready_new_imgs/converted_from_PDF_-_now_to_jpeg/grayscale
$ # I'm pretty sure we have all of the 1 and 2 images for grayscale.

Anast@DESKTOP-O7KM5A5 /cygdrive/c/David/FHTW-2025-All_-_move_2024_get_new/new_-_folder_for_not-yet-ready_new_imgs/converted_from_PDF_-_now_to_jpeg/grayscale
$ find . -type f -iname "*.png" | awk -F'/' '{print $NF}' | sed 's#_[0-9]\{5\}[.][^.]\{2,5\}$##g' | sort | uniq -c
    713 BnF-BibArsenal_-_Ms-6039
     74 BnF_-_Ms-Fra-24308
    299 BnF_-_Ms-Grec-338
    171 BnF_-_Ms-Lat-17385
    327 BnF_-_Ms-Lat-17551
     37 BnF_-_Ms-Lat-18315
    123 BnF_-_Ms-Lat-18417
     96 BnF_-_Ms-Lat-18421
    174 BnF_-_Ms-Lat-3085A

Anast@DESKTOP-O7KM5A5 /cygdrive/c/David/FHTW-2025-All_-_move_2024_get_new/new_-_folder_for_not-yet-ready_new_imgs/converted_from_PDF_-_now_to_jpeg/grayscale
$ find . -type f | grep "BnF-BibArsenal_-_Ms-6039_00001.png"
./BnF-BibArsenal_-_Ms-6039_00001.png

Anast@DESKTOP-O7KM5A5 /cygdrive/c/David/FHTW-2025-All_-_move_2024_get_new/new_-_folder_for_not-yet-ready_new_imgs/converted_from_PDF_-_now_to_jpeg/grayscale
$ find . -type f | grep "BnF-BibArsenal_-_Ms-6039_00002.png"
./BnF-BibArsenal_-_Ms-6039_00002.png

Anast@DESKTOP-O7KM5A5 /cygdrive/c/David/FHTW-2025-All_-_move_2024_get_new/new_-_folder_for_not-yet-ready_new_imgs/converted_from_PDF_-_now_to_jpeg/grayscale
$ find . -type f | grep "BnF.*0000[12][.]png" | wc -l  # We should get 18
18

c echo $ts_batch
1748307305_2025-05-26T185505-0600

Anast@DESKTOP-O7KM5A5 /cygdrive/c/David/FHTW-2025-All_-_move_2024_get_new/new_-_folder_for_not-yet-ready_new_imgs/converted_from_PDF_-_now_to_jpeg/grayscale
$ ttdate && time mogrify -format jpg -quality 92 -colorspace srgb -type truecolor *.png && ttdate
1748378613_2025-05-27T144333-0600
mogrify: iCCP: profile 'icc': 0h: PCS illuminant is not D50 `BnF-BibArsenal_-_Ms-6039_00001.png' @ warning/png.c/MagickPNGWarningHandler/1748.
mogrify: iCCP: profile 'icc': 0h: PCS illuminant is not D50 `BnF-BibArsenal_-_Ms-6039_00002.png' @ warning/png.c/MagickPNGWarningHandler/1748.
mogrify: iCCP: profile 'icc': 0h: PCS illuminant is not D50 `BnF_-_Ms-Fra-24308_00001.png' @ warning/png.c/MagickPNGWarningHandler/1748.
mogrify: iCCP: profile 'icc': 0h: PCS illuminant is not D50 `BnF_-_Ms-Fra-24308_00002.png' @ warning/png.c/MagickPNGWarningHandler/1748.
mogrify: iCCP: profile 'icc': 0h: PCS illuminant is not D50 `BnF_-_Ms-Grec-338_00001.png' @ warning/png.c/MagickPNGWarningHandler/1748.
mogrify: iCCP: profile 'icc': 0h: PCS illuminant is not D50 `BnF_-_Ms-Grec-338_00002.png' @ warning/png.c/MagickPNGWarningHandler/1748.
mogrify: iCCP: profile 'icc': 0h: PCS illuminant is not D50 `BnF_-_Ms-Lat-17385_00001.png' @ warning/png.c/MagickPNGWarningHandler/1748.
mogrify: iCCP: profile 'icc': 0h: PCS illuminant is not D50 `BnF_-_Ms-Lat-17385_00002.png' @ warning/png.c/MagickPNGWarningHandler/1748.
mogrify: iCCP: profile 'icc': 0h: PCS illuminant is not D50 `BnF_-_Ms-Lat-17551_00001.png' @ warning/png.c/MagickPNGWarningHandler/1748.
mogrify: iCCP: profile 'icc': 0h: PCS illuminant is not D50 `BnF_-_Ms-Lat-17551_00002.png' @ warning/png.c/MagickPNGWarningHandler/1748.
mogrify: iCCP: profile 'icc': 0h: PCS illuminant is not D50 `BnF_-_Ms-Lat-18315_00001.png' @ warning/png.c/MagickPNGWarningHandler/1748.
mogrify: iCCP: profile 'icc': 0h: PCS illuminant is not D50 `BnF_-_Ms-Lat-18315_00002.png' @ warning/png.c/MagickPNGWarningHandler/1748.
mogrify: iCCP: profile 'icc': 0h: PCS illuminant is not D50 `BnF_-_Ms-Lat-18417_00001.png' @ warning/png.c/MagickPNGWarningHandler/1748.
mogrify: iCCP: profile 'icc': 0h: PCS illuminant is not D50 `BnF_-_Ms-Lat-18417_00002.png' @ warning/png.c/MagickPNGWarningHandler/1748.
mogrify: iCCP: profile 'icc': 0h: PCS illuminant is not D50 `BnF_-_Ms-Lat-18421_00001.png' @ warning/png.c/MagickPNGWarningHandler/1748.
mogrify: iCCP: profile 'icc': 0h: PCS illuminant is not D50 `BnF_-_Ms-Lat-18421_00002.png' @ warning/png.c/MagickPNGWarningHandler/1748.
mogrify: iCCP: profile 'icc': 0h: PCS illuminant is not D50 `BnF_-_Ms-Lat-3085A_00001.png' @ warning/png.c/MagickPNGWarningHandler/1748.
mogrify: iCCP: profile 'icc': 0h: PCS illuminant is not D50 `BnF_-_Ms-Lat-3085A_00002.png' @ warning/png.c/MagickPNGWarningHandler/1748.

real    4m19.356s
user    2m43.687s
sys     1m24.171s
1748378873_2025-05-27T144753-0600

Anast@DESKTOP-O7KM5A5 /cygdrive/c/David/FHTW-2025-All_-_move_2024_get_new/new_-_folder_for_not-yet-ready_new_imgs/converted_from_PDF_-_now_to_jpeg/grayscale
$ history | grep identify | tail
 1068  #echo "Grayscale" && ttdate && identify -format "\n\n%f\n%[magick] %[colorspace] %[type] %[extension] %[bit-depth] %[channels]\n" *.png > grayscale_formats_for_batch_${ts}.out && ttdate && echo "--------------------------------------------" && cd ../color/ && echo "Color" && ttdate && identify -format "\n\n%f\n%[magick] %[colorspace] %[type] %[extension] %[bit-depth] %[channels]\n" *.png > color_formats_for_batch_${ts}.out && ttdate && cd ..
 1072  echo "Grayscale" && ttdate && identify -format "\n\n%f\n%[magick] %[colorspace] %[type] %[extension] %[bit-depth] %[channels]\n" *.png > grayscale_formats_for_batch_${ts}.out && ttdate && echo "--------------------------------------------" && cd ../color/ && echo "Color" && ttdate && identify -format "\n\n%f\n%[magick] %[colorspace] %[type] %[extension] %[bit-depth] %[channels]\n" *.png > color_formats_for_batch_${ts}.out && ttdate && cd ..
 1073  echo "-------------------------------------" && checksituation && cd grayscale/ && echo "---------------------------------------------" && echo "Grayscale" && checksituation && identify -format "\n\n%f\n%[magick] %[colorspace] %[type] %[extension] %[bit-depth] %[channels]\n" *.png > b2_grayscale_formats_for_batch_${ts}.out && checksituation && echo "--------------------------------------------" && cd ../color/ && echo "Color" && checksituation && identify -format "\n\n%f\n%[magick] %[colorspace] %[type] %[extension] %[bit-depth] %[channels]\n" *.png > ../b2_color_formats_for_batch_${ts}.out && checksituation && cd .. && echo "----------------------------------------" && checksituation
 1074  checksituation && identify -format "\n\n%f\n%[magick] %[colorspace] %[type] %[extension] %[bit-depth] %[channels]\n" *.png > b2_grayscale_formats_for_batch_${ts}.out && checksituation
 1075  ttdate && identify -format "\n\n%f\n%[magick] %[colorspace] %[type] %[extension] %[bit-depth] %[channels]\n" *.png > b2_grayscale_formats_for_batch_${ts}.out && ttdate
 1077  ttdate && identify -format "\n\n%f\n%[magick] %[colorspace] %[type] %[extension] %[bit-depth] %[channels]\n" *.png > ../b2_grayscale_formats_for_batch_${ts}.out && ttdate
 1093  ttdate && identify -format "\n\n%f\n%[magick] %[colorspace] %[type] %[extension] %[bit-depth] %[channels]\n" *.png > ../b2_color_formats_for_batch_${ts}.out && ttdate
 1112  history | grep identify | tail -n 15
 1117  ttdate && time identify -format "%[magick] %[colorspace] %[type] %[extension] %[bit-depth] %[channels]\n" *.jpg > ../../color_jpgs_3ch_format_check_batch_1748217711_2025-05-25T180151-0600.out 2>&1 && ttdate
 1217  history | grep identify | tail

Anast@DESKTOP-O7KM5A5 /cygdrive/c/David/FHTW-2025-All_-_move_2024_get_new/new_-_folder_for_not-yet-ready_new_imgs/converted_from_PDF_-_now_to_jpeg/grayscale
$ ttdate && time identify -format "%[magick] %[colorspace] %[type] %[extension] %[bit-depth] %[channels]\n" *.jpg > ../../grayscale_jpgs_3ch_format_check_batch_1748217711_2025-05-25T180151-0600.out 2>&1 && ttdate
1748378968_2025-05-27T144928-0600

real    1m10.094s
user    2m6.983s
sys     0m19.233s
1748379038_2025-05-27T145038-0600

Anast@DESKTOP-O7KM5A5 /cygdrive/c/David/FHTW-2025-All_-_move_2024_get_new/new_-_folder_for_not-yet-ready_new_imgs/converted_from_PDF_-_now_to_jpeg/grayscale
$ grep JPEG ../../grayscale_jpgs_3ch_format_check_batch_1748217711_2025-05-25T180151-0600.out | head
JPEG sRGB TrueColor jpg 8 srgb
JPEG sRGB TrueColor jpg 8 srgb
JPEG sRGB Grayscale jpg 8 srgb
JPEG sRGB Grayscale jpg 8 srgb
JPEG sRGB Grayscale jpg 8 srgb
JPEG sRGB Grayscale jpg 8 srgb
JPEG sRGB Grayscale jpg 8 srgb
JPEG sRGB Grayscale jpg 8 srgb
JPEG sRGB Grayscale jpg 8 srgb
JPEG sRGB Grayscale jpg 8 srgb

Anast@DESKTOP-O7KM5A5 /cygdrive/c/David/FHTW-2025-All_-_move_2024_get_new/new_-_folder_for_not-yet-ready_new_imgs/converted_from_PDF_-_now_to_jpeg/grayscale
$ grep JPEG ../../grayscale_jpgs_3ch_format_check_batch_1748217711_2025-05-25T180151-0600.out | sort | uniq -c
   1996 JPEG sRGB Grayscale jpg 8 srgb
     18 JPEG sRGB TrueColor jpg 8 srgb

Anast@DESKTOP-O7KM5A5 /cygdrive/c/David/FHTW-2025-All_-_move_2024_get_new/new_-_folder_for_not-yet-ready_new_imgs/converted_from_PDF_-_now_to_jpeg/grayscale
$ #  Checking with File Explorer verifies. Time for nifty moves.

Anast@DESKTOP-O7KM5A5 /cygdrive/c/David/FHTW-2025-All_-_move_2024_get_new/new_-_folder_for_not-yet-ready_new_imgs/converted_from_PDF_-_now_to_jpeg/grayscale
$ history | grep "[^-]----------[^-]"
 1222  history | grep "[^-]----------[^-]"

Anast@DESKTOP-O7KM5A5 /cygdrive/c/David/FHTW-2025-All_-_move_2024_get_new/new_-_folder_for_not-yet-ready_new_imgs/converted_from_PDF_-_now_to_jpeg/grayscale
$ history | grep "[^-]--------------------[^-]"
 1134  while read -r line; do bare="${line}"; echo; echo "--------------------"; echo "${bare}"; echo "-----"; find /cygdrive/c/David/FHTW-2025-All_-_move_2024_get_new/new_final_jpeg_to_use/ -type f | grep "${bare}"; done < doc_fnames_to_go_into_final_jpeg_1748362509_2025-05-27T101509-0600.lst | head
 1136  while read -r line; do bare="${line}"; echo; echo "--------------------"; echo "${bare}"; echo "-----"; find /cygdrive/c/David/FHTW-2025-All_-_move_2024_get_new/new_final_jpeg_to_use/ -type f | grep "${bare}"; done < doc_fnames_to_go_into_final_jpeg_1748362509_2025-05-27T101509-0600.lst > ../../any_existing_files_check_1748362509_2025-05-27T101509-0600.out
 1137  while read -r line; do bare="${line}"; echo; echo "--------------------"; echo "${bare}"; echo "-----"; find /cygdrive/c/David/FHTW-2025-All_-_move_2024_get_new/new_final_jpeg_to_use/ -type f | grep "${bare}"; done < ../../doc_fnames_to_go_into_final_jpeg_1748362509_2025-05-27T101509-0600.lst > ../../any_existing_files_check_1748362509_2025-05-27T101509-0600.out
 1139  while read -r line; do bare="${line}"; echo; echo "--------------------"; echo "${bare}"; echo "-----"; find /cygdrive/c/David/FHTW-2025-All_-_move_2024_get_new/new_final_jpeg_to_use/ -type d | grep "${bare}"; done < ../../doc_fnames_to_go_into_final_jpeg_1748362509_2025-05-27T101509-0600.lst > ../../any_existing_dirs_check_1748362509_2025-05-27T101509-0600.out
 1223  history | grep "[^-]--------------------[^-]"

Anast@DESKTOP-O7KM5A5 /cygdrive/c/David/FHTW-2025-All_-_move_2024_get_new/new_-_folder_for_not-yet-ready_new_imgs/converted_from_PDF_-_now_to_jpeg/grayscale
$ history | tail -n 150
 1075  ttdate && identify -format "\n\n%f\n%[magick] %[colorspace] %[type] %[extension] %[bit-depth] %[channels]\n" *.png > b2_grayscale_formats_for_batch_${ts}.out && ttdate
 1076  cd grayscale/
 1077  ttdate && identify -format "\n\n%f\n%[magick] %[colorspace] %[type] %[extension] %[bit-depth] %[channels]\n" *.png > ../b2_grayscale_formats_for_batch_${ts}.out && ttdate
 1078  head ../b2_grayscale_formats_for_batch_1748217711_2025-05-25T180151-0600.out
 1079  grep "PNG.*png" ../b2_grayscale_formats_for_batch_1748217711_2025-05-25T180151-0600.out | sort | uniq -c
 1080  grep -B2 -A1 TrueColor ../b2_grayscale_formats_for_batch_1748217711_2025-05-25T180151-0600.out
 1081  find . -type f | wc -l
 1082  echo "1996+18" | bc
 1083  find . -type f -not -iname "*.png" | wc -l
 1084  find . -type f -not -iname "*.png"
 1085  vim grayscale_formats_for_batch_1748217711_2025-05-25T180151-0600.out
 1086  # empty
 1087  rm grayscale_formats_for_batch_1748217711_2025-05-25T180151-0600.out
 1088  find . -type f -not -iname "*.png"
 1089  find . -type f | wc -l
 1090  # Match
 1091  cd ..
 1092  cd color
 1093  ttdate && identify -format "\n\n%f\n%[magick] %[colorspace] %[type] %[extension] %[bit-depth] %[channels]\n" *.png > ../b2_color_formats_for_batch_${ts}.out && ttdate
 1094  head ../b2_color_formats_for_batch_1748217711_2025-05-25T180151-0600.out
 1095  grep "PNG.*png" ../b2_color_formats_for_batch_1748217711_2025-05-25T180151-0600.out | sort | uniq | wc -l
 1096  grep "PNG.*png" ../b2_color_formats_for_batch_1748217711_2025-05-25T180151-0600.out | sort | uniq
 1097  #  Grayscale + sRGB means it is three channel, with 8 bits per channel
 1098  #+ The Palette will be converted to TrueColor in the conversion to JPEG.
 1099  grep "PNG.*png" ../b2_color_formats_for_batch_1748217711_2025-05-25T180151-0600.out | sort | uniq -c
 1100  grep "PNG.*png" conv_from_pdf_format_1748123944_2025-05-24T155904-0600.out | sort | uniq -c
 1101  grep "PNG.*png" ../conv_from_pdf_format_1748123944_2025-05-24T155904-0600.out | sort | uniq -c
 1102  grep "PNG.*png" ../../conv_from_pdf_format_1748123944_2025-05-24T155904-0600.out | sort | uniq -c
 1103  grep "PNG.*png" ../b2_color_formats_for_batch_1748217711_2025-05-25T180151-0600.out | sort | uniq -c
 1104  grep "PNG.*png" ../b2_grayscale_formats_for_batch_1748217711_2025-05-25T180151-0600.out | sort | uniq -c
 1105  #  That last 18 comes from our BnF additions.
 1106  echo "8204-8183" | bc
 1107  #  1 of the TrueColor is converted from the Bilevel? idk. Where are we getting 21 extras?
 1108  #  Well, the right types are in the right places.
 1109  ttdate && time mogrify -format jpg -quality 92 -colorspace srgb -type truecolor *.png && ttdate
 1110  find . -type f -iname "*.png" | wc -l
 1111  find . -type f -iname "*.jpg" | wc -l
 1112  history | grep identify | tail -n 15
 1113  checksituation
 1114  #  should have done that right after the real, user, system,
 1115  #+ and timestamp of the big conversion, which was the last
 1116  #+ thing I did yesterday before some classifications.
 1117  ttdate && time identify -format "%[magick] %[colorspace] %[type] %[extension] %[bit-depth] %[channels]\n" *.jpg > ../../color_jpgs_3ch_format_check_batch_1748217711_2025-05-25T180151-0600.out 2>&1 && ttdate
 1118  checksituation
 1119  grep JPEG ../../color_jpgs_3ch_format_check_batch_1748217711_2025-05-25T180151-0600.out | wc -l
 1120  grep JPEG ../../color_jpgs_3ch_format_check_batch_1748217711_2025-05-25T180151-0600.out | sort | uniq -c | wc -l
 1121  grep JPEG ../../color_jpgs_3ch_format_check_batch_1748217711_2025-05-25T180151-0600.out | sort | uniq -c
 1122  #  Good
 1123  find . -type f -iname "*.png" | awk -F'/' '{print $NF}' | sed 's#_[0-9]\{5\}[.]png$##g' | head
 1124  find . -type f -iname "*.png" | awk -F'/' '{print $NF}' | sed 's#_[0-9]\{5\}[.]png$##g' | sort | uniq -c | wc -l
 1125  find . -type f -iname "*.png" | awk -F'/' '{print $NF}' | sed 's#_[0-9]\{5\}[.]png$##g' | sort | uniq -c
 1126  find . -type f -iname "UniversiteitLeiden_-_LibriMissalis_fragmentaBPL25_-_LowerResolution_00000*"
 1127  find . -type f -iname "UniversiteitLeiden_-_LibriMissalis_fragmentaBPL25_-_LowerResolution_00001*"
 1128  mv ./UniversiteitLeiden_-_LibriMissalis_fragmentaBPL25_-_LowerResolution_000001.png ./UniversiteitLeiden_-_LibriMissalis_fragmentaBPL25_-_LowerResolution_00001.png
 1129  mv ./UniversiteitLeiden_-_LibriMissalis_fragmentaBPL25_-_LowerResolution_000001.jpg ./UniversiteitLeiden_-_LibriMissalis_fragmentaBPL25_-_LowerResolution_00001.jpg
 1130  find . -type f -iname "*.png" | awk -F'/' '{print $NF}' | sed 's#_[0-9]\{5\}[.]png$##g' | sort | uniq -c
 1131  find . -type f -iname "*.jpg" | awk -F'/' '{print $NF}' | sed 's#_[0-9]\{5\}[.]png$##g' | sort | uniq
 1132  find . -type f -iname "*.jpg" | awk -F'/' '{print $NF}' | sed 's#_[0-9]\{5\}[.]jpg$##g' | sort | uniq
 1133  find . -type f -iname "*.jpg" | awk -F'/' '{print $NF}' | sed 's#_[0-9]\{5\}[.]jpg$##g' | sort | uniq > doc_fnames_to_go_into_final_jpeg_$(ttdate).lst
 1134  while read -r line; do bare="${line}"; echo; echo "--------------------"; echo "${bare}"; echo "-----"; find /cygdrive/c/David/FHTW-2025-All_-_move_2024_get_new/new_final_jpeg_to_use/ -type f | grep "${bare}"; done < doc_fnames_to_go_into_final_jpeg_1748362509_2025-05-27T101509-0600.lst | head
 1135  mv doc_fnames_to_go_into_final_jpeg_1748362509_2025-05-27T101509-0600.lst ../../
 1136  while read -r line; do bare="${line}"; echo; echo "--------------------"; echo "${bare}"; echo "-----"; find /cygdrive/c/David/FHTW-2025-All_-_move_2024_get_new/new_final_jpeg_to_use/ -type f | grep "${bare}"; done < doc_fnames_to_go_into_final_jpeg_1748362509_2025-05-27T101509-0600.lst > ../../any_existing_files_check_1748362509_2025-05-27T101509-0600.out
 1137  while read -r line; do bare="${line}"; echo; echo "--------------------"; echo "${bare}"; echo "-----"; find /cygdrive/c/David/FHTW-2025-All_-_move_2024_get_new/new_final_jpeg_to_use/ -type f | grep "${bare}"; done < ../../doc_fnames_to_go_into_final_jpeg_1748362509_2025-05-27T101509-0600.lst > ../../any_existing_files_check_1748362509_2025-05-27T101509-0600.out
 1138  vim ../../any_existing_files_check_1748362509_2025-05-27T101509-0600.out
 1139  while read -r line; do bare="${line}"; echo; echo "--------------------"; echo "${bare}"; echo "-----"; find /cygdrive/c/David/FHTW-2025-All_-_move_2024_get_new/new_final_jpeg_to_use/ -type d | grep "${bare}"; done < ../../doc_fnames_to_go_into_final_jpeg_1748362509_2025-05-27T101509-0600.lst > ../../any_existing_dirs_check_1748362509_2025-05-27T101509-0600.out
 1140  vim ../../any_existing_dirs_check_1748362509_2025-05-27T101509-0600.out
 1141  #  No existing files or dirs with the bare names above;
 1142  #+ time to start moving.
 1143  meta_jpg_fname="moving_jpegs_1748362509_2025-05-27T101509-0600.sh"; >"${meta_jpeg_fname}"; while read -r line; do bare="${line}"; meta_jpg_fname="moving_jpegs_1748362509_2025-05-27T101509-0600.sh"; echo >> "${meta_jpeg_fname}"; dir2be="/cygdrive/c/David/FHTW-2025-All_-_move_2024_get_new/new_final_jpeg_to_use/${bare}/"; echo "echo \"  Creating directory \\\"${dir2be}\\\"" >> "${meta_jpeg_fname}"; echo "mkdir -p \"${dir2be}\" \&\& echo \"      ... success creating dir\" \|\| echo \"      ... FAILURE creating dir\"; echo "echo \" Now moving JPEG files\""; echo "mv \"./${}*.jpg\" \"${dir2be}\" \&\& echo \"      ... success moving JPEGs\" \|\| echo \"      ... FAILURE moving JPEGs\""; done < ../../doc_fnames_to_go_into_final_jpeg_1748362509_2025-05-27T101509-0600.lst | head -n 50
 1144  meta_jpg_fname="moving_jpegs_1748362509_2025-05-27T101509-0600.sh"; >"${meta_jpeg_fname}"; while read -r line; do   bare="${line}";   meta_jpg_fname="moving_jpegs_1748362509_2025-05-27T101509-0600.sh";    echo >> "${meta_jpeg_fname}";   dir2be="/cygdrive/c/David/FHTW-2025-All_-_move_2024_get_new/""new_final_jpeg_to_use/${bare}/";   echo "echo \" Creating directory \\\"${dir2be}\\\"\"" >>     "${meta_jpeg_fname}";    echo "mkdir -p \"${dir2be}\" ""\&\& echo \"      ... success creating dir\" ""\|\| echo \"      ... FAILURE creating dir\"";   echo "echo \" Now moving JPEG files\"";    echo "mv \"./${}*.jpg\" \"${dir2be}\" ""\&\& echo \"      ... success moving JPEGs\" ""\|\| echo \"      ... FAILURE moving JPEGs\"";  done < ../../doc_fnames_to_go_into_final_jpeg_1748362509_2025-05-27T101509-0600.lst   | head -n 50
 1145  meta_jpg_fname="moving_jpegs_1748362509_2025-05-27T101509-0600.sh"; touch "${meta_jpeg_fname}"; >"${meta_jpeg_fname}"; while read -r line; do   bare="${line}";   meta_jpg_fname="moving_jpegs_1748362509_2025-05-27T101509-0600.sh";    echo >> "${meta_jpeg_fname}";   dir2be="/cygdrive/c/David/FHTW-2025-All_-_move_2024_get_new/""new_final_jpeg_to_use/${bare}/";   echo "echo \" Creating directory \\\"${dir2be}\\\"\"" >>     "${meta_jpeg_fname}";    echo "mkdir -p \"${dir2be}\" ""&& echo \"      ... success creating dir\" ""|| echo \"      ... FAILURE creating dir\"";   echo "echo \" Now moving JPEG files\"";    echo "mv \"./${bare}*.jpg\" \"${dir2be}\" ""&& echo \"      ... success moving JPEGs\" ""|| echo \"      ... FAILURE moving JPEGs\"";  done < ../../doc_fnames_to_go_into_final_jpeg_1748362509_2025-05-27T101509-0600.lst   | head -n 50
 1146  meta_jpeg_fname="moving_jpegs_1748362509_2025-05-27T101509-0600.sh"; touch "${meta_jpeg_fname}"; >"${meta_jpeg_fname}"; while read -r line; do   bare="${line}";   meta_jpeg_fname="moving_jpegs_1748362509_2025-05-27T101509-0600.sh";    echo >> "${meta_jpeg_fname}";   dir2be="/cygdrive/c/David/FHTW-2025-All_-_move_2024_get_new/""new_final_jpeg_to_use/${bare}/";   echo "echo \" Creating directory \\\"${dir2be}\\\"\"" >>     "${meta_jpeg_fname}";    echo "mkdir -p \"${dir2be}\" ""&& echo \"      ... success creating dir\" ""|| echo \"      ... FAILURE creating dir\"" >>     "${meta_jpeg_fname}";   echo "echo \" Now moving JPEG files\"" >>     "${meta_jpeg_fname}"; \ ;   echo "mv \"./${bare}*.jpg\" \"${dir2be}\" ""&& echo \"      ... success moving JPEGs\" ""|| echo \"      ... FAILURE moving JPEGs\"" >>     "${meta_jpeg_fname}";  done < ../../doc_fnames_to_go_into_final_jpeg_1748362509_2025-05-27T101509-0600.lst   | head -n 50
 1147  meta_jpeg_fname="moving_jpegs_1748362509_2025-05-27T101509-0600.sh"; touch "${meta_jpeg_fname}"; >"${meta_jpeg_fname}"; while read -r line; do   bare="${line}";   meta_jpeg_fname="moving_jpegs_1748362509_2025-05-27T101509-0600.sh";    echo;   dir2be="/cygdrive/c/David/FHTW-2025-All_-_move_2024_get_new/""new_final_jpeg_to_use/${bare}/";   echo "echo \" Creating directory \\\"${dir2be}\\\"\"";   echo "mkdir -p \"${dir2be}\" ""&& echo \"      ... success creating dir\" ""|| echo \"      ... FAILURE creating dir\"";   echo "echo \" Now moving JPEG files.\"" \ ;   echo "mv \"./${bare}*.jpg\" \"${dir2be}\" ""&& echo \"      ... success moving JPEGs\" ""|| echo \"      ... FAILURE moving JPEGs\"" done < ../../doc_fnames_to_go_into_final_jpeg_1748362509_2025-05-27T101509-0600.lst   | head -n 50
 1148  meta_jpeg_fname="moving_jpegs_1748362509_2025-05-27T101509-0600.sh"; touch "${meta_jpeg_fname}"; >"${meta_jpeg_fname}"; while read -r line; do   bare="${line}";   meta_jpeg_fname="moving_jpegs_1748362509_2025-05-27T101509-0600.sh";    echo;   dir2be="/cygdrive/c/David/FHTW-2025-All_-_move_2024_get_new/""new_final_jpeg_to_use/${bare}/";   echo "echo \" Creating directory \\\"${dir2be}\\\"\"";   echo "mkdir -p \"${dir2be}\" ""&& echo \"      ... success creating dir\" ""|| echo \"      ... FAILURE creating dir\"";   echo "echo \" Now moving JPEG files.\"" \ ;   echo "mv \"./${bare}*.jpg\" \"${dir2be}\" ""&& echo \"      ... success moving JPEGs\" ""|| echo \"      ... FAILURE moving JPEGs\"" done < ../../doc_fnames_to_go_into_final_jpeg_1748362509_2025-05-27T101509-0600.lst   | head -n 50
 1149  meta_jpeg_fname="moving_jpegs_1748362509_2025-05-27T101509-0600.sh"; touch "${meta_jpeg_fname}"; >"${meta_jpeg_fname}"; while read -r line; do   bare="${line}";   meta_jpeg_fname="moving_jpegs_1748362509_2025-05-27T101509-0600.sh";    echo;   dir2be="/cygdrive/c/David/FHTW-2025-All_-_move_2024_get_new/""new_final_jpeg_to_use/${bare}/";   echo "echo \" Creating directory \\\"${dir2be}\\\"\"";   echo "mkdir -p \"${dir2be}\" ""&& echo \"      ... success creating dir\" ""|| echo \"      ... FAILURE creating dir\"";   echo "echo \" Now moving JPEG files.\""; \ ;   echo "mv \"./${bare}*.jpg\" \"${dir2be}\" ""&& echo \"      ... success moving JPEGs\" ""|| echo \"      ... FAILURE moving JPEGs\""; done < ../../doc_fnames_to_go_into_final_jpeg_1748362509_2025-05-27T101509-0600.lst   | head -n 50
 1150  meta_jpeg_fname="moving_jpegs_1748362509_2025-05-27T101509-0600.sh"; touch "${meta_jpeg_fname}"; >"${meta_jpeg_fname}"; while read -r line; do   bare="${line}";   meta_jpeg_fname="moving_jpegs_1748362509_2025-05-27T101509-0600.sh";    echo;   dir2be="/cygdrive/c/David/FHTW-2025-All_-_move_2024_get_new/""new_final_jpeg_to_use/${bare}/";   echo "echo -e \" Creating directory\\\n\\\"${dir2be}\\\"\"";   echo "mkdir -p \"${dir2be}\" ""&& echo \"      ... success creating dir\" ""|| echo \"      ... FAILURE creating dir\"";   echo "echo \" Now moving JPEG files.\"";   echo "mv \"./${bare}*.jpg\" \"${dir2be}\" ""&& echo \"      ... success moving JPEGs\" ""|| echo \"      ... FAILURE moving JPEGs\""; done < ../../doc_fnames_to_go_into_final_jpeg_1748362509_2025-05-27T101509-0600.lst   | head -n 50
 1151  meta_jpeg_fname="moving_jpegs_1748362509_2025-05-27T101509-0600.sh"; touch "${meta_jpeg_fname}"; >"${meta_jpeg_fname}"; while read -r line; do   bare="${line}";   meta_jpeg_fname="moving_jpegs_1748362509_2025-05-27T101509-0600.sh";    echo;   dir2be="/cygdrive/c/David/FHTW-2025-All_-_move_2024_get_new/""new_final_jpeg_to_use/${bare}/";   echo "echo -e \" Creating directory\\\n\\\"${dir2be}\\\"\"";   echo "mkdir -p \"${dir2be}\" ""&& echo \"      ... success creating dir\" ""|| echo \"      ... FAILURE creating dir\"";   echo "echo \" Now moving JPEG files.\"";   echo "mv \"$(pwd)/${bare}*.jpg\" \"${dir2be}\" ""&& echo \"      ... success moving JPEGs\" ""|| echo \"      ... FAILURE moving JPEGs\""; done < ../../doc_fnames_to_go_into_final_jpeg_1748362509_2025-05-27T101509-0600.lst   | head -n 50
 1152  meta_jpeg_fname="moving_jpegs_1748362509_2025-05-27T101509-0600.sh"; touch "${meta_jpeg_fname}"; >"${meta_jpeg_fname}"; while read -r line; do   bare="${line}";   meta_jpeg_fname="moving_jpegs_1748362509_2025-05-27T101509-0600.sh";    echo >>     "${meta_jpeg_fname}";   dir2be="/cygdrive/c/David/FHTW-2025-All_-_move_2024_get_new/""new_final_jpeg_to_use/${bare}/";   echo "echo -e \" Creating directory\\n\\\"${dir2be}\\\"\"" >>     "${meta_jpeg_fname}";   echo "mkdir -p \"${dir2be}\" ""&& echo \"      ... success creating dir\" ""|| echo \"      ... FAILURE creating dir\"" >>     "${meta_jpeg_fname}";   echo "echo \" Now moving jpeg files.\"" >>     "${meta_jpeg_fname}";   echo "mv \"$(pwd)/${bare}*.jpg\" \"${dir2be}\" ""&& echo \"      ... success moving jpegs\" ""|| echo \"      ... FAILURE moving jpegs\"" >>     "${meta_jpeg_fname}"; done < ../../doc_fnames_to_go_into_final_jpeg_1748362509_2025-05-27T101509-0600.lst
 1153  vim moving_jpegs_1748362509_2025-05-27T101509-0600.sh
 1154  cp moving_jpegs_1748362509_2025-05-27T101509-0600.sh mov_bak
 1155  vim moving_jpegs_1748362509_2025-05-27T101509-0600.sh
 1156  diff moving_jpegs_1748362509_2025-05-27T101509-0600.sh mov_bak
 1157  rm mov_bak
 1158  chmod a+x moving_jpegs_1748362509_2025-05-27T101509-0600.sh
 1159  ./moving_jpegs_1748362509_2025-05-27T101509-0600.sh 2>&1 | tee ../../big_jpeg_move_1748362509_2025-05-27T101509-0600.out
 1160  head moving_jpegs_1748362509_2025-05-27T101509-0600.sh
 1161  meta_jpeg_fname="moving_jpegs_1748362509_2025-05-27T101509-0600.sh"; touch "${meta_jpeg_fname}"; >"${meta_jpeg_fname}"; while read -r line; do   bare="${line}";   meta_jpeg_fname="moving_jpegs_1748362509_2025-05-27T101509-0600.sh";    echo >>     "${meta_jpeg_fname}";   dir2be="/cygdrive/c/David/FHTW-2025-All_-_move_2024_get_new/""new_final_jpeg_to_use/${bare}/";   echo "echo -e \" Creating directory\\\n\\\"${dir2be}\\\"\"" >>     "${meta_jpeg_fname}";   echo "mkdir -p \"${dir2be}\" ""&& echo \"      ... success creating dir\" ""|| echo \"      ... FAILURE creating dir\"" >>     "${meta_jpeg_fname}";   echo "echo \" Now moving jpeg files.\"" >>     "${meta_jpeg_fname}";   echo "mv $(pwd)/${bare}*.jpg \"${dir2be}\" ""&& echo \"      ... success moving jpegs\" ""|| echo \"      ... FAILURE moving jpegs\"" >>     "${meta_jpeg_fname}"; done < ../../doc_fnames_to_go_into_final_jpeg_1748362509_2025-05-27T101509-0600.lst
 1162  cp moving_jpegs_1748362509_2025-05-27T101509-0600.sh mov_bak
 1163  vim moving_jpegs_1748362509_2025-05-27T101509-0600.sh
 1164  diff moving_jpegs_1748362509_2025-05-27T101509-0600.sh mov_bak
 1165  rm mov_bak
 1166  chmod a+x moving_jpegs_1748362509_2025-05-27T101509-0600.sh
 1167  ./moving_jpegs_1748362509_2025-05-27T101509-0600.sh 2>&1 | tee ../../big_jpeg_move_1748362509_2025-05-27T101509-0600.out
 1168  #  There we see why it's easier to have no spaces.
 1169  #+ Instead of taking away the double quotes around the
 1170  #+ `mv` with the asterisk, I could have done `echo "mv \"$(pwd)${}\"*.jpg \"${dir2be}\""`
 1171  #+ which would have let me use filepaths with spaces, but it
 1172  #+ was so much cleaner to just take out the quotes. For the PNGs,
 1173  #+ I'll try the second method and see what happens.
 1174  find . -type f -not -iname "*.png" | wc -l
 1175  find . -type f -not -iname "*.png"
 1176  rm ./*~
 1177  find . -type f -not -iname "*.png"
 1178  rm ./.*~
 1179  find . -type f -not -iname "*.png"
 1180  mv moving_jpegs_1748362509_2025-05-27T101509-0600.sh ../..
 1181  ls ../../*.out
 1182  grep -i --failure ../../big_jpeg_move_1748362509_2025-05-27T101509-0600.out
 1183  #  Hooray! Failure is not an option
 1184  grep -i failure ../../big_jpeg_move_1748362509_2025-05-27T101509-0600.out | wc -l
 1185  wc -l ../../doc_fnames_to_go_into_final_jpeg_1748362509_2025-05-27T101509-0600.lst
 1186  cat ../../doc_fnames_to_go_into_final_jpeg_1748362509_2025-05-27T101509-0600.lst
 1187  cp ../../doc_fnames_to_go_into_final_jpeg_1748362509_2025-05-27T101509-0600.lst ../../doc_fnames_to_go_into_png_bak_1748362509_2025-05-27T101509-0600.lst
 1188  meta_png_fname="moving_pngs_1748362509_2025-05-27T101509-0600.sh"; touch "${meta_png_fname}"; >"${meta_png_fname}"; while read -r line; do   bare="${line}";   meta_jpeg_fname="moving_pngs_1748362509_2025-05-27T101509-0600.sh";    echo >>     "${meta_png_fname}";   dir2be="/cygdrive/c/David/FHTW-2025-All_-_move_2024_get_new/""new_-_folder_for_not-yet-ready_new_imgs/png_bak_from_PDFs/${bare}/";   echo "echo -e \" Creating directory\\n\\\"${dir2be}\\\"\"" >>     "${meta_png_fname}";   echo "mkdir -p \"${dir2be}\" ""&& echo \"      ... success creating dir\" ""|| echo \"      ... FAILURE creating dir\"" >>     "${meta_png_fname}";   echo "echo \" Now moving png files.\"" >>     "${meta_png_fname}";   echo "mv \"$(pwd)/${bare}\"*.png \"${dir2be}\" ""&& echo \"      ... success moving pngs\" ""|| echo \"      ... FAILURE moving pngs\"" >>     "${meta_png_fname}"; done < ../../doc_fnames_to_go_into_png_bak_1748362509_2025-05-27T101509-0600.lst
 1189  vim moving_pngs_1748362509_2025-05-27T101509-0600.sh
 1190  cp moving_pngs_1748362509_2025-05-27T101509-0600.sh mov_png_bak
 1191  vim moving_pngs_1748362509_2025-05-27T101509-0600.sh
 1192  diff moving_pngs_1748362509_2025-05-27T101509-0600.sh mov_png_bak
 1193  rm mov_png_bak
 1194  chmod a+x moving_pngs_1748362509_2025-05-27T101509-0600.sh
 1195  ./moving_pngs_1748362509_2025-05-27T101509-0600.sh 2>&1 | tee ../../big_png_move_1748362509_2025-05-27T101509-0600.out
 1196  find . | wc -l
 1197  find .
 1198  mv moving_pngs_1748362509_2025-05-27T101509-0600.sh ../../
 1199  ls -lAH
 1200  rm *
 1201  ls -lah
 1202  rm .moving_pngs_1748362509_2025-05-27T101509-0600.sh.un~
 1203  ls -lAH
 1204  ls -laH
 1205  lh
 1206  cd ../grayscale/
 1207  lh ..
 1208  mv ../grayscale_formats_for_batch_1748217711_2025-05-25T180151-0600.out ../b2_grayscale_formats_for_batch_1748217711_2025-05-25T180151-0600.out
 1209  # I'm pretty sure we have all of the 1 and 2 images for grayscale.
 1210  find . -type f -iname "*.png" | awk -F'/' '{print $NF}' | sed 's#_[0-9]\{5\}[.][^.]\{2,5\}$##g' | sort | uniq -c
 1211  find . -type f | grep "BnF-BibArsenal_-_Ms-6039_00001.png"
 1212  find . -type f | grep "BnF-BibArsenal_-_Ms-6039_00002.png"
 1213  find . -type f | grep "BnF.*0000[12][.]png" | wc -l  # We should get 18
 1214  find . -type f | grep "BnF.*0000[12][.]png"
 1215  echo $ts_batch
 1216  ttdate && time mogrify -format jpg -quality 92 -colorspace srgb -type truecolor *.png && ttdate
 1217  history | grep identify | tail
 1218  ttdate && time identify -format "%[magick] %[colorspace] %[type] %[extension] %[bit-depth] %[channels]\n" *.jpg > ../../grayscale_jpgs_3ch_format_check_batch_1748217711_2025-05-25T180151-0600.out 2>&1 && ttdate
 1219  grep JPEG ../../grayscale_jpgs_3ch_format_check_batch_1748217711_2025-05-25T180151-0600.out | head
 1220  grep JPEG ../../grayscale_jpgs_3ch_format_check_batch_1748217711_2025-05-25T180151-0600.out | sort | uniq -c
 1221  #  Checking with File Explorer verifies. Time for nifty moves.
 1222  history | grep "[^-]----------[^-]"
 1223  history | grep "[^-]--------------------[^-]"
 1224  history | tail -n 150

Anast@DESKTOP-O7KM5A5 /cygdrive/c/David/FHTW-2025-All_-_move_2024_get_new/new_-_folder_for_not-yet-ready_new_imgs/converted_from_PDF_-_now_to_jpeg/grayscale
$

Anast@DESKTOP-O7KM5A5 /cygdrive/c/David/FHTW-2025-All_-_move_2024_get_new/new_-_folder_for_not-yet-ready_new_imgs/converted_from_PDF_-_now_to_jpeg/grayscale
$

Anast@DESKTOP-O7KM5A5 /cygdrive/c/David/FHTW-2025-All_-_move_2024_get_new/new_-_folder_for_not-yet-ready_new_imgs/converted_from_PDF_-_now_to_jpeg/grayscale
$ find . -type f -iname "*.png" | awk -F'/' '{print $NF}' | sed 's#_[0-9]\{5\}[.]png$##g' | sort | uniq > ../../b2_doc_fnames_checking_1_2_png_$(ttdate).lst

Anast@DESKTOP-O7KM5A5 /cygdrive/c/David/FHTW-2025-All_-_move_2024_get_new/new_-_folder_for_not-yet-ready_new_imgs/converted_from_PDF_-_now_to_jpeg/grayscale
$ wc -l < ../../b2_doc_fnames_checking_1_2_png_1748381715_2025-05-27T153515-0600.lst
9

Anast@DESKTOP-O7KM5A5 /cygdrive/c/David/FHTW-2025-All_-_move_2024_get_new/new_-_folder_for_not-yet-ready_new_imgs/converted_from_PDF_-_now_to_jpeg/grayscale
$ cat ../../b2_doc_fnames_checking_1_2_png_1748381715_2025-05-27T153515-0600.lst
BnF-BibArsenal_-_Ms-6039
BnF_-_Ms-Fra-24308
BnF_-_Ms-Grec-338
BnF_-_Ms-Lat-17385
BnF_-_Ms-Lat-17551
BnF_-_Ms-Lat-18315
BnF_-_Ms-Lat-18417
BnF_-_Ms-Lat-18421
BnF_-_Ms-Lat-3085A

Anast@DESKTOP-O7KM5A5 /cygdrive/c/David/FHTW-2025-All_-_move_2024_get_new/new_-_folder_for_not-yet-ready_new_imgs/converted_from_PDF_-_now_to_jpeg/grayscale
$ find . -type f -iname "*.png" | head
./BnF-BibArsenal_-_Ms-6039_00001.png
./BnF-BibArsenal_-_Ms-6039_00002.png
./BnF-BibArsenal_-_Ms-6039_00003.png
./BnF-BibArsenal_-_Ms-6039_00004.png
./BnF-BibArsenal_-_Ms-6039_00005.png
./BnF-BibArsenal_-_Ms-6039_00006.png
./BnF-BibArsenal_-_Ms-6039_00007.png
./BnF-BibArsenal_-_Ms-6039_00008.png
./BnF-BibArsenal_-_Ms-6039_00009.png
./BnF-BibArsenal_-_Ms-6039_00010.png

Anast@DESKTOP-O7KM5A5 /cygdrive/c/David/FHTW-2025-All_-_move_2024_get_new/new_-_folder_for_not-yet-ready_new_imgs/converted_from_PDF_-_now_to_jpeg/grayscale
$ # Never mind, looking in the wrong directory

Anast@DESKTOP-O7KM5A5 /cygdrive/c/David/FHTW-2025-All_-_move_2024_get_new/new_-_folder_for_not-yet-ready_new_imgs/converted_from_PDF_-_now_to_jpeg/grayscale
$ while read -r line; do bare="${line}"; echo; echo "--------------------"; echo "${bare}"; echo "-----"; find /cygdrive/c/David/FHTW-2025-All_-_move_2024_get_new/new_final_jpeg_to_use/ -type f | grep "${bare}.*0000[12][.][^.]\{2,5\}"; done < ../../b2_doc_fnames_checking_1_2_png_1748381715_2025-05-27T153515-0600.lst | head

--------------------
BnF-BibArsenal_-_Ms-6039
-----

--------------------
BnF_-_Ms-Fra-24308
-----

--------------------

Anast@DESKTOP-O7KM5A5 /cygdrive/c/David/FHTW-2025-All_-_move_2024_get_new/new_-_folder_for_not-yet-ready_new_imgs/converted_from_PDF_-_now_to_jpeg/grayscale
$ #  Wrong directory

Anast@DESKTOP-O7KM5A5 /cygdrive/c/David/FHTW-2025-All_-_move_2024_get_new/new_-_folder_for_not-yet-ready_new_imgs/converted_from_PDF_-_now_to_jpeg/grayscale
$ while read -r line; do bare="${line}"; echo; echo "--------------------"; echo "${bare}"; echo "-----"; find /cygdrive/c/David/FHTW-2025-All_-_move_2024_get_new/new_-_folder_for_not-yet-ready_new_imgs/converted_from_PDF_-_now_to_jpeg/grayscale/ -type f | grep "${bare}.*0000[12][.][^.]\{2,5\}$"; done < ../../b2_doc_fnames_checking_1_2_png_1748381715_2025-05-27T153515-0600.lst | head

--------------------
BnF-BibArsenal_-_Ms-6039
-----
/cygdrive/c/David/FHTW-2025-All_-_move_2024_get_new/new_-_folder_for_not-yet-ready_new_imgs/converted_from_PDF_-_now_to_jpeg/grayscale/BnF-BibArsenal_-_Ms-6039_00001.jpg
/cygdrive/c/David/FHTW-2025-All_-_move_2024_get_new/new_-_folder_for_not-yet-ready_new_imgs/converted_from_PDF_-_now_to_jpeg/grayscale/BnF-BibArsenal_-_Ms-6039_00001.png
/cygdrive/c/David/FHTW-2025-All_-_move_2024_get_new/new_-_folder_for_not-yet-ready_new_imgs/converted_from_PDF_-_now_to_jpeg/grayscale/BnF-BibArsenal_-_Ms-6039_00002.jpg
/cygdrive/c/David/FHTW-2025-All_-_move_2024_get_new/new_-_folder_for_not-yet-ready_new_imgs/converted_from_PDF_-_now_to_jpeg/grayscale/BnF-BibArsenal_-_Ms-6039_00002.png

--------------------

Anast@DESKTOP-O7KM5A5 /cygdrive/c/David/FHTW-2025-All_-_move_2024_get_new/new_-_folder_for_not-yet-ready_new_imgs/converted_from_PDF_-_now_to_jpeg/grayscale
$ while read -r line; do bare="${line}"; echo; echo "--------------------"; echo "${bare}"; echo "-----"; find /cygdrive/c/David/FHTW-2025-All_-_move_2024_get_new/new_-_folder_for_not-yet-ready_new_imgs/converted_from_PDF_-_now_to_jpeg/grayscale/ -type f | grep "${bare}.*0000[12][.][^.]\{2,5\}$"; done < ../../b2_doc_fnames_checking_1_2_png_1748381715_2025-05-27T153515-0600.lst

--------------------
BnF-BibArsenal_-_Ms-6039
-----
/cygdrive/c/David/FHTW-2025-All_-_move_2024_get_new/new_-_folder_for_not-yet-ready_new_imgs/converted_from_PDF_-_now_to_jpeg/grayscale/BnF-BibArsenal_-_Ms-6039_00001.jpg
/cygdrive/c/David/FHTW-2025-All_-_move_2024_get_new/new_-_folder_for_not-yet-ready_new_imgs/converted_from_PDF_-_now_to_jpeg/grayscale/BnF-BibArsenal_-_Ms-6039_00001.png
/cygdrive/c/David/FHTW-2025-All_-_move_2024_get_new/new_-_folder_for_not-yet-ready_new_imgs/converted_from_PDF_-_now_to_jpeg/grayscale/BnF-BibArsenal_-_Ms-6039_00002.jpg
/cygdrive/c/David/FHTW-2025-All_-_move_2024_get_new/new_-_folder_for_not-yet-ready_new_imgs/converted_from_PDF_-_now_to_jpeg/grayscale/BnF-BibArsenal_-_Ms-6039_00002.png

--------------------
BnF_-_Ms-Fra-24308
-----
/cygdrive/c/David/FHTW-2025-All_-_move_2024_get_new/new_-_folder_for_not-yet-ready_new_imgs/converted_from_PDF_-_now_to_jpeg/grayscale/BnF_-_Ms-Fra-24308_00001.jpg
/cygdrive/c/David/FHTW-2025-All_-_move_2024_get_new/new_-_folder_for_not-yet-ready_new_imgs/converted_from_PDF_-_now_to_jpeg/grayscale/BnF_-_Ms-Fra-24308_00001.png
/cygdrive/c/David/FHTW-2025-All_-_move_2024_get_new/new_-_folder_for_not-yet-ready_new_imgs/converted_from_PDF_-_now_to_jpeg/grayscale/BnF_-_Ms-Fra-24308_00002.jpg
/cygdrive/c/David/FHTW-2025-All_-_move_2024_get_new/new_-_folder_for_not-yet-ready_new_imgs/converted_from_PDF_-_now_to_jpeg/grayscale/BnF_-_Ms-Fra-24308_00002.png

--------------------
BnF_-_Ms-Grec-338
-----
/cygdrive/c/David/FHTW-2025-All_-_move_2024_get_new/new_-_folder_for_not-yet-ready_new_imgs/converted_from_PDF_-_now_to_jpeg/grayscale/BnF_-_Ms-Grec-338_00001.jpg
/cygdrive/c/David/FHTW-2025-All_-_move_2024_get_new/new_-_folder_for_not-yet-ready_new_imgs/converted_from_PDF_-_now_to_jpeg/grayscale/BnF_-_Ms-Grec-338_00001.png
/cygdrive/c/David/FHTW-2025-All_-_move_2024_get_new/new_-_folder_for_not-yet-ready_new_imgs/converted_from_PDF_-_now_to_jpeg/grayscale/BnF_-_Ms-Grec-338_00002.jpg
/cygdrive/c/David/FHTW-2025-All_-_move_2024_get_new/new_-_folder_for_not-yet-ready_new_imgs/converted_from_PDF_-_now_to_jpeg/grayscale/BnF_-_Ms-Grec-338_00002.png

--------------------
BnF_-_Ms-Lat-17385
-----
/cygdrive/c/David/FHTW-2025-All_-_move_2024_get_new/new_-_folder_for_not-yet-ready_new_imgs/converted_from_PDF_-_now_to_jpeg/grayscale/BnF_-_Ms-Lat-17385_00001.jpg
/cygdrive/c/David/FHTW-2025-All_-_move_2024_get_new/new_-_folder_for_not-yet-ready_new_imgs/converted_from_PDF_-_now_to_jpeg/grayscale/BnF_-_Ms-Lat-17385_00001.png
/cygdrive/c/David/FHTW-2025-All_-_move_2024_get_new/new_-_folder_for_not-yet-ready_new_imgs/converted_from_PDF_-_now_to_jpeg/grayscale/BnF_-_Ms-Lat-17385_00002.jpg
/cygdrive/c/David/FHTW-2025-All_-_move_2024_get_new/new_-_folder_for_not-yet-ready_new_imgs/converted_from_PDF_-_now_to_jpeg/grayscale/BnF_-_Ms-Lat-17385_00002.png

--------------------
BnF_-_Ms-Lat-17551
-----
/cygdrive/c/David/FHTW-2025-All_-_move_2024_get_new/new_-_folder_for_not-yet-ready_new_imgs/converted_from_PDF_-_now_to_jpeg/grayscale/BnF_-_Ms-Lat-17551_00001.jpg
/cygdrive/c/David/FHTW-2025-All_-_move_2024_get_new/new_-_folder_for_not-yet-ready_new_imgs/converted_from_PDF_-_now_to_jpeg/grayscale/BnF_-_Ms-Lat-17551_00001.png
/cygdrive/c/David/FHTW-2025-All_-_move_2024_get_new/new_-_folder_for_not-yet-ready_new_imgs/converted_from_PDF_-_now_to_jpeg/grayscale/BnF_-_Ms-Lat-17551_00002.jpg
/cygdrive/c/David/FHTW-2025-All_-_move_2024_get_new/new_-_folder_for_not-yet-ready_new_imgs/converted_from_PDF_-_now_to_jpeg/grayscale/BnF_-_Ms-Lat-17551_00002.png

--------------------
BnF_-_Ms-Lat-18315
-----
/cygdrive/c/David/FHTW-2025-All_-_move_2024_get_new/new_-_folder_for_not-yet-ready_new_imgs/converted_from_PDF_-_now_to_jpeg/grayscale/BnF_-_Ms-Lat-18315_00001.jpg
/cygdrive/c/David/FHTW-2025-All_-_move_2024_get_new/new_-_folder_for_not-yet-ready_new_imgs/converted_from_PDF_-_now_to_jpeg/grayscale/BnF_-_Ms-Lat-18315_00001.png
/cygdrive/c/David/FHTW-2025-All_-_move_2024_get_new/new_-_folder_for_not-yet-ready_new_imgs/converted_from_PDF_-_now_to_jpeg/grayscale/BnF_-_Ms-Lat-18315_00002.jpg
/cygdrive/c/David/FHTW-2025-All_-_move_2024_get_new/new_-_folder_for_not-yet-ready_new_imgs/converted_from_PDF_-_now_to_jpeg/grayscale/BnF_-_Ms-Lat-18315_00002.png

--------------------
BnF_-_Ms-Lat-18417
-----
/cygdrive/c/David/FHTW-2025-All_-_move_2024_get_new/new_-_folder_for_not-yet-ready_new_imgs/converted_from_PDF_-_now_to_jpeg/grayscale/BnF_-_Ms-Lat-18417_00001.jpg
/cygdrive/c/David/FHTW-2025-All_-_move_2024_get_new/new_-_folder_for_not-yet-ready_new_imgs/converted_from_PDF_-_now_to_jpeg/grayscale/BnF_-_Ms-Lat-18417_00001.png
/cygdrive/c/David/FHTW-2025-All_-_move_2024_get_new/new_-_folder_for_not-yet-ready_new_imgs/converted_from_PDF_-_now_to_jpeg/grayscale/BnF_-_Ms-Lat-18417_00002.jpg
/cygdrive/c/David/FHTW-2025-All_-_move_2024_get_new/new_-_folder_for_not-yet-ready_new_imgs/converted_from_PDF_-_now_to_jpeg/grayscale/BnF_-_Ms-Lat-18417_00002.png

--------------------
BnF_-_Ms-Lat-18421
-----
/cygdrive/c/David/FHTW-2025-All_-_move_2024_get_new/new_-_folder_for_not-yet-ready_new_imgs/converted_from_PDF_-_now_to_jpeg/grayscale/BnF_-_Ms-Lat-18421_00001.jpg
/cygdrive/c/David/FHTW-2025-All_-_move_2024_get_new/new_-_folder_for_not-yet-ready_new_imgs/converted_from_PDF_-_now_to_jpeg/grayscale/BnF_-_Ms-Lat-18421_00001.png
/cygdrive/c/David/FHTW-2025-All_-_move_2024_get_new/new_-_folder_for_not-yet-ready_new_imgs/converted_from_PDF_-_now_to_jpeg/grayscale/BnF_-_Ms-Lat-18421_00002.jpg
/cygdrive/c/David/FHTW-2025-All_-_move_2024_get_new/new_-_folder_for_not-yet-ready_new_imgs/converted_from_PDF_-_now_to_jpeg/grayscale/BnF_-_Ms-Lat-18421_00002.png

--------------------
BnF_-_Ms-Lat-3085A
-----
/cygdrive/c/David/FHTW-2025-All_-_move_2024_get_new/new_-_folder_for_not-yet-ready_new_imgs/converted_from_PDF_-_now_to_jpeg/grayscale/BnF_-_Ms-Lat-3085A_00001.jpg
/cygdrive/c/David/FHTW-2025-All_-_move_2024_get_new/new_-_folder_for_not-yet-ready_new_imgs/converted_from_PDF_-_now_to_jpeg/grayscale/BnF_-_Ms-Lat-3085A_00001.png
/cygdrive/c/David/FHTW-2025-All_-_move_2024_get_new/new_-_folder_for_not-yet-ready_new_imgs/converted_from_PDF_-_now_to_jpeg/grayscale/BnF_-_Ms-Lat-3085A_00002.jpg
/cygdrive/c/David/FHTW-2025-All_-_move_2024_get_new/new_-_folder_for_not-yet-ready_new_imgs/converted_from_PDF_-_now_to_jpeg/grayscale/BnF_-_Ms-Lat-3085A_00002.png

Anast@DESKTOP-O7KM5A5 /cygdrive/c/David/FHTW-2025-All_-_move_2024_get_new/new_-_folder_for_not-yet-ready_new_imgs/converted_from_PDF_-_now_to_jpeg/grayscale
$

Anast@DESKTOP-O7KM5A5 /cygdrive/c/David/FHTW-2025-All_-_move_2024_get_new/new_-_folder_for_not-yet-ready_new_imgs/converted_from_PDF_-_now_to_jpeg/grayscale
$

Anast@DESKTOP-O7KM5A5 /cygdrive/c/David/FHTW-2025-All_-_move_2024_get_new/new_-_folder_for_not-yet-ready_new_imgs/converted_from_PDF_-_now_to_jpeg/grayscale
$

Anast@DESKTOP-O7KM5A5 /cygdrive/c/David/FHTW-2025-All_-_move_2024_get_new/new_-_folder_for_not-yet-ready_new_imgs/converted_from_PDF_-_now_to_jpeg/grayscale
$

Anast@DESKTOP-O7KM5A5 /cygdrive/c/David/FHTW-2025-All_-_move_2024_get_new/new_-_folder_for_not-yet-ready_new_imgs/converted_from_PDF_-_now_to_jpeg/grayscale
$ checksituation

 Current date/time is
Tue May 27 16:04:11 MDT 2025
1748383451
1748383451_2025-05-27T160411-0600

 Current directory ( pwd ) is
/cygdrive/c/David/FHTW-2025-All_-_move_2024_get_new/new_-_folder_for_not-yet-ready_new_imgs/converted_from_PDF_-_now_to_jpeg/grayscale


Anast@DESKTOP-O7KM5A5 /cygdrive/c/David/FHTW-2025-All_-_move_2024_get_new/new_-_folder_for_not-yet-ready_new_imgs/converted_from_PDF_-_now_to_jpeg/grayscale
$ cp ../../b2_doc_fnames_checking_1_2_png_1748381715_2025-05-27T153515-0600.lst ../../b2_doc_fnames_grayscale_for_big_moves_1748381715_2025-05-27T153515-0600.lst

Anast@DESKTOP-O7KM5A5 /cygdrive/c/David/FHTW-2025-All_-_move_2024_get_new/new_-_folder_for_not-yet-ready_new_imgs/converted_from_PDF_-_now_to_jpeg/grayscale
$ this_ts=$(ttdate)

Anast@DESKTOP-O7KM5A5 /cygdrive/c/David/FHTW-2025-All_-_move_2024_get_new/new_-_folder_for_not-yet-ready_new_imgs/converted_from_PDF_-_now_to_jpeg/grayscale
$ echo $this_ts
1748383614_2025-05-27T160654-0600

Anast@DESKTOP-O7KM5A5 /cygdrive/c/David/FHTW-2025-All_-_move_2024_get_new/new_-_folder_for_not-yet-ready_new_imgs/converted_from_PDF_-_now_to_jpeg/grayscale
$

Anast@DESKTOP-O7KM5A5 /cygdrive/c/David/FHTW-2025-All_-_move_2024_get_new/new_-_folder_for_not-yet-ready_new_imgs/converted_from_PDF_-_now_to_jpeg/grayscale
$

Anast@DESKTOP-O7KM5A5 /cygdrive/c/David/FHTW-2025-All_-_move_2024_get_new/new_-_folder_for_not-yet-ready_new_imgs/converted_from_PDF_-_now_to_jpeg/grayscale
$

Anast@DESKTOP-O7KM5A5 /cygdrive/c/David/FHTW-2025-All_-_move_2024_get_new/new_-_folder_for_not-yet-ready_new_imgs/converted_from_PDF_-_now_to_jpeg/grayscale
$ #  Now, we know that everything's there for the big, cool moves

Anast@DESKTOP-O7KM5A5 /cygdrive/c/David/FHTW-2025-All_-_move_2024_get_new/new_-_folder_for_not-yet-ready_new_imgs/converted_from_PDF_-_now_to_jpeg/grayscale
$ #+ I'm pretty proud of this series of commands.

Anast@DESKTOP-O7KM5A5 /cygdrive/c/David/FHTW-2025-All_-_move_2024_get_new/new_-_folder_for_not-yet-ready_new_imgs/converted_from_PDF_-_now_to_jpeg/grayscale
$ #+ Some very nice metaprogramming

Anast@DESKTOP-O7KM5A5 /cygdrive/c/David/FHTW-2025-All_-_move_2024_get_new/new_-_folder_for_not-yet-ready_new_imgs/converted_from_PDF_-_now_to_jpeg/grayscale
$ meta_jpeg_fname="moving_b2_gs_jpegs_1748383614_2025-05-27T160654-0600.sh"; \
touch "${meta_jpeg_fname}"; >"${meta_jpeg_fname}"; \
while read -r line; do \
  bare="${line}"; \
  meta_jpeg_fname="moving_b2_gs_jpegs_1748383614_2025-05-27T160654-0600.sh";
  echo >> "${meta_jpeg_fname}";
  echo "echo" >> "${meta_jpeg_fname}";
  dir2be=\
"/cygdrive/c/David/FHTW-2025-All_-_move_2024_get_new/"\
"new_final_jpeg_to_use/${bare}/"; \
  echo "echo -e \" Creating directory\\\n\\\"${dir2be}\\\"\"" >> \
    "${meta_jpeg_fname}"; \
  echo "mkdir -p \"${dir2be}\" "\
"&& echo \"      ... success creating dir\" "\
"|| echo \"      ... FAILURE creating dir\"" >> \
    "${meta_jpeg_fname}"; \
  echo "echo \" Now moving jpeg files.\"" >> \
    "${meta_jpeg_fname}"; \
  echo "mv \"$(pwd)/${bare}\"*.jpg \"${dir2be}\" "\
"&& echo \"      ... success moving jpegs\" "\
"|| echo \"      ... FAILURE moving jpegs\"" >> \
    "${meta_jpeg_fname}"; \
  echo >> "${meta_jpeg_fname}";
done < ../../b2_doc_fnames_grayscale_for_big_moves_1748381715_2025-05-27T153515-0600.lst

Anast@DESKTOP-O7KM5A5 /cygdrive/c/David/FHTW-2025-All_-_move_2024_get_new/new_-_folder_for_not-yet-ready_new_imgs/converted_from_PDF_-_now_to_jpeg/grayscale
$ cp moving_b2_gs_jpegs_1748383614_2025-05-27T160654-0600.sh mbgj_bak

Anast@DESKTOP-O7KM5A5 /cygdrive/c/David/FHTW-2025-All_-_move_2024_get_new/new_-_folder_for_not-yet-ready_new_imgs/converted_from_PDF_-_now_to_jpeg/grayscale
$ vim moving_b2_gs_jpegs_1748383614_2025-05-27T160654-0600.sh

Anast@DESKTOP-O7KM5A5 /cygdrive/c/David/FHTW-2025-All_-_move_2024_get_new/new_-_folder_for_not-yet-ready_new_imgs/converted_from_PDF_-_now_to_jpeg/grayscale
$ #  Oops, didn't untriple the newline (I have \\\n instead of \\n)

Anast@DESKTOP-O7KM5A5 /cygdrive/c/David/FHTW-2025-All_-_move_2024_get_new/new_-_folder_for_not-yet-ready_new_imgs/converted_from_PDF_-_now_to_jpeg/grayscale
$ meta_jpeg_fname="moving_b2_gs_jpegs_1748383614_2025-05-27T160654-0600.sh"; \
touch "${meta_jpeg_fname}"; >"${meta_jpeg_fname}"; \
while read -r line; do \
  bare="${line}"; \
  meta_jpeg_fname="moving_b2_gs_jpegs_1748383614_2025-05-27T160654-0600.sh";
  echo >> "${meta_jpeg_fname}";
  echo "echo" >> "${meta_jpeg_fname}";
  dir2be=\
"/cygdrive/c/David/FHTW-2025-All_-_move_2024_get_new/"\
"new_final_jpeg_to_use/${bare}/"; \
  echo "echo -e \" Creating directory\\n\\\"${dir2be}\\\"\"" >> \
    "${meta_jpeg_fname}"; \
  echo "mkdir -p \"${dir2be}\" "\
"&& echo \"      ... success creating dir\" "\
"|| echo \"      ... FAILURE creating dir\"" >> \
    "${meta_jpeg_fname}"; \
  echo "echo \" Now moving jpeg files.\"" >> \
    "${meta_jpeg_fname}"; \
  echo "mv \"$(pwd)/${bare}\"*.jpg \"${dir2be}\" "\
"&& echo \"      ... success moving jpegs\" "\
"|| echo \"      ... FAILURE moving jpegs\"" >> \
    "${meta_jpeg_fname}"; \
  echo >> "${meta_jpeg_fname}";
done < ../../b2_doc_fnames_grayscale_for_big_moves_1748381715_2025-05-27T153515-0600.lst

Anast@DESKTOP-O7KM5A5 /cygdrive/c/David/FHTW-2025-All_-_move_2024_get_new/new_-_folder_for_not-yet-ready_new_imgs/converted_from_PDF_-_now_to_jpeg/grayscale
$ cp moving_b2_gs_jpegs_1748383614_2025-05-27T160654-0600.sh mbgj_bak                                    
Anast@DESKTOP-O7KM5A5 /cygdrive/c/David/FHTW-2025-All_-_move_2024_get_new/new_-_folder_for_not-yet-ready_new_imgs/converted_from_PDF_-_now_to_jpeg/grayscale
$ vim moving_b2_gs_jpegs_1748383614_2025-05-27T160654-0600.sh                                            
Anast@DESKTOP-O7KM5A5 /cygdrive/c/David/FHTW-2025-All_-_move_2024_get_new/new_-_folder_for_not-yet-ready_new_imgs/converted_from_PDF_-_now_to_jpeg/grayscale
$ diff moving_b2_gs_jpegs_1748383614_2025-05-27T160654-0600.sh mbgj_bak
1d0
< #!/usr/bin/env bash

Anast@DESKTOP-O7KM5A5 /cygdrive/c/David/FHTW-2025-All_-_move_2024_get_new/new_-_folder_for_not-yet-ready_new_imgs/converted_from_PDF_-_now_to_jpeg/grayscale
$ #  Just putting on the shebang line.

Anast@DESKTOP-O7KM5A5 /cygdrive/c/David/FHTW-2025-All_-_move_2024_get_new/new_-_folder_for_not-yet-ready_new_imgs/converted_from_PDF_-_now_to_jpeg/grayscale
$ chmod a+x moving_b2_gs_jpegs_1748383614_2025-05-27T160654-0600.sh

Anast@DESKTOP-O7KM5A5 /cygdrive/c/David/FHTW-2025-All_-_move_2024_get_new/new_-_folder_for_not-yet-ready_new_imgs/converted_from_PDF_-_now_to_jpeg/grayscale
$ ./moving_b2_gs_jpegs_1748383614_2025-05-27T160654-0600.sh 2>&1 | tee ../../big_b2_gs_move_1748383614_2025-05-27T160654-0600.out

 Creating directory
"/cygdrive/c/David/FHTW-2025-All_-_move_2024_get_new/new_final_jpeg_to_use/BnF-BibArsenal_-_Ms-6039/"
      ... success creating dir
 Now moving jpeg files.
      ... success moving jpegs

 Creating directory
"/cygdrive/c/David/FHTW-2025-All_-_move_2024_get_new/new_final_jpeg_to_use/BnF_-_Ms-Fra-24308/"
      ... success creating dir
 Now moving jpeg files.
      ... success moving jpegs

 Creating directory
"/cygdrive/c/David/FHTW-2025-All_-_move_2024_get_new/new_final_jpeg_to_use/BnF_-_Ms-Grec-338/"
      ... success creating dir
 Now moving jpeg files.
      ... success moving jpegs

 Creating directory
"/cygdrive/c/David/FHTW-2025-All_-_move_2024_get_new/new_final_jpeg_to_use/BnF_-_Ms-Lat-17385/"
      ... success creating dir
 Now moving jpeg files.
      ... success moving jpegs

 Creating directory
"/cygdrive/c/David/FHTW-2025-All_-_move_2024_get_new/new_final_jpeg_to_use/BnF_-_Ms-Lat-17551/"
      ... success creating dir
 Now moving jpeg files.
      ... success moving jpegs

 Creating directory
"/cygdrive/c/David/FHTW-2025-All_-_move_2024_get_new/new_final_jpeg_to_use/BnF_-_Ms-Lat-18315/"
      ... success creating dir
 Now moving jpeg files.
      ... success moving jpegs

 Creating directory
"/cygdrive/c/David/FHTW-2025-All_-_move_2024_get_new/new_final_jpeg_to_use/BnF_-_Ms-Lat-18417/"
      ... success creating dir
 Now moving jpeg files.
      ... success moving jpegs

 Creating directory
"/cygdrive/c/David/FHTW-2025-All_-_move_2024_get_new/new_final_jpeg_to_use/BnF_-_Ms-Lat-18421/"
      ... success creating dir
 Now moving jpeg files.
      ... success moving jpegs

 Creating directory
"/cygdrive/c/David/FHTW-2025-All_-_move_2024_get_new/new_final_jpeg_to_use/BnF_-_Ms-Lat-3085A/"
      ... success creating dir
 Now moving jpeg files.
      ... success moving jpegs

Anast@DESKTOP-O7KM5A5 /cygdrive/c/David/FHTW-2025-All_-_move_2024_get_new/new_-_folder_for_not-yet-ready_new_imgs/converted_from_PDF_-_now_to_jpeg/grayscale
$ find . -type f -iname "*.jpg"

Anast@DESKTOP-O7KM5A5 /cygdrive/c/David/FHTW-2025-All_-_move_2024_get_new/new_-_folder_for_not-yet-ready_new_imgs/converted_from_PDF_-_now_to_jpeg/grayscale
$

Anast@DESKTOP-O7KM5A5 /cygdrive/c/David/FHTW-2025-All_-_move_2024_get_new/new_-_folder_for_not-yet-ready_new_imgs/converted_from_PDF_-_now_to_jpeg/grayscale
$

Anast@DESKTOP-O7KM5A5 /cygdrive/c/David/FHTW-2025-All_-_move_2024_get_new/new_-_folder_for_not-yet-ready_new_imgs/converted_from_PDF_-_now_to_jpeg/grayscale
$ meta_png_fname="moving_b2_gs_pngs_1748383614_2025-05-27T160654-0600.sh"; \
touch "${meta_png_fname}"; >"${meta_png_fname}"; \
while read -r line; do \
  bare="${line}"; \
  meta_png_fname="moving_b2_gs_pngs_1748383614_2025-05-27T160654-0600.sh";
  echo >> "${meta_png_fname}";
  echo "echo" >> "${meta_png_fname}";
  dir2be=\
"/cygdrive/c/David/FHTW-2025-All_-_move_2024_get_new/"\
"new_-_folder_for_not-yet-ready_new_imgs/png_bak_from_PDFs/${bare}/"; \
  echo "echo -e \" Creating directory\\n\\\"${dir2be}\\\"\"" >> \
    "${meta_png_fname}"; \
  echo "mkdir -p \"${dir2be}\" "\
"&& echo \"      ... success creating dir\" "\
"|| echo \"      ... FAILURE creating dir\"" >> \
    "${meta_png_fname}"; \
  echo "echo \" Now moving png files.\"" >> \
    "${meta_png_fname}"; \
  echo "mv \"$(pwd)/${bare}\"*.png \"${dir2be}\" "\
"&& echo \"      ... success moving pngs\" "\
"|| echo \"      ... FAILURE moving pngs\"" >> \
    "${meta_png_fname}"; \
  echo >> "${meta_png_fname}";
done < ../../b2_doc_fnames_grayscale_for_big_moves_1748381715_2025-05-27T153515-0600.lst

Anast@DESKTOP-O7KM5A5 /cygdrive/c/David/FHTW-2025-All_-_move_2024_get_new/new_-_folder_for_not-yet-ready_new_imgs/converted_from_PDF_-_now_to_jpeg/grayscale
$ cp moving_b2_gs_mbgp_bak
moving_b2_gs_jpegs_1748383614_2025-05-27T160654-0600.sh
moving_b2_gs_jpegs_1748383614_2025-05-27T160654-0600.sh~
moving_b2_gs_pngs_1748383614_2025-05-27T160654-0600.sh

Anast@DESKTOP-O7KM5A5 /cygdrive/c/David/FHTW-2025-All_-_move_2024_get_new/new_-_folder_for_not-yet-ready_new_imgs/converted_from_PDF_-_now_to_jpeg/grayscale
$ cp moving_b2_gs_pngs_1748383614_2025-05-27T160654-0600.sh mbgp_bak

Anast@DESKTOP-O7KM5A5 /cygdrive/c/David/FHTW-2025-All_-_move_2024_get_new/new_-_folder_for_not-yet-ready_new_imgs/converted_from_PDF_-_now_to_jpeg/grayscale
$ vim moving_b2_gs_pngs_1748383614_2025-05-27T160654-0600.sh

Anast@DESKTOP-O7KM5A5 /cygdrive/c/David/FHTW-2025-All_-_move_2024_get_new/new_-_folder_for_not-yet-ready_new_imgs/converted_from_PDF_-_now_to_jpeg/grayscale
$ diff mbgp_bak moving_b2_gs_pngs_1748383614_2025-05-27T160654-0600.sh
0a1
> #!/usr/bin/env bash

Anast@DESKTOP-O7KM5A5 /cygdrive/c/David/FHTW-2025-All_-_move_2024_get_new/new_-_folder_for_not-yet-ready_new_imgs/converted_from_PDF_-_now_to_jpeg/grayscale
$ # Just added in the shebang

Anast@DESKTOP-O7KM5A5 /cygdrive/c/David/FHTW-2025-All_-_move_2024_get_new/new_-_folder_for_not-yet-ready_new_imgs/converted_from_PDF_-_now_to_jpeg/grayscale
$ rm mbgp_bak

Anast@DESKTOP-O7KM5A5 /cygdrive/c/David/FHTW-2025-All_-_move_2024_get_new/new_-_folder_for_not-yet-ready_new_imgs/converted_from_PDF_-_now_to_jpeg/grayscale
$ chmod a+x moving_b2_gs_pngs_1748383614_2025-05-27T160654-0600.sh

Anast@DESKTOP-O7KM5A5 /cygdrive/c/David/FHTW-2025-All_-_move_2024_get_new/new_-_folder_for_not-yet-ready_new_imgs/converted_from_PDF_-_now_to_jpeg/grayscale
$ ##./moving_b2_gs_pngs_1748383614_2025-05-27T160654-0600.sh ../../big_b2_gs_png_move_1748383614_2025-05-27T160654-0600.out

Anast@DESKTOP-O7KM5A5 /cygdrive/c/David/FHTW-2025-All_-_move_2024_get_new/new_-_folder_for_not-yet-ready_new_imgs/converted_from_PDF_-_now_to_jpeg/grayscale
$ mv ../../big_b2_gs_move_1748383614_2025-05-27T160654-0600.out ../../big_b2_gs_jpeg_move_1748383614_2025-05-27T160654-0600.out

Anast@DESKTOP-O7KM5A5 /cygdrive/c/David/FHTW-2025-All_-_move_2024_get_new/new_-_folder_for_not-yet-ready_new_imgs/converted_from_PDF_-_now_to_jpeg/grayscale
$ ./moving_b2_gs_pngs_1748383614_2025-05-27T160654-0600.sh 2>&1 | tee ../../big_b2_gs_png_move_1748383614_2025-05-27T160654-0600.out

 Creating directory
"/cygdrive/c/David/FHTW-2025-All_-_move_2024_get_new/new_-_folder_for_not-yet-ready_new_imgs/png_bak_from_PDFs/BnF-BibArsenal_-_Ms-6039/"
      ... success creating dir
 Now moving png files.
      ... success moving pngs

 Creating directory
"/cygdrive/c/David/FHTW-2025-All_-_move_2024_get_new/new_-_folder_for_not-yet-ready_new_imgs/png_bak_from_PDFs/BnF_-_Ms-Fra-24308/"
      ... success creating dir
 Now moving png files.
      ... success moving pngs

 Creating directory
"/cygdrive/c/David/FHTW-2025-All_-_move_2024_get_new/new_-_folder_for_not-yet-ready_new_imgs/png_bak_from_PDFs/BnF_-_Ms-Grec-338/"
      ... success creating dir
 Now moving png files.
      ... success moving pngs

 Creating directory
"/cygdrive/c/David/FHTW-2025-All_-_move_2024_get_new/new_-_folder_for_not-yet-ready_new_imgs/png_bak_from_PDFs/BnF_-_Ms-Lat-17385/"
      ... success creating dir
 Now moving png files.
      ... success moving pngs

 Creating directory
"/cygdrive/c/David/FHTW-2025-All_-_move_2024_get_new/new_-_folder_for_not-yet-ready_new_imgs/png_bak_from_PDFs/BnF_-_Ms-Lat-17551/"
      ... success creating dir
 Now moving png files.
      ... success moving pngs

 Creating directory
"/cygdrive/c/David/FHTW-2025-All_-_move_2024_get_new/new_-_folder_for_not-yet-ready_new_imgs/png_bak_from_PDFs/BnF_-_Ms-Lat-18315/"
      ... success creating dir
 Now moving png files.
      ... success moving pngs

 Creating directory
"/cygdrive/c/David/FHTW-2025-All_-_move_2024_get_new/new_-_folder_for_not-yet-ready_new_imgs/png_bak_from_PDFs/BnF_-_Ms-Lat-18417/"
      ... success creating dir
 Now moving png files.
      ... success moving pngs

 Creating directory
"/cygdrive/c/David/FHTW-2025-All_-_move_2024_get_new/new_-_folder_for_not-yet-ready_new_imgs/png_bak_from_PDFs/BnF_-_Ms-Lat-18421/"
      ... success creating dir
 Now moving png files.
      ... success moving pngs

 Creating directory
"/cygdrive/c/David/FHTW-2025-All_-_move_2024_get_new/new_-_folder_for_not-yet-ready_new_imgs/png_bak_from_PDFs/BnF_-_Ms-Lat-3085A/"
      ... success creating dir
 Now moving png files.
      ... success moving pngs

Anast@DESKTOP-O7KM5A5 /cygdrive/c/David/FHTW-2025-All_-_move_2024_get_new/new_-_folder_for_not-yet-ready_new_imgs/converted_from_PDF_-_now_to_jpeg/grayscale
$

Anast@DESKTOP-O7KM5A5 /cygdrive/c/David/FHTW-2025-All_-_move_2024_get_new/new_-_folder_for_not-yet-ready_new_imgs/converted_from_PDF_-_now_to_jpeg/grayscale
$

Anast@DESKTOP-O7KM5A5 /cygdrive/c/David/FHTW-2025-All_-_move_2024_get_new/new_-_folder_for_not-yet-ready_new_imgs/converted_from_PDF_-_now_to_jpeg/grayscale
$

Anast@DESKTOP-O7KM5A5 /cygdrive/c/David/FHTW-2025-All_-_move_2024_get_new/new_-_folder_for_not-yet-ready_new_imgs/converted_from_PDF_-_now_to_jpeg/grayscale
$

Anast@DESKTOP-O7KM5A5 /cygdrive/c/David/FHTW-2025-All_-_move_2024_get_new/new_-_folder_for_not-yet-ready_new_imgs/converted_from_PDF_-_now_to_jpeg/grayscale
$

Anast@DESKTOP-O7KM5A5 /cygdrive/c/David/FHTW-2025-All_-_move_2024_get_new/new_-_folder_for_not-yet-ready_new_imgs/converted_from_PDF_-_now_to_jpeg/grayscale
$ checksituation

 Current date/time is
Tue May 27 16:39:27 MDT 2025
1748385568
1748385568_2025-05-27T163928-0600

 Current directory ( pwd ) is
/cygdrive/c/David/FHTW-2025-All_-_move_2024_get_new/new_-_folder_for_not-yet-ready_new_imgs/converted_from_PDF_-_now_to_jpeg/grayscale


Anast@DESKTOP-O7KM5A5 /cygdrive/c/David/FHTW-2025-All_-_move_2024_get_new/new_-_folder_for_not-yet-ready_new_imgs/converted_from_PDF_-_now_to_jpeg/grayscale
$ ######################################################

Anast@DESKTOP-O7KM5A5 /cygdrive/c/David/FHTW-2025-All_-_move_2024_get_new/new_-_folder_for_not-yet-ready_new_imgs/converted_from_PDF_-_now_to_jpeg/grayscale
$ ######################################################

Anast@DESKTOP-O7KM5A5 /cygdrive/c/David/FHTW-2025-All_-_move_2024_get_new/new_-_folder_for_not-yet-ready_new_imgs/converted_from_PDF_-_now_to_jpeg/grayscale
$ ####### COPY/PASTE POINT ALPHA

Anast@DESKTOP-O7KM5A5 /cygdrive/c/David/FHTW-2025-All_-_move_2024_get_new/new_-_folder_for_not-yet-ready_new_imgs/converted_from_PDF_-_now_to_jpeg/grayscale
$

Anast@DESKTOP-O7KM5A5 /cygdrive/c/David/FHTW-2025-All_-_move_2024_get_new/new_-_folder_for_not-yet-ready_new_imgs/converted_from_PDF_-_now_to_jpeg/grayscale
$

Anast@DESKTOP-O7KM5A5 /cygdrive/c/David/FHTW-2025-All_-_move_2024_get_new/new_-_folder_for_not-yet-ready_new_imgs/converted_from_PDF_-_now_to_jpeg/grayscale
$ ttdate
1748385589_2025-05-27T163949-0600

Anast@DESKTOP-O7KM5A5 /cygdrive/c/David/FHTW-2025-All_-_move_2024_get_new/new_-_folder_for_not-yet-ready_new_imgs/converted_from_PDF_-_now_to_jpeg/grayscale
$ ######### COPY TO HERE FOR ALPHA ##########

Anast@DESKTOP-O7KM5A5 /cygdrive/c/David/FHTW-2025-All_-_move_2024_get_new/new_-_folder_for_not-yet-ready_new_imgs/converted_from_PDF_-_now_to_jpeg/grayscale
$




