    ...
        ... success


orig: ./WaltersArtMuseum-LOC_-_TorosRoslinGospels_Walters-Ms-W-539-and-wdl-13-01-2_p95-591.png
my_first: WaltersArtMuseum-LOC_-_TorosRoslinGospels_Walters-Ms-W-539-and-wdl-13-01-2_
my_end: .png
my_second: 95
my_unpad: 96
my_num: 00096
  Command will be:
mv "./WaltersArtMuseum-LOC_-_TorosRoslinGospels_Walters-Ms-W-539-and-wdl-13-01-2_p95-591.png" "WaltersArtMuseum-LOC_-_TorosRoslinGospels_Walters-Ms-W-539-and-wdl-13-01-2_00096.png"
    ...
        ... success


orig: ./WaltersArtMuseum-LOC_-_TorosRoslinGospels_Walters-Ms-W-539-and-wdl-13-01-2_p96-598.png
my_first: WaltersArtMuseum-LOC_-_TorosRoslinGospels_Walters-Ms-W-539-and-wdl-13-01-2_
my_end: .png
my_second: 96
my_unpad: 97
my_num: 00097
  Command will be:
mv "./WaltersArtMuseum-LOC_-_TorosRoslinGospels_Walters-Ms-W-539-and-wdl-13-01-2_p96-598.png" "WaltersArtMuseum-LOC_-_TorosRoslinGospels_Walters-Ms-W-539-and-wdl-13-01-2_00097.png"
    ...
        ... success


orig: ./WaltersArtMuseum-LOC_-_TorosRoslinGospels_Walters-Ms-W-539-and-wdl-13-01-2_p97-604.png
my_first: WaltersArtMuseum-LOC_-_TorosRoslinGospels_Walters-Ms-W-539-and-wdl-13-01-2_
my_end: .png
my_second: 97
my_unpad: 98
my_num: 00098
  Command will be:
mv "./WaltersArtMuseum-LOC_-_TorosRoslinGospels_Walters-Ms-W-539-and-wdl-13-01-2_p97-604.png" "WaltersArtMuseum-LOC_-_TorosRoslinGospels_Walters-Ms-W-539-and-wdl-13-01-2_00098.png"
    ...
        ... success


orig: ./WaltersArtMuseum-LOC_-_TorosRoslinGospels_Walters-Ms-W-539-and-wdl-13-01-2_p98-610.png
my_first: WaltersArtMuseum-LOC_-_TorosRoslinGospels_Walters-Ms-W-539-and-wdl-13-01-2_
my_end: .png
my_second: 98
my_unpad: 99
my_num: 00099
  Command will be:
mv "./WaltersArtMuseum-LOC_-_TorosRoslinGospels_Walters-Ms-W-539-and-wdl-13-01-2_p98-610.png" "WaltersArtMuseum-LOC_-_TorosRoslinGospels_Walters-Ms-W-539-and-wdl-13-01-2_00099.png"
    ...
        ... success


orig: ./WaltersArtMuseum-LOC_-_TorosRoslinGospels_Walters-Ms-W-539-and-wdl-13-01-2_p99-616.png
my_first: WaltersArtMuseum-LOC_-_TorosRoslinGospels_Walters-Ms-W-539-and-wdl-13-01-2_
my_end: .png
my_second: 99
my_unpad: 100
my_num: 00100
  Command will be:
mv "./WaltersArtMuseum-LOC_-_TorosRoslinGospels_Walters-Ms-W-539-and-wdl-13-01-2_p99-616.png" "WaltersArtMuseum-LOC_-_TorosRoslinGospels_Walters-Ms-W-539-and-wdl-13-01-2_00100.png"
    ...
        ... success


Anast@DESKTOP-O7KM5A5 /cygdrive/c/David/FHTW-2025-All_-_move_2024_get_new/new_-_folder_for_not-yet-ready_new_imgs/converted_from_PDF_-_now_rename_png
$

Anast@DESKTOP-O7KM5A5 /cygdrive/c/David/FHTW-2025-All_-_move_2024_get_new/new_-_folder_for_not-yet-ready_new_imgs/converted_from_PDF_-_now_rename_png
$

Anast@DESKTOP-O7KM5A5 /cygdrive/c/David/FHTW-2025-All_-_move_2024_get_new/new_-_folder_for_not-yet-ready_new_imgs/converted_from_PDF_-_now_rename_png
$

Anast@DESKTOP-O7KM5A5 /cygdrive/c/David/FHTW-2025-All_-_move_2024_get_new/new_-_folder_for_not-yet-ready_new_imgs/converted_from_PDF_-_now_rename_png
$ source ~/.bashrc

Anast@DESKTOP-O7KM5A5 /cygdrive/c/David/FHTW-2025-All_-_move_2024_get_new/new_-_folder_for_not-yet-ready_new_imgs/converted_from_PDF_-_now_rename_png
$ samt
Aliasing `grep' to `grep --color=auto'
Original (binary) is
grep is /usr/bin/grep
Changing ...
Done

Aliasing `ls' to `ls --color=auto'
Original (binary) is
ls is /usr/bin/ls
Changing ...
Done

Aliasing `xterm' to `uxterm'
Original (binary) is
uxterm is /usr/bin/uxterm
Changing ...
Done


Anast@DESKTOP-O7KM5A5 /cygdrive/c/David/FHTW-2025-All_-_move_2024_get_new/new_-_folder_for_not-yet-ready_new_imgs/converted_from_PDF_-_now_rename_png
$ checksituation

 Current date/time is
Mon May 26 17:56:30 MDT 2025
1748303790
1748303790_2025-05-26T175630-0600

 Current directory ( pwd ) is
/cygdrive/c/David/FHTW-2025-All_-_move_2024_get_new/new_-_folder_for_not-yet-ready_new_imgs/converted_from_PDF_-_now_rename_png


Anast@DESKTOP-O7KM5A5 /cygdrive/c/David/FHTW-2025-All_-_move_2024_get_new/new_-_folder_for_not-yet-ready_new_imgs/converted_from_PDF_-_now_rename_png
$ find . -type f -not -iname "*.png"
./fnames.lst
./rename.out

Anast@DESKTOP-O7KM5A5 /cygdrive/c/David/FHTW-2025-All_-_move_2024_get_new/new_-_folder_for_not-yet-ready_new_imgs/converted_from_PDF_-_now_rename_png
$ grep -i --failure rename.out
grep: unknown option -- failure
Usage: grep [OPTION]... PATTERNS [FILE]...
Try 'grep --help' for more information.

Anast@DESKTOP-O7KM5A5 /cygdrive/c/David/FHTW-2025-All_-_move_2024_get_new/new_-_folder_for_not-yet-ready_new_imgs/converted_from_PDF_-_now_rename_png
$ #  Hahahahahahaha, Failure is not an option.

Anast@DESKTOP-O7KM5A5 /cygdrive/c/David/FHTW-2025-All_-_move_2024_get_new/new_-_folder_for_not-yet-ready_new_imgs/converted_from_PDF_-_now_rename_png
$ grep -i failure rename.out | wc -l
0

Anast@DESKTOP-O7KM5A5 /cygdrive/c/David/FHTW-2025-All_-_move_2024_get_new/new_-_folder_for_not-yet-ready_new_imgs/converted_from_PDF_-_now_rename_png
$ # Yay!

Anast@DESKTOP-O7KM5A5 /cygdrive/c/David/FHTW-2025-All_-_move_2024_get_new/new_-_folder_for_not-yet-ready_new_imgs/converted_from_PDF_-_now_rename_png
$ my_ts=$(ttdate)

Anast@DESKTOP-O7KM5A5 /cygdrive/c/David/FHTW-2025-All_-_move_2024_get_new/new_-_folder_for_not-yet-ready_new_imgs/converted_from_PDF_-_now_rename_png
$ echo ${my_ts}
1748308719_2025-05-26T191839-0600

Anast@DESKTOP-O7KM5A5 /cygdrive/c/David/FHTW-2025-All_-_move_2024_get_new/new_-_folder_for_not-yet-ready_new_imgs/converted_from_PDF_-_now_rename_png
$ mv fnames.lst ../fnames_${my_ts}.lst

Anast@DESKTOP-O7KM5A5 /cygdrive/c/David/FHTW-2025-All_-_move_2024_get_new/new_-_folder_for_not-yet-ready_new_imgs/converted_from_PDF_-_now_rename_png
$ mv rename.out ../renames_${my_ts}.out

Anast@DESKTOP-O7KM5A5 /cygdrive/c/David/FHTW-2025-All_-_move_2024_get_new/new_-_folder_for_not-yet-ready_new_imgs/converted_from_PDF_-_now_rename_png
$ find . -type f -not -iname "*.png"

Anast@DESKTOP-O7KM5A5 /cygdrive/c/David/FHTW-2025-All_-_move_2024_get_new/new_-_folder_for_not-yet-ready_new_imgs/converted_from_PDF_-_now_rename_png
$ checksituation

 Current date/time is
Mon May 26 19:19:50 MDT 2025
1748308790
1748308790_2025-05-26T191950-0600

 Current directory ( pwd ) is
/cygdrive/c/David/FHTW-2025-All_-_move_2024_get_new/new_-_folder_for_not-yet-ready_new_imgs/converted_from_PDF_-_now_rename_png


Anast@DESKTOP-O7KM5A5 /cygdrive/c/David/FHTW-2025-All_-_move_2024_get_new/new_-_folder_for_not-yet-ready_new_imgs/converted_from_PDF_-_now_rename_png
$

Anast@DESKTOP-O7KM5A5 /cygdrive/c/David/FHTW-2025-All_-_move_2024_get_new/new_-_folder_for_not-yet-ready_new_imgs/converted_from_PDF_-_now_rename_png
$ find . -type f -iname "*.png" | awk -F'/' '{print $NF}' | sed 's#_[0-9]\{5\}[.][^.]\{2,5\}$##g' | head
BavarianStateLibrary-LOC_-_ArmenianGospelBook_BSB-Cod-armen-1-and-wdl_18-39-6
BavarianStateLibrary-LOC_-_ArmenianGospelBook_BSB-Cod-armen-1-and-wdl_18-39-6
BavarianStateLibrary-LOC_-_ArmenianGospelBook_BSB-Cod-armen-1-and-wdl_18-39-6
BavarianStateLibrary-LOC_-_ArmenianGospelBook_BSB-Cod-armen-1-and-wdl_18-39-6
BavarianStateLibrary-LOC_-_ArmenianGospelBook_BSB-Cod-armen-1-and-wdl_18-39-6
BavarianStateLibrary-LOC_-_ArmenianGospelBook_BSB-Cod-armen-1-and-wdl_18-39-6
BavarianStateLibrary-LOC_-_ArmenianGospelBook_BSB-Cod-armen-1-and-wdl_18-39-6
BavarianStateLibrary-LOC_-_ArmenianGospelBook_BSB-Cod-armen-1-and-wdl_18-39-6
BavarianStateLibrary-LOC_-_ArmenianGospelBook_BSB-Cod-armen-1-and-wdl_18-39-6
BavarianStateLibrary-LOC_-_ArmenianGospelBook_BSB-Cod-armen-1-and-wdl_18-39-6

Anast@DESKTOP-O7KM5A5 /cygdrive/c/David/FHTW-2025-All_-_move_2024_get_new/new_-_folder_for_not-yet-ready_new_imgs/converted_from_PDF_-_now_rename_png
$ find . -type f -iname "*.png" | awk -F'/' '{print $NF}' | sed 's#_[0-9]\{5\}[.][^.]\{2,5\}$##g' | sort | wc -l
8107

Anast@DESKTOP-O7KM5A5 /cygdrive/c/David/FHTW-2025-All_-_move_2024_get_new/new_-_folder_for_not-yet-ready_new_imgs/converted_from_PDF_-_now_rename_png
$ find . -type f -iname "*.png" | awk -F'/' '{print $NF}' | sed 's#_[0-9]\{5\}[.][^.]\{2,5\}$##g' | sort | uniq | wc -l
20

Anast@DESKTOP-O7KM5A5 /cygdrive/c/David/FHTW-2025-All_-_move_2024_get_new/new_-_folder_for_not-yet-ready_new_imgs/converted_from_PDF_-_now_rename_png
$ find . -type f -iname "*.png" | awk -F'/' '{print $NF}' | sed 's#_[0-9]\{5\}[.][^.]\{2,5\}$##g' | sort | uniq
BavarianStateLibrary-LOC_-_ArmenianGospelBook_BSB-Cod-armen-1-and-wdl_18-39-6
BnF_-_AESOPUS_Ms-Grec-1310
BnF_-_Horace_Ms-Latin-11312_bw
BnF_-_Horace_Ms-Latin-11312_color
BnF_-_MS-Grec-2991
BnF_-_Ms-Georgien-5
BnF_-_Ms-Grec-487
BnF_-_Ms-Latin-12302
BnF_-_Ms-Latin-12410_bw
BnF_-_Ms-Latin-12410_color
BnF_-_Ms-Latin-2510
BnF_-_Ms-Latin-619
BnF_-_Ms-NAL-1436
BnF_-_Publius_Papinius_Ms-Latin-8055_bw
BnF_-_Publius_Papinius_Ms-Latin-8055_color
BnF_-_ScriptaVariaHorace_Ms-Latin-7978
BnF_-_TraductionDuCoranDePierreLeVenerable_Ms-Latin-0000
BnF_MS-Grec-2089_palimpsest
Bodleian-Library-MS-Laud-Misc-440
WaltersArtMuseum-LOC_-_TorosRoslinGospels_Walters-Ms-W-539-and-wdl-13-01-2

Anast@DESKTOP-O7KM5A5 /cygdrive/c/David/FHTW-2025-All_-_move_2024_get_new/new_-_folder_for_not-yet-ready_new_imgs/converted_from_PDF_-_now_rename_png
$ these_files=$(find . -type f -iname "*.png" | awk -F'/' '{print $NF}' | sed 's#_[0-9]\{5\}[.][^.]\{2,5\}$##g' | sort | uniq | tr '\n' '|')

Anast@DESKTOP-O7KM5A5 /cygdrive/c/David/FHTW-2025-All_-_move_2024_get_new/new_-_folder_for_not-yet-ready_new_imgs/converted_from_PDF_-_now_rename_png
$ echo "${these_files}" | tr '|' '\n'
BavarianStateLibrary-LOC_-_ArmenianGospelBook_BSB-Cod-armen-1-and-wdl_18-39-6
BnF_-_AESOPUS_Ms-Grec-1310
BnF_-_Horace_Ms-Latin-11312_bw
BnF_-_Horace_Ms-Latin-11312_color
BnF_-_MS-Grec-2991
BnF_-_Ms-Georgien-5
BnF_-_Ms-Grec-487
BnF_-_Ms-Latin-12302
BnF_-_Ms-Latin-12410_bw
BnF_-_Ms-Latin-12410_color
BnF_-_Ms-Latin-2510
BnF_-_Ms-Latin-619
BnF_-_Ms-NAL-1436
BnF_-_Publius_Papinius_Ms-Latin-8055_bw
BnF_-_Publius_Papinius_Ms-Latin-8055_color
BnF_-_ScriptaVariaHorace_Ms-Latin-7978
BnF_-_TraductionDuCoranDePierreLeVenerable_Ms-Latin-0000
BnF_MS-Grec-2089_palimpsest
Bodleian-Library-MS-Laud-Misc-440
WaltersArtMuseum-LOC_-_TorosRoslinGospels_Walters-Ms-W-539-and-wdl-13-01-2


Anast@DESKTOP-O7KM5A5 /cygdrive/c/David/FHTW-2025-All_-_move_2024_get_new/new_-_folder_for_not-yet-ready_new_imgs/converted_from_PDF_-_now_rename_png
$ mkdir ../coran_trad_plv_bak

Anast@DESKTOP-O7KM5A5 /cygdrive/c/David/FHTW-2025-All_-_move_2024_get_new/new_-_folder_for_not-yet-ready_new_imgs/converted_from_PDF_-_now_rename_png
$ cp BnF_-_TraductionDuCoranDePierreLeVenerable_Ms-Latin-0000_00*.png ../coran_trad_plv_bak/

Anast@DESKTOP-O7KM5A5 /cygdrive/c/David/FHTW-2025-All_-_move_2024_get_new/new_-_folder_for_not-yet-ready_new_imgs/converted_from_PDF_-_now_rename_png
$ find . -type f -iname "BnF*Trad*Coran_Ms-Latin*.png | wc -l
> find . -type f -iname "BnF*Trad*Coran_Ms-Latin*.png | wc -l^C

Anast@DESKTOP-O7KM5A5 /cygdrive/c/David/FHTW-2025-All_-_move_2024_get_new/new_-_folder_for_not-yet-ready_new_imgs/converted_from_PDF_-_now_rename_png
$ find . -type f -iname "BnF*Trad*Coran_Ms-Latin*.png" | wc -l
0

Anast@DESKTOP-O7KM5A5 /cygdrive/c/David/FHTW-2025-All_-_move_2024_get_new/new_-_folder_for_not-yet-ready_new_imgs/converted_from_PDF_-_now_rename_png
$ find . -type f -iname "BnF*Trad*Coran*Ms-Latin*.png" | wc -l
375

Anast@DESKTOP-O7KM5A5 /cygdrive/c/David/FHTW-2025-All_-_move_2024_get_new/new_-_folder_for_not-yet-ready_new_imgs/converted_from_PDF_-_now_rename_png
$ find . -type f -iname "BnF*Trad*Coran*Ms-Latin*.png" -print0 | xargs -I'{}' -0 bash -c '
> orig="{}";
> new_part=$(echo "${orig}" | sed '"'"'s#_[-]_#-BibArsenal_-_#g'"'"')
> ; echo "new_part: ${new_part}";
> ' | head -n 30
bash: -c: line 4: syntax error near unexpected token `;'
bash: -c: line 4: `; echo "new_part: ${new_part}";'
bash: -c: line 4: syntax error near unexpected token `;'
bash: -c: line 4: `; echo "new_part: ${new_part}";'
bash: -c: line 4: syntax error near unexpected token `;'
bash: -c: line 4: `; echo "new_part: ${new_part}";'
bash: -c: line 4: syntax error near unexpected token `;'
bash: -c: line 4: `; echo "new_part: ${new_part}";'
bash: -c: line 4: syntax error near unexpected token `;'
bash: -c: line 4: `; echo "new_part: ${new_part}";'
bash: -c: line 4: syntax error near unexpected token `;'
bash: -c: line 4: `; echo "new_part: ${new_part}";'
bash: -c: line 4: syntax error near unexpected token `;'
bash: -c: line 4: `; echo "new_part: ${new_part}";'
bash: -c: line 4: syntax error near unexpected token `;'
bash: -c: line 4: `; echo "new_part: ${new_part}";'
bash: -c: line 4: syntax error near unexpected token `;'
bash: -c: line 4: `; echo "new_part: ${new_part}";'
bash: -c: line 4: syntax error near unexpected token `;'
bash: -c: line 4: `; echo "new_part: ${new_part}";'
bash: -c: line 4: syntax error near unexpected token `;'
bash: -c: line 4: `; echo "new_part: ${new_part}";'
bash: -c: line 4: syntax error near unexpected token `;'
bash: -c: line 4: `; echo "new_part: ${new_part}";'
bash: -c: line 4: syntax error near unexpected token `;'
bash: -c: line 4: `; echo "new_part: ${new_part}";'
bash: -c: line 4: syntax error near unexpected token `;'
bash: -c: line 4: `; echo "new_part: ${new_part}";'
bash: -c: line 4: syntax error near unexpected token `;'
bash: -c: line 4: `; echo "new_part: ${new_part}";'
bash: -c: line 4: syntax error near unexpected token `;'
bash: -c: line 4: `; echo "new_part: ${new_part}";'
bash: -c: line 4: syntax error near unexpected token `;'
bash: -c: line 4: `; echo "new_part: ${new_part}";'
bash: -c: line 4: syntax error near unexpected token `;'
bash: -c: line 4: `; echo "new_part: ${new_part}";'


Anast@DESKTOP-O7KM5A5 /cygdrive/c/David/FHTW-2025-All_-_move_2024_get_new/new_-_folder_for_not-yet-ready_new_imgs/converted_from_PDF_-_now_rename_png
$ find . -type f -iname "BnF*Trad*Coran*Ms-Latin*.png" -print0 | xargs -I'{}' -0 bash -c '
orig="{}";
new_part=$(echo "${orig}" | sed '"'"'s#_[-]_#-BibArsenal_-_#g'"'"');
echo "new_part: ${new_part}";
' | head -n 30
new_part: ./BnF-BibArsenal_-_TraductionDuCoranDePierreLeVenerable_Ms-Latin-0000_00003.png
new_part: ./BnF-BibArsenal_-_TraductionDuCoranDePierreLeVenerable_Ms-Latin-0000_00004.png
new_part: ./BnF-BibArsenal_-_TraductionDuCoranDePierreLeVenerable_Ms-Latin-0000_00005.png
new_part: ./BnF-BibArsenal_-_TraductionDuCoranDePierreLeVenerable_Ms-Latin-0000_00006.png
new_part: ./BnF-BibArsenal_-_TraductionDuCoranDePierreLeVenerable_Ms-Latin-0000_00007.png
new_part: ./BnF-BibArsenal_-_TraductionDuCoranDePierreLeVenerable_Ms-Latin-0000_00008.png
new_part: ./BnF-BibArsenal_-_TraductionDuCoranDePierreLeVenerable_Ms-Latin-0000_00009.png
new_part: ./BnF-BibArsenal_-_TraductionDuCoranDePierreLeVenerable_Ms-Latin-0000_00010.png
new_part: ./BnF-BibArsenal_-_TraductionDuCoranDePierreLeVenerable_Ms-Latin-0000_00011.png
new_part: ./BnF-BibArsenal_-_TraductionDuCoranDePierreLeVenerable_Ms-Latin-0000_00012.png
new_part: ./BnF-BibArsenal_-_TraductionDuCoranDePierreLeVenerable_Ms-Latin-0000_00013.png
new_part: ./BnF-BibArsenal_-_TraductionDuCoranDePierreLeVenerable_Ms-Latin-0000_00014.png
new_part: ./BnF-BibArsenal_-_TraductionDuCoranDePierreLeVenerable_Ms-Latin-0000_00015.png
new_part: ./BnF-BibArsenal_-_TraductionDuCoranDePierreLeVenerable_Ms-Latin-0000_00016.png
new_part: ./BnF-BibArsenal_-_TraductionDuCoranDePierreLeVenerable_Ms-Latin-0000_00017.png
new_part: ./BnF-BibArsenal_-_TraductionDuCoranDePierreLeVenerable_Ms-Latin-0000_00018.png
new_part: ./BnF-BibArsenal_-_TraductionDuCoranDePierreLeVenerable_Ms-Latin-0000_00019.png
new_part: ./BnF-BibArsenal_-_TraductionDuCoranDePierreLeVenerable_Ms-Latin-0000_00020.png
new_part: ./BnF-BibArsenal_-_TraductionDuCoranDePierreLeVenerable_Ms-Latin-0000_00021.png
new_part: ./BnF-BibArsenal_-_TraductionDuCoranDePierreLeVenerable_Ms-Latin-0000_00022.png
new_part: ./BnF-BibArsenal_-_TraductionDuCoranDePierreLeVenerable_Ms-Latin-0000_00023.png
new_part: ./BnF-BibArsenal_-_TraductionDuCoranDePierreLeVenerable_Ms-Latin-0000_00024.png
new_part: ./BnF-BibArsenal_-_TraductionDuCoranDePierreLeVenerable_Ms-Latin-0000_00025.png
new_part: ./BnF-BibArsenal_-_TraductionDuCoranDePierreLeVenerable_Ms-Latin-0000_00026.png
new_part: ./BnF-BibArsenal_-_TraductionDuCoranDePierreLeVenerable_Ms-Latin-0000_00027.png
new_part: ./BnF-BibArsenal_-_TraductionDuCoranDePierreLeVenerable_Ms-Latin-0000_00028.png
new_part: ./BnF-BibArsenal_-_TraductionDuCoranDePierreLeVenerable_Ms-Latin-0000_00029.png
new_part: ./BnF-BibArsenal_-_TraductionDuCoranDePierreLeVenerable_Ms-Latin-0000_00030.png
new_part: ./BnF-BibArsenal_-_TraductionDuCoranDePierreLeVenerable_Ms-Latin-0000_00031.png
new_part: ./BnF-BibArsenal_-_TraductionDuCoranDePierreLeVenerable_Ms-Latin-0000_00032.png
xargs: bash: terminated by signal 13

Anast@DESKTOP-O7KM5A5 /cygdrive/c/David/FHTW-2025-All_-_move_2024_get_new/new_-_folder_for_not-yet-ready_new_imgs/converted_from_PDF_-_now_rename_png
$ find . -type f -iname "BnF*Trad*Coran*Ms-Latin*.png" -print0 | xargs -I'{}' -0 bash -c '
orig="{}";
new_part=$(echo "${orig}" | sed '"'"'s#_[-]_#-BibArsenal_-_#g'"'"');
echo "new_part: ${new_part}";
new_full=$(echo "${new_part}" | sed '"'"'s#Latin[-]0000#1162-res#g'"'"');
> echo "new_full: ${new_full}";
> ' | head -n 30
new_part: ./BnF-BibArsenal_-_TraductionDuCoranDePierreLeVenerable_Ms-Latin-0000_00003.png
new_full: ./BnF-BibArsenal_-_TraductionDuCoranDePierreLeVenerable_Ms-1162-res_00003.png
new_part: ./BnF-BibArsenal_-_TraductionDuCoranDePierreLeVenerable_Ms-Latin-0000_00004.png
new_full: ./BnF-BibArsenal_-_TraductionDuCoranDePierreLeVenerable_Ms-1162-res_00004.png
new_part: ./BnF-BibArsenal_-_TraductionDuCoranDePierreLeVenerable_Ms-Latin-0000_00005.png
new_full: ./BnF-BibArsenal_-_TraductionDuCoranDePierreLeVenerable_Ms-1162-res_00005.png
new_part: ./BnF-BibArsenal_-_TraductionDuCoranDePierreLeVenerable_Ms-Latin-0000_00006.png
new_full: ./BnF-BibArsenal_-_TraductionDuCoranDePierreLeVenerable_Ms-1162-res_00006.png
new_part: ./BnF-BibArsenal_-_TraductionDuCoranDePierreLeVenerable_Ms-Latin-0000_00007.png
new_full: ./BnF-BibArsenal_-_TraductionDuCoranDePierreLeVenerable_Ms-1162-res_00007.png
new_part: ./BnF-BibArsenal_-_TraductionDuCoranDePierreLeVenerable_Ms-Latin-0000_00008.png
new_full: ./BnF-BibArsenal_-_TraductionDuCoranDePierreLeVenerable_Ms-1162-res_00008.png
new_part: ./BnF-BibArsenal_-_TraductionDuCoranDePierreLeVenerable_Ms-Latin-0000_00009.png
new_full: ./BnF-BibArsenal_-_TraductionDuCoranDePierreLeVenerable_Ms-1162-res_00009.png
new_part: ./BnF-BibArsenal_-_TraductionDuCoranDePierreLeVenerable_Ms-Latin-0000_00010.png
new_full: ./BnF-BibArsenal_-_TraductionDuCoranDePierreLeVenerable_Ms-1162-res_00010.png
new_part: ./BnF-BibArsenal_-_TraductionDuCoranDePierreLeVenerable_Ms-Latin-0000_00011.png
new_full: ./BnF-BibArsenal_-_TraductionDuCoranDePierreLeVenerable_Ms-1162-res_00011.png
new_part: ./BnF-BibArsenal_-_TraductionDuCoranDePierreLeVenerable_Ms-Latin-0000_00012.png
new_full: ./BnF-BibArsenal_-_TraductionDuCoranDePierreLeVenerable_Ms-1162-res_00012.png
new_part: ./BnF-BibArsenal_-_TraductionDuCoranDePierreLeVenerable_Ms-Latin-0000_00013.png
new_full: ./BnF-BibArsenal_-_TraductionDuCoranDePierreLeVenerable_Ms-1162-res_00013.png
new_part: ./BnF-BibArsenal_-_TraductionDuCoranDePierreLeVenerable_Ms-Latin-0000_00014.png
new_full: ./BnF-BibArsenal_-_TraductionDuCoranDePierreLeVenerable_Ms-1162-res_00014.png
new_part: ./BnF-BibArsenal_-_TraductionDuCoranDePierreLeVenerable_Ms-Latin-0000_00015.png
new_full: ./BnF-BibArsenal_-_TraductionDuCoranDePierreLeVenerable_Ms-1162-res_00015.png
new_part: ./BnF-BibArsenal_-_TraductionDuCoranDePierreLeVenerable_Ms-Latin-0000_00016.png
new_full: ./BnF-BibArsenal_-_TraductionDuCoranDePierreLeVenerable_Ms-1162-res_00016.png
new_part: ./BnF-BibArsenal_-_TraductionDuCoranDePierreLeVenerable_Ms-Latin-0000_00017.png
new_full: ./BnF-BibArsenal_-_TraductionDuCoranDePierreLeVenerable_Ms-1162-res_00017.png
xargs: bash: terminated by signal 13

Anast@DESKTOP-O7KM5A5 /cygdrive/c/David/FHTW-2025-All_-_move_2024_get_new/new_-_folder_for_not-yet-ready_new_imgs/converted_from_PDF_-_now_rename_png
$ find . -type f -iname "BnF*Trad*Coran*Ms-Latin*.png" -print0 | xargs -I'{}' -0 bash -c '
orig="{}";
new_part=$(echo "${orig}" | sed '"'"'s#_[-]_#-BibArsenal_-_#g'"'"');
new_full=$(echo "${new_part}" | sed '"'"'s#Latin[-]0000#1162-res#g'"'"');
echo "  Moving"; echo "${orig}"; echo "  TO"; echo "${new_full}";
' | head -n 30
  Moving
./BnF_-_TraductionDuCoranDePierreLeVenerable_Ms-Latin-0000_00003.png
  TO
./BnF-BibArsenal_-_TraductionDuCoranDePierreLeVenerable_Ms-1162-res_00003.png
  Moving
./BnF_-_TraductionDuCoranDePierreLeVenerable_Ms-Latin-0000_00004.png
  TO
./BnF-BibArsenal_-_TraductionDuCoranDePierreLeVenerable_Ms-1162-res_00004.png
  Moving
./BnF_-_TraductionDuCoranDePierreLeVenerable_Ms-Latin-0000_00005.png
  TO
./BnF-BibArsenal_-_TraductionDuCoranDePierreLeVenerable_Ms-1162-res_00005.png
  Moving
./BnF_-_TraductionDuCoranDePierreLeVenerable_Ms-Latin-0000_00006.png
  TO
./BnF-BibArsenal_-_TraductionDuCoranDePierreLeVenerable_Ms-1162-res_00006.png
  Moving
./BnF_-_TraductionDuCoranDePierreLeVenerable_Ms-Latin-0000_00007.png
  TO
./BnF-BibArsenal_-_TraductionDuCoranDePierreLeVenerable_Ms-1162-res_00007.png
  Moving
./BnF_-_TraductionDuCoranDePierreLeVenerable_Ms-Latin-0000_00008.png
  TO
./BnF-BibArsenal_-_TraductionDuCoranDePierreLeVenerable_Ms-1162-res_00008.png
  Moving
./BnF_-_TraductionDuCoranDePierreLeVenerable_Ms-Latin-0000_00009.png
  TO
./BnF-BibArsenal_-_TraductionDuCoranDePierreLeVenerable_Ms-1162-res_00009.png
  Moving
./BnF_-_TraductionDuCoranDePierreLeVenerable_Ms-Latin-0000_00010.png
xargs: bash: terminated by signal 13

Anast@DESKTOP-O7KM5A5 /cygdrive/c/David/FHTW-2025-All_-_move_2024_get_new/new_-_folder_for_not-yet-ready_new_imgs/converted_from_PDF_-_now_rename_png
$ find . -type f -iname "BnF*Trad*Coran*Ms-Latin*.png" -print0 | xargs -I'{}' -0 bash -c '
orig="{}";
new_part=$(echo "${orig}" | sed '"'"'s#_[-]_#-BibArsenal_-_#g'"'"');
new_full=$(echo "${new_part}" | sed '"'"'s#Latin[-]0000#1162-res#g'"'"');
echo "  Moving"; echo "${orig}"; echo "  TO"; echo "${new_full}";
echo "    ...";
> echo "mv^C

Anast@DESKTOP-O7KM5A5 /cygdrive/c/David/FHTW-2025-All_-_move_2024_get_new/new_-_folder_for_not-yet-ready_new_imgs/converted_from_PDF_-_now_rename_png
$ ^C

Anast@DESKTOP-O7KM5A5 /cygdrive/c/David/FHTW-2025-All_-_move_2024_get_new/new_-_folder_for_not-yet-ready_new_imgs/converted_from_PDF_-_now_rename_png
$ ^C

Anast@DESKTOP-O7KM5A5 /cygdrive/c/David/FHTW-2025-All_-_move_2024_get_new/new_-_folder_for_not-yet-ready_new_imgs/converted_from_PDF_-_now_rename_png
$ ^C

Anast@DESKTOP-O7KM5A5 /cygdrive/c/David/FHTW-2025-All_-_move_2024_get_new/new_-_folder_for_not-yet-ready_new_imgs/converted_from_PDF_-_now_rename_png
$ meta_jpg_fname="moving_jpegs_1748362509_2025-05-27T101509-0600.sh"; \
>"${meta_jpeg_fname}"; \
while read -r line; do \
  bare="${line}"; \
  meta_jpg_fname="moving_jpegs_1748362509_2025-05-27T101509-0600.sh";
  echo >> "${meta_jpeg_fname}";
  dir2be=\
"/cygdrive/c/David/FHTW-2025-All_-_move_2024_get_new/"\
"new_final_jpeg_to_use/${bare}/"; \
  echo "echo \" Creating directory \\\"${dir2be}\\\"\"" >> \
    "${meta_jpeg_fname}";
  echo "mkdir -p \"${dir2be}\" "\
"\&\& echo \"      ... success creating dir\" "\
"\|\| echo \"      ... FAILURE creating dir\""; \
  echo "echo \" Now moving JPEG files\"";
  echo "mv \"./${}*.jpg\" \"${dir2be}\" "\
"\&\& echo \"      ... success moving JPEGs\" "\
"\|\| echo \"      ... FAILURE moving JPEGs\"";
done < ../../doc_fnames_to_go_into_final_jpeg_1748362509_2025-05-27T101509-0600.lst \
  | head -n 50
-bash: : No such file or directory
-bash: ../../doc_fnames_to_go_into_final_jpeg_1748362509_2025-05-27T101509-0600.lst: No such file or directory

Anast@DESKTOP-O7KM5A5 /cygdrive/c/David/FHTW-2025-All_-_move_2024_get_new/new_-_folder_for_not-yet-ready_new_imgs/converted_from_PDF_-_now_rename_png
$ find . -type f -iname "BnF*Trad*Coran*Ms-Latin*.png" -print0 | xargs -I'{}' -0 bash -c '
orig="{}";
new_part=$(echo "${orig}" | sed '"'"'s#_[-]_#-BibArsenal_-_#g'"'"');
new_full=$(echo "${new_part}" | sed '"'"'s#Latin[-]0000#1162-res#g'"'"');
echo "  Moving"; echo "${orig}"; echo "  TO"; echo "${new_full}";
echo "CMD mv \"${orig}\" \"${new_full}\" && echo "    ... success" || echo "    ... FAILURE";
' | head -n 30^C

Anast@DESKTOP-O7KM5A5 /cygdrive/c/David/FHTW-2025-All_-_move_2024_get_new/new_-_folder_for_not-yet-ready_new_imgs/converted_from_PDF_-_now_rename_png
$ checksituation

 Current date/time is
Tue May 27 11:27:37 MDT 2025
1748366857
1748366857_2025-05-27T112737-0600

 Current directory ( pwd ) is
/cygdrive/c/David/FHTW-2025-All_-_move_2024_get_new/new_-_folder_for_not-yet-ready_new_imgs/converted_from_PDF_-_now_rename_png


Anast@DESKTOP-O7KM5A5 /cygdrive/c/David/FHTW-2025-All_-_move_2024_get_new/new_-_folder_for_not-yet-ready_new_imgs/converted_from_PDF_-_now_rename_png
$ find . -type f -iname "BnF*Trad*Coran*Ms-Latin*.png" -print0 | xargs -I'{}' -0 bash -c '
orig="{}";
new_part=$(echo "${orig}" | sed '"'"'s#_[-]_#-BibArsenal_-_#g'"'"');
new_full=$(echo "${new_part}" | sed '"'"'s#Latin[-]0000#1162-res#g'"'"');
echo "  Moving"; echo "${orig}"; echo "  TO"; echo "${new_full}";
echo "CMD mv \"${orig}\" \"${new_full}\" && echo "    ... success" || echo "    ... FAILURE";
' | head -n 30
bash: -c: line 6: unexpected EOF while looking for matching `"'
  Moving
./BnF_-_TraductionDuCoranDePierreLeVenerable_Ms-Latin-0000_00003.png
  TO
./BnF-BibArsenal_-_TraductionDuCoranDePierreLeVenerable_Ms-1162-res_00003.png
  Moving
./BnF_-_TraductionDuCoranDePierreLeVenerable_Ms-Latin-0000_00004.png
  TO
./BnF-BibArsenal_-_TraductionDuCoranDePierreLeVenerable_Ms-1162-res_00004.png
bash: -c: line 6: unexpected EOF while looking for matching `"'
  Moving
./BnF_-_TraductionDuCoranDePierreLeVenerable_Ms-Latin-0000_00005.png
  TO
./BnF-BibArsenal_-_TraductionDuCoranDePierreLeVenerable_Ms-1162-res_00005.png
bash: -c: line 6: unexpected EOF while looking for matching `"'
  Moving
./BnF_-_TraductionDuCoranDePierreLeVenerable_Ms-Latin-0000_00006.png
  TO
./BnF-BibArsenal_-_TraductionDuCoranDePierreLeVenerable_Ms-1162-res_00006.png
bash: -c: line 6: unexpected EOF while looking for matching `"'
  Moving
./BnF_-_TraductionDuCoranDePierreLeVenerable_Ms-Latin-0000_00007.png
  TO
./BnF-BibArsenal_-_TraductionDuCoranDePierreLeVenerable_Ms-1162-res_00007.png
bash: -c: line 6: unexpected EOF while looking for matching `"'
  Moving
./BnF_-_TraductionDuCoranDePierreLeVenerable_Ms-Latin-0000_00008.png
  TO
./BnF-BibArsenal_-_TraductionDuCoranDePierreLeVenerable_Ms-1162-res_00008.png
bash: -c: line 6: unexpected EOF while looking for matching `"'
  Moving
./BnF_-_TraductionDuCoranDePierreLeVenerable_Ms-Latin-0000_00009.png
  TO
./BnF-BibArsenal_-_TraductionDuCoranDePierreLeVenerable_Ms-1162-res_00009.png
bash: -c: line 6: unexpected EOF while looking for matching `"'
  Moving
./BnF_-_TraductionDuCoranDePierreLeVenerable_Ms-Latin-0000_00010.png
bash: -c: line 6: unexpected EOF while looking for matching `"'
xargs: bash: terminated by signal 13

Anast@DESKTOP-O7KM5A5 /cygdrive/c/David/FHTW-2025-All_-_move_2024_get_new/new_-_folder_for_not-yet-ready_new_imgs/converted_from_PDF_-_now_rename_png
$ find . -type f -iname "BnF*Trad*Coran*Ms-Latin*.png" -print0 | xargs -I'{}' -0 bash -c '
orig="{}";
new_part=$(echo "${orig}" | sed '"'"'s#_[-]_#-BibArsenal_-_#g'"'"');
new_full=$(echo "${new_part}" | sed '"'"'s#Latin[-]0000#1162-res#g'"'"');
echo "  Moving"; echo "${orig}"; echo "  TO"; echo "${new_full}";
echo "CMD mv \"${orig}\" \"${new_full}\"" && echo "    ... success" || echo "    ... FAILURE";
' | head -n 30
  Moving
./BnF_-_TraductionDuCoranDePierreLeVenerable_Ms-Latin-0000_00003.png
  TO
./BnF-BibArsenal_-_TraductionDuCoranDePierreLeVenerable_Ms-1162-res_00003.png
CMD mv "./BnF_-_TraductionDuCoranDePierreLeVenerable_Ms-Latin-0000_00003.png" "./BnF-BibArsenal_-_TraductionDuCoranDePierreLeVenerable_Ms-1162-res_00003.png"
    ... success
  Moving
./BnF_-_TraductionDuCoranDePierreLeVenerable_Ms-Latin-0000_00004.png
  TO
./BnF-BibArsenal_-_TraductionDuCoranDePierreLeVenerable_Ms-1162-res_00004.png
CMD mv "./BnF_-_TraductionDuCoranDePierreLeVenerable_Ms-Latin-0000_00004.png" "./BnF-BibArsenal_-_TraductionDuCoranDePierreLeVenerable_Ms-1162-res_00004.png"
    ... success
  Moving
./BnF_-_TraductionDuCoranDePierreLeVenerable_Ms-Latin-0000_00005.png
  TO
./BnF-BibArsenal_-_TraductionDuCoranDePierreLeVenerable_Ms-1162-res_00005.png
CMD mv "./BnF_-_TraductionDuCoranDePierreLeVenerable_Ms-Latin-0000_00005.png" "./BnF-BibArsenal_-_TraductionDuCoranDePierreLeVenerable_Ms-1162-res_00005.png"
    ... success
  Moving
./BnF_-_TraductionDuCoranDePierreLeVenerable_Ms-Latin-0000_00006.png
  TO
./BnF-BibArsenal_-_TraductionDuCoranDePierreLeVenerable_Ms-1162-res_00006.png
CMD mv "./BnF_-_TraductionDuCoranDePierreLeVenerable_Ms-Latin-0000_00006.png" "./BnF-BibArsenal_-_TraductionDuCoranDePierreLeVenerable_Ms-1162-res_00006.png"
    ... success
  Moving
./BnF_-_TraductionDuCoranDePierreLeVenerable_Ms-Latin-0000_00007.png
  TO
./BnF-BibArsenal_-_TraductionDuCoranDePierreLeVenerable_Ms-1162-res_00007.png
CMD mv "./BnF_-_TraductionDuCoranDePierreLeVenerable_Ms-Latin-0000_00007.png" "./BnF-BibArsenal_-_TraductionDuCoranDePierreLeVenerable_Ms-1162-res_00007.png"
    ... success
xargs: bash: terminated by signal 13

Anast@DESKTOP-O7KM5A5 /cygdrive/c/David/FHTW-2025-All_-_move_2024_get_new/new_-_folder_for_not-yet-ready_new_imgs/converted_from_PDF_-_now_rename_png
$ find . -type f -iname "BnF*Trad*Coran*Ms-Latin*.png" -print0 | xargs -I'{}' -0 bash -c '
orig="{}";
new_part=$(echo "${orig}" | sed '"'"'s#_[-]_#-BibArsenal_-_#g'"'"');
new_full=$(echo "${new_part}" | sed '"'"'s#Latin[-]0000#1162-res#g'"'"');
echo "  Moving"; echo "${orig}"; echo "  TO"; echo "${new_full}";
mv "${orig}" "${new_full}" && echo "    ... success" || echo "    ... FAILURE";
' > ../../rename_trad_coran_$(ttdate).out 2>&1

Anast@DESKTOP-O7KM5A5 /cygdrive/c/David/FHTW-2025-All_-_move_2024_get_new/new_-_folder_for_not-yet-ready_new_imgs/converted_from_PDF_-_now_rename_png
$ grep -i --success ../../rename_trad_coran_1748367011_2025-05-27T113011-0600.out | wc -l
grep: unknown option -- success
Usage: grep [OPTION]... PATTERNS [FILE]...
Try 'grep --help' for more information.
0

Anast@DESKTOP-O7KM5A5 /cygdrive/c/David/FHTW-2025-All_-_move_2024_get_new/new_-_folder_for_not-yet-ready_new_imgs/converted_from_PDF_-_now_rename_png
$ #  Failure is not an option

Anast@DESKTOP-O7KM5A5 /cygdrive/c/David/FHTW-2025-All_-_move_2024_get_new/new_-_folder_for_not-yet-ready_new_imgs/converted_from_PDF_-_now_rename_png
$ grep -i failure ../../rename_trad_coran_1748367011_2025-05-27T113011-0600.out | wc -l
0

Anast@DESKTOP-O7KM5A5 /cygdrive/c/David/FHTW-2025-All_-_move_2024_get_new/new_-_folder_for_not-yet-ready_new_imgs/converted_from_PDF_-_now_rename_png
$ #  Oops, forget the actually output of that grep command, hahahaha

Anast@DESKTOP-O7KM5A5 /cygdrive/c/David/FHTW-2025-All_-_move_2024_get_new/new_-_folder_for_not-yet-ready_new_imgs/converted_from_PDF_-_now_rename_png
$ find . -type f -iname "BnF*Trad*Coran*Ms*.png" | awk -F'/' '{print $NF}' | sed 's#_[0-9]\{5\}[.]png##g' | head
BnF-BibArsenal_-_TraductionDuCoranDePierreLeVenerable_Ms-1162-res
BnF-BibArsenal_-_TraductionDuCoranDePierreLeVenerable_Ms-1162-res
BnF-BibArsenal_-_TraductionDuCoranDePierreLeVenerable_Ms-1162-res
BnF-BibArsenal_-_TraductionDuCoranDePierreLeVenerable_Ms-1162-res
BnF-BibArsenal_-_TraductionDuCoranDePierreLeVenerable_Ms-1162-res
BnF-BibArsenal_-_TraductionDuCoranDePierreLeVenerable_Ms-1162-res
BnF-BibArsenal_-_TraductionDuCoranDePierreLeVenerable_Ms-1162-res
BnF-BibArsenal_-_TraductionDuCoranDePierreLeVenerable_Ms-1162-res
BnF-BibArsenal_-_TraductionDuCoranDePierreLeVenerable_Ms-1162-res
BnF-BibArsenal_-_TraductionDuCoranDePierreLeVenerable_Ms-1162-res

Anast@DESKTOP-O7KM5A5 /cygdrive/c/David/FHTW-2025-All_-_move_2024_get_new/new_-_folder_for_not-yet-ready_new_imgs/converted_from_PDF_-_now_rename_png
$ find . -type f -iname "BnF*Trad*Coran*Ms*.png" | awk -F'/' '{print $NF}' | sed 's#_[0-9]\{5\}[.]png##g' | sort | uniq -c | wc -l
1

Anast@DESKTOP-O7KM5A5 /cygdrive/c/David/FHTW-2025-All_-_move_2024_get_new/new_-_folder_for_not-yet-ready_new_imgs/converted_from_PDF_-_now_rename_png
$ find . -type f -iname "BnF*Trad*Coran*Ms*.png" | awk -F'/' '{print $NF}' | sed 's#_[0-9]\{5\}[.]png##g' | sort | uniq -c
    375 BnF-BibArsenal_-_TraductionDuCoranDePierreLeVenerable_Ms-1162-res

Anast@DESKTOP-O7KM5A5 /cygdrive/c/David/FHTW-2025-All_-_move_2024_get_new/new_-_folder_for_not-yet-ready_new_imgs/converted_from_PDF_-_now_rename_png
$ #  Good

Anast@DESKTOP-O7KM5A5 /cygdrive/c/David/FHTW-2025-All_-_move_2024_get_new/new_-_folder_for_not-yet-ready_new_imgs/converted_from_PDF_-_now_rename_png
$ history | grep -B50 source
  351  tail -f conv_from_pdf_format_1748123944_2025-05-24T155904-0600.out
  352  find . -maxdepth 1 -type f -iname "*.jpg"
  353  mv BnF_-_Ms-Lat-10753_00001.jpg BnF_-_TITLE_00001.jpg
  354  mv BnF_-_Ms-Lat-10753_00002.jpg BnF_-_TITLE_00002.jpg
  355  mogrify -format png -colorspace srgb -type truecolor BnF_-_TITLE_00001.jpg
  356  mogrify -format png -colorspace srgb -type truecolor BnF_-_TITLE_00002.jpg
  357  cd converted_from_PDF_-_now_rename_png/
  358  ls BnF*_p1-*.png
  359  rm BnF*_p1-*.png
  360  ls BnF*_p1-*.png
  361  ls BnF*_p0-*.png
  362  rm BnF*_p0-*.png
  363  ls BnF*_p0-*.png
  364  find . -type f -iname "*.png" > fnames.lst; echo -e "\n\n  $(date +'%s_%Y-%m-%dT%H%M%S%z') \n" | tee -a rename.out; find . -type f -iname "*.png" -print0 | xargs -I'{}' -0 bash -c '
orig="{}";
echo;
echo "orig: ${orig}";
my_first=$(echo "${orig}" | \
  sed '"'"'s#^[.]/\(.*\)p\([0-9]\+\)[-][0-9]\+\([.]png\)$#\1#g'"'"');
echo "my_first: ${my_first}";
my_end=$(echo "${orig}" | \
  sed '"'"'s#^[.]/\(.*p\)\([0-9]\+\)[-][0-9]\+\([.]png\)$#\3#g'"'"');
echo "my_end: ${my_end}";
my_second=$(echo "${orig}" | \
  sed '"'"'s#^[.]/\(.*p\)\([0-9]\+\)[-][0-9]\+\([.]png\)$#\2#g'"'"');
echo "my_second: $my_second";
my_num=0;
my_unpad=$(echo "${my_second}+1" | bc);
echo "my_unpad: ${my_unpad}";
my_num=0;
if [ $my_unpad -lt 10 ]; then
  my_num="0000${my_unpad}";
elif [ $my_unpad -lt 100 ]; then
  my_num="000${my_unpad}";
elif [ $my_unpad -lt 1000 ]; then
  my_num="00${my_unpad}";
elif [ $my_unpad -lt 10000 ]; then
  my_num="0${my_unpad}";
else
  my_num="${my_unpad}";
fi;
echo "my_num: ${my_num}";
new_fname="${my_first}${my_num}${my_end}";
echo "  Command will be:" | tee -a rename.out;
echo "mv \"${orig}\" \"${new_fname}\"" | tee -a rename.out;
echo "    ..." | tee -a rename.out;
mv "${orig}" "${new_fname}" \
  && echo -e "        ... success\n" | tee -a rename.out \
  || echo -e "        ... FAILURE\n" | tee -a rename.out
'
  365  source ~/.bashrc
--


### ... BLAH ... ###



  407  #  Good
  408  history | grep -B3 source
  409  history | grep -B25 source
  410  history | grep -B50 source

Anast@DESKTOP-O7KM5A5 /cygdrive/c/David/FHTW-2025-All_-_move_2024_get_new/new_-_folder_for_not-yet-ready_new_imgs/converted_from_PDF_-_now_rename_png
$



Anast@DESKTOP-O7KM5A5 /cygdrive/c/David/FHTW-2025-All_-_move_2024_get_new/new_-_folder_for_not-yet-ready_new_imgs/converted_from_PDF_-_now_rename_png
$

Anast@DESKTOP-O7KM5A5 /cygdrive/c/David/FHTW-2025-All_-_move_2024_get_new/new_-_folder_for_not-yet-ready_new_imgs/converted_from_PDF_-_now_rename_png
$

Anast@DESKTOP-O7KM5A5 /cygdrive/c/David/FHTW-2025-All_-_move_2024_get_new/new_-_folder_for_not-yet-ready_new_imgs/converted_from_PDF_-_now_rename_png
$

Anast@DESKTOP-O7KM5A5 /cygdrive/c/David/FHTW-2025-All_-_move_2024_get_new/new_-_folder_for_not-yet-ready_new_imgs/converted_from_PDF_-_now_rename_png
$ history | grep -C3 these_files
  380  find . -type f -iname "*.png" | awk -F'/' '{print $NF}' | sed 's#_[0-9]\{5\}[.][^.]\{2,5\}$##g' | sort | wc -l
  381  find . -type f -iname "*.png" | awk -F'/' '{print $NF}' | sed 's#_[0-9]\{5\}[.][^.]\{2,5\}$##g' | sort | uniq | wc -l
  382  find . -type f -iname "*.png" | awk -F'/' '{print $NF}' | sed 's#_[0-9]\{5\}[.][^.]\{2,5\}$##g' | sort | uniq
  383  these_files=$(find . -type f -iname "*.png" | awk -F'/' '{print $NF}' | sed 's#_[0-9]\{5\}[.][^.]\{2,5\}$##g' | sort | uniq | tr '\n' '|')
  384  echo "${these_files}" | tr '|' '\n'
  385  mkdir ../coran_trad_plv_bak
  386  cp BnF_-_TraductionDuCoranDePierreLeVenerable_Ms-Latin-0000_00*.png ../coran_trad_plv_bak/
  387  find . -type f -iname "BnF*Trad*Coran_Ms-Latin*.png | wc -l
--
  408  history | grep -B3 source
  409  history | grep -B25 source
  410  history | grep -B50 source
  411  history | grep -C3 these_files

Anast@DESKTOP-O7KM5A5 /cygdrive/c/David/FHTW-2025-All_-_move_2024_get_new/new_-_folder_for_not-yet-ready_new_imgs/converted_from_PDF_-_now_rename_png
$ these_files=$(find . -type f -iname "*.png" | awk -F'/' '{print $NF}' | sed 's#_[0-9]\{5\}[.][^.]\{2,5\}$##g' | sort | uniq | tr '\n' '|')

Anast@DESKTOP-O7KM5A5 /cygdrive/c/David/FHTW-2025-All_-_move_2024_get_new/new_-_folder_for_not-yet-ready_new_imgs/converted_from_PDF_-_now_rename_png
$

Anast@DESKTOP-O7KM5A5 /cygdrive/c/David/FHTW-2025-All_-_move_2024_get_new/new_-_folder_for_not-yet-ready_new_imgs/converted_from_PDF_-_now_rename_png
$ echo "${these_files}" | tr '|' '\n'
BavarianStateLibrary-LOC_-_ArmenianGospelBook_BSB-Cod-armen-1-and-wdl_18-39-6
BnF-BibArsenal_-_TraductionDuCoranDePierreLeVenerable_Ms-1162-res
BnF_-_AESOPUS_Ms-Grec-1310
BnF_-_Horace_Ms-Latin-11312_bw
BnF_-_Horace_Ms-Latin-11312_color
BnF_-_MS-Grec-2991
BnF_-_Ms-Georgien-5
BnF_-_Ms-Grec-487
BnF_-_Ms-Latin-12302
BnF_-_Ms-Latin-12410_bw
BnF_-_Ms-Latin-12410_color
BnF_-_Ms-Latin-2510
BnF_-_Ms-Latin-619
BnF_-_Ms-NAL-1436
BnF_-_Publius_Papinius_Ms-Latin-8055_bw
BnF_-_Publius_Papinius_Ms-Latin-8055_color
BnF_-_ScriptaVariaHorace_Ms-Latin-7978
BnF_MS-Grec-2089_palimpsest
Bodleian-Library-MS-Laud-Misc-440
WaltersArtMuseum-LOC_-_TorosRoslinGospels_Walters-Ms-W-539-and-wdl-13-01-2


Anast@DESKTOP-O7KM5A5 /cygdrive/c/David/FHTW-2025-All_-_move_2024_get_new/new_-_folder_for_not-yet-ready_new_imgs/converted_from_PDF_-_now_rename_png
$ find . -type d
.

Anast@DESKTOP-O7KM5A5 /cygdrive/c/David/FHTW-2025-All_-_move_2024_get_new/new_-_folder_for_not-yet-ready_new_imgs/converted_from_PDF_-_now_rename_png
$ find . -type f -iname "BnF*Arsenal*Trad*Coran*1162*00003.png"
./BnF-BibArsenal_-_TraductionDuCoranDePierreLeVenerable_Ms-1162-res_00003.png

Anast@DESKTOP-O7KM5A5 /cygdrive/c/David/FHTW-2025-All_-_move_2024_get_new/new_-_folder_for_not-yet-ready_new_imgs/converted_from_PDF_-_now_rename_png
$ find . -type f -iname "BnF*Arsenal*Trad*Coran*1162*00002.png"

Anast@DESKTOP-O7KM5A5 /cygdrive/c/David/FHTW-2025-All_-_move_2024_get_new/new_-_folder_for_not-yet-ready_new_imgs/converted_from_PDF_-_now_rename_png
$ find . -type f -iname "BnF*Arsenal*Trad*Coran*1162*00001.png"

Anast@DESKTOP-O7KM5A5 /cygdrive/c/David/FHTW-2025-All_-_move_2024_get_new/new_-_folder_for_not-yet-ready_new_imgs/converted_from_PDF_-_now_rename_png
$ cp ../BnF_-_TITLE_00002.png BnF-BibArsenal_-_TraductionDuCoranDePierreLeVenerable_Ms-1162-res_00001.png

Anast@DESKTOP-O7KM5A5 /cygdrive/c/David/FHTW-2025-All_-_move_2024_get_new/new_-_folder_for_not-yet-ready_new_imgs/converted_from_PDF_-_now_rename_png
$ cp ../BnF_-_TITLE_00001.png BnF-BibArsenal_-_TraductionDuCoranDePierreLeVenerable_Ms-1162-res_00002.png

Anast@DESKTOP-O7KM5A5 /cygdrive/c/David/FHTW-2025-All_-_move_2024_get_new/new_-_folder_for_not-yet-ready_new_imgs/converted_from_PDF_-_now_rename_png
$

Anast@DESKTOP-O7KM5A5 /cygdrive/c/David/FHTW-2025-All_-_move_2024_get_new/new_-_folder_for_not-yet-ready_new_imgs/converted_from_PDF_-_now_rename_png
$

Anast@DESKTOP-O7KM5A5 /cygdrive/c/David/FHTW-2025-All_-_move_2024_get_new/new_-_folder_for_not-yet-ready_new_imgs/converted_from_PDF_-_now_rename_png
$ echo "${these_files}" | tr '|' '\n'
BavarianStateLibrary-LOC_-_ArmenianGospelBook_BSB-Cod-armen-1-and-wdl_18-39-6
BnF-BibArsenal_-_TraductionDuCoranDePierreLeVenerable_Ms-1162-res
BnF_-_AESOPUS_Ms-Grec-1310
BnF_-_Horace_Ms-Latin-11312_bw
BnF_-_Horace_Ms-Latin-11312_color
BnF_-_MS-Grec-2991
BnF_-_Ms-Georgien-5
BnF_-_Ms-Grec-487
BnF_-_Ms-Latin-12302
BnF_-_Ms-Latin-12410_bw
BnF_-_Ms-Latin-12410_color
BnF_-_Ms-Latin-2510
BnF_-_Ms-Latin-619
BnF_-_Ms-NAL-1436
BnF_-_Publius_Papinius_Ms-Latin-8055_bw
BnF_-_Publius_Papinius_Ms-Latin-8055_color
BnF_-_ScriptaVariaHorace_Ms-Latin-7978
BnF_MS-Grec-2089_palimpsest
Bodleian-Library-MS-Laud-Misc-440
WaltersArtMuseum-LOC_-_TorosRoslinGospels_Walters-Ms-W-539-and-wdl-13-01-2


Anast@DESKTOP-O7KM5A5 /cygdrive/c/David/FHTW-2025-All_-_move_2024_get_new/new_-_folder_for_not-yet-ready_new_imgs/converted_from_PDF_-_now_rename_png
$ find . -type f -iname "BnF*AES*00003.png"                                     ./BnF_-_AESOPUS_Ms-Grec-1310_00003.png

Anast@DESKTOP-O7KM5A5 /cygdrive/c/David/FHTW-2025-All_-_move_2024_get_new/new_-_folder_for_not-yet-ready_new_imgs/converted_from_PDF_-_now_rename_png
$ find . -type f -iname "BnF*AES*00002.png"

Anast@DESKTOP-O7KM5A5 /cygdrive/c/David/FHTW-2025-All_-_move_2024_get_new/new_-_folder_for_not-yet-ready_new_imgs/converted_from_PDF_-_now_rename_png
$ find . -type f -iname "BnF*AES*00001.png"

Anast@DESKTOP-O7KM5A5 /cygdrive/c/David/FHTW-2025-All_-_move_2024_get_new/new_-_folder_for_not-yet-ready_new_imgs/converted_from_PDF_-_now_rename_png
$ cp ../BnF_-_TITLE_00002.png BnF_-_AESOPUS_Ms-Grec-1310_00001.png

Anast@DESKTOP-O7KM5A5 /cygdrive/c/David/FHTW-2025-All_-_move_2024_get_new/new_-_folder_for_not-yet-ready_new_imgs/converted_from_PDF_-_now_rename_png
$ cp ../BnF_-_TITLE_00001.png BnF_-_AESOPUS_Ms-Grec-1310_00002.png

Anast@DESKTOP-O7KM5A5 /cygdrive/c/David/FHTW-2025-All_-_move_2024_get_new/new_-_folder_for_not-yet-ready_new_imgs/converted_from_PDF_-_now_rename_png
$

Anast@DESKTOP-O7KM5A5 /cygdrive/c/David/FHTW-2025-All_-_move_2024_get_new/new_-_folder_for_not-yet-ready_new_imgs/converted_from_PDF_-_now_rename_png
$

Anast@DESKTOP-O7KM5A5 /cygdrive/c/David/FHTW-2025-All_-_move_2024_get_new/new_-_folder_for_not-yet-ready_new_imgs/converted_from_PDF_-_now_rename_png
$ echo "${these_files}" | tr '|' '\n'
BavarianStateLibrary-LOC_-_ArmenianGospelBook_BSB-Cod-armen-1-and-wdl_18-39-6
BnF-BibArsenal_-_TraductionDuCoranDePierreLeVenerable_Ms-1162-res
BnF_-_AESOPUS_Ms-Grec-1310
BnF_-_Horace_Ms-Latin-11312_bw
BnF_-_Horace_Ms-Latin-11312_color
BnF_-_MS-Grec-2991
BnF_-_Ms-Georgien-5
BnF_-_Ms-Grec-487
BnF_-_Ms-Latin-12302
BnF_-_Ms-Latin-12410_bw
BnF_-_Ms-Latin-12410_color
BnF_-_Ms-Latin-2510
BnF_-_Ms-Latin-619
BnF_-_Ms-NAL-1436
BnF_-_Publius_Papinius_Ms-Latin-8055_bw
BnF_-_Publius_Papinius_Ms-Latin-8055_color
BnF_-_ScriptaVariaHorace_Ms-Latin-7978
BnF_MS-Grec-2089_palimpsest
Bodleian-Library-MS-Laud-Misc-440
WaltersArtMuseum-LOC_-_TorosRoslinGospels_Walters-Ms-W-539-and-wdl-13-01-2


Anast@DESKTOP-O7KM5A5 /cygdrive/c/David/FHTW-2025-All_-_move_2024_get_new/new_-_folder_for_not-yet-ready_new_imgs/converted_from_PDF_-_now_rename_png
$ find . -type f -iname "BnF*Horace*bw*00003.png"
./BnF_-_Horace_Ms-Latin-11312_bw_00003.png

Anast@DESKTOP-O7KM5A5 /cygdrive/c/David/FHTW-2025-All_-_move_2024_get_new/new_-_folder_for_not-yet-ready_new_imgs/converted_from_PDF_-_now_rename_png
$ find . -type f -iname "BnF*Horace*bw*00002.png"

Anast@DESKTOP-O7KM5A5 /cygdrive/c/David/FHTW-2025-All_-_move_2024_get_new/new_-_folder_for_not-yet-ready_new_imgs/converted_from_PDF_-_now_rename_png
$ find . -type f -iname "BnF*Horace*bw*00001.png"

Anast@DESKTOP-O7KM5A5 /cygdrive/c/David/FHTW-2025-All_-_move_2024_get_new/new_-_folder_for_not-yet-ready_new_imgs/converted_from_PDF_-_now_rename_png
$ cp ../BnF_-_TITLE_00001.png BnF_-_Horace_Ms-Latin-11312_bw_00001.png

Anast@DESKTOP-O7KM5A5 /cygdrive/c/David/FHTW-2025-All_-_move_2024_get_new/new_-_folder_for_not-yet-ready_new_imgs/converted_from_PDF_-_now_rename_png
$ cp ../BnF_-_TITLE_00002.png BnF_-_Horace_Ms-Latin-11312_bw_00002.png

Anast@DESKTOP-O7KM5A5 /cygdrive/c/David/FHTW-2025-All_-_move_2024_get_new/new_-_folder_for_not-yet-ready_new_imgs/converted_from_PDF_-_now_rename_png
$ find . -type f -iname "BnF*Horace*color*00003.png"
./BnF_-_Horace_Ms-Latin-11312_color_00003.png

Anast@DESKTOP-O7KM5A5 /cygdrive/c/David/FHTW-2025-All_-_move_2024_get_new/new_-_folder_for_not-yet-ready_new_imgs/converted_from_PDF_-_now_rename_png
$ find . -type f -iname "BnF*Horace*color*00002.png"

Anast@DESKTOP-O7KM5A5 /cygdrive/c/David/FHTW-2025-All_-_move_2024_get_new/new_-_folder_for_not-yet-ready_new_imgs/converted_from_PDF_-_now_rename_png
$ find . -type f -iname "BnF*Horace*color*00001.png"

Anast@DESKTOP-O7KM5A5 /cygdrive/c/David/FHTW-2025-All_-_move_2024_get_new/new_-_folder_for_not-yet-ready_new_imgs/converted_from_PDF_-_now_rename_png
$ cp ../BnF_-_TITLE_00002.png BnF_-_Horace_Ms-Latin-11312_color_00002.png

Anast@DESKTOP-O7KM5A5 /cygdrive/c/David/FHTW-2025-All_-_move_2024_get_new/new_-_folder_for_not-yet-ready_new_imgs/converted_from_PDF_-_now_rename_png
$ cp ../BnF_-_TITLE_00001.png BnF_-_Horace_Ms-Latin-11312_color_00001.png

Anast@DESKTOP-O7KM5A5 /cygdrive/c/David/FHTW-2025-All_-_move_2024_get_new/new_-_folder_for_not-yet-ready_new_imgs/converted_from_PDF_-_now_rename_png
$

Anast@DESKTOP-O7KM5A5 /cygdrive/c/David/FHTW-2025-All_-_move_2024_get_new/new_-_folder_for_not-yet-ready_new_imgs/converted_from_PDF_-_now_rename_png
$ find . -type f -iname "BnF*Grec*487*00003.png"
./BnF_-_Ms-Grec-487_00003.png

Anast@DESKTOP-O7KM5A5 /cygdrive/c/David/FHTW-2025-All_-_move_2024_get_new/new_-_folder_for_not-yet-ready_new_imgs/converted_from_PDF_-_now_rename_png
$ find . -type f -iname "BnF*Grec*487*00002.png"

Anast@DESKTOP-O7KM5A5 /cygdrive/c/David/FHTW-2025-All_-_move_2024_get_new/new_-_folder_for_not-yet-ready_new_imgs/converted_from_PDF_-_now_rename_png
$ find . -type f -iname "BnF*Grec*487*00001.png"

Anast@DESKTOP-O7KM5A5 /cygdrive/c/David/FHTW-2025-All_-_move_2024_get_new/new_-_folder_for_not-yet-ready_new_imgs/converted_from_PDF_-_now_rename_png
$ cp ../BnF_-_TITLE_00002.png BnF_-_Ms-Grec-487_00001.png

Anast@DESKTOP-O7KM5A5 /cygdrive/c/David/FHTW-2025-All_-_move_2024_get_new/new_-_folder_for_not-yet-ready_new_imgs/converted_from_PDF_-_now_rename_png
$ cp ../BnF_-_TITLE_00001.png BnF_-_Ms-Grec-487_00002.png

Anast@DESKTOP-O7KM5A5 /cygdrive/c/David/FHTW-2025-All_-_move_2024_get_new/new_-_folder_for_not-yet-ready_new_imgs/converted_from_PDF_-_now_rename_png
$

Anast@DESKTOP-O7KM5A5 /cygdrive/c/David/FHTW-2025-All_-_move_2024_get_new/new_-_folder_for_not-yet-ready_new_imgs/converted_from_PDF_-_now_rename_png
$

Anast@DESKTOP-O7KM5A5 /cygdrive/c/David/FHTW-2025-All_-_move_2024_get_new/new_-_folder_for_not-yet-ready_new_imgs/converted_from_PDF_-_now_rename_png
$ echo "${these_files}" | tr '|' '\n' | sort

BavarianStateLibrary-LOC_-_ArmenianGospelBook_BSB-Cod-armen-1-and-wdl_18-39-6
BnF-BibArsenal_-_TraductionDuCoranDePierreLeVenerable_Ms-1162-res
BnF_-_AESOPUS_Ms-Grec-1310
BnF_-_Horace_Ms-Latin-11312_bw
BnF_-_Horace_Ms-Latin-11312_color
BnF_-_MS-Grec-2991
BnF_-_Ms-Georgien-5
BnF_-_Ms-Grec-487
BnF_-_Ms-Latin-12302
BnF_-_Ms-Latin-12410_bw
BnF_-_Ms-Latin-12410_color
BnF_-_Ms-Latin-2510
BnF_-_Ms-Latin-619
BnF_-_Ms-NAL-1436
BnF_-_Publius_Papinius_Ms-Latin-8055_bw
BnF_-_Publius_Papinius_Ms-Latin-8055_color
BnF_-_ScriptaVariaHorace_Ms-Latin-7978
BnF_MS-Grec-2089_palimpsest
Bodleian-Library-MS-Laud-Misc-440
WaltersArtMuseum-LOC_-_TorosRoslinGospels_Walters-Ms-W-539-and-wdl-13-01-2

Anast@DESKTOP-O7KM5A5 /cygdrive/c/David/FHTW-2025-All_-_move_2024_get_new/new_-_folder_for_not-yet-ready_new_imgs/converted_from_PDF_-_now_rename_png
$

Anast@DESKTOP-O7KM5A5 /cygdrive/c/David/FHTW-2025-All_-_move_2024_get_new/new_-_folder_for_not-yet-ready_new_imgs/converted_from_PDF_-_now_rename_png
$ find . -type f -iname "BnF*Grec*2991*00003.png"
./BnF_-_MS-Grec-2991_00003.png

Anast@DESKTOP-O7KM5A5 /cygdrive/c/David/FHTW-2025-All_-_move_2024_get_new/new_-_folder_for_not-yet-ready_new_imgs/converted_from_PDF_-_now_rename_png
$ find . -type f -iname "BnF*Grec*2991*00002.png"

Anast@DESKTOP-O7KM5A5 /cygdrive/c/David/FHTW-2025-All_-_move_2024_get_new/new_-_folder_for_not-yet-ready_new_imgs/converted_from_PDF_-_now_rename_png
$ find . -type f -iname "BnF*Grec*2991*00001.png"

Anast@DESKTOP-O7KM5A5 /cygdrive/c/David/FHTW-2025-All_-_move_2024_get_new/new_-_folder_for_not-yet-ready_new_imgs/converted_from_PDF_-_now_rename_png
$ cp ../BnF_-_TITLE_00002.png BnF_-_MS-Grec-2991_00001.png

Anast@DESKTOP-O7KM5A5 /cygdrive/c/David/FHTW-2025-All_-_move_2024_get_new/new_-_folder_for_not-yet-ready_new_imgs/converted_from_PDF_-_now_rename_png
$ cp ../BnF_-_TITLE_00001.png BnF_-_MS-Grec-2991_00002.png

Anast@DESKTOP-O7KM5A5 /cygdrive/c/David/FHTW-2025-All_-_move_2024_get_new/new_-_folder_for_not-yet-ready_new_imgs/converted_from_PDF_-_now_rename_png
$

Anast@DESKTOP-O7KM5A5 /cygdrive/c/David/FHTW-2025-All_-_move_2024_get_new/new_-_folder_for_not-yet-ready_new_imgs/converted_from_PDF_-_now_rename_png
$ find . -type f -iname "BnF*Georgien*00003.png"
./BnF_-_Ms-Georgien-5_00003.png

Anast@DESKTOP-O7KM5A5 /cygdrive/c/David/FHTW-2025-All_-_move_2024_get_new/new_-_folder_for_not-yet-ready_new_imgs/converted_from_PDF_-_now_rename_png
$ find . -type f -iname "BnF*Georgien*00002.png"

Anast@DESKTOP-O7KM5A5 /cygdrive/c/David/FHTW-2025-All_-_move_2024_get_new/new_-_folder_for_not-yet-ready_new_imgs/converted_from_PDF_-_now_rename_png
$ find . -type f -iname "BnF*Georgien*00001.png"

Anast@DESKTOP-O7KM5A5 /cygdrive/c/David/FHTW-2025-All_-_move_2024_get_new/new_-_folder_for_not-yet-ready_new_imgs/converted_from_PDF_-_now_rename_png
$ cp ../BnF_-_TITLE_00002.png BnF_-_Ms-Georgien-5_00001.png

Anast@DESKTOP-O7KM5A5 /cygdrive/c/David/FHTW-2025-All_-_move_2024_get_new/new_-_folder_for_not-yet-ready_new_imgs/converted_from_PDF_-_now_rename_png
$ cp ../BnF_-_TITLE_00001.png BnF_-_Ms-Georgien-5_00002.png

Anast@DESKTOP-O7KM5A5 /cygdrive/c/David/FHTW-2025-All_-_move_2024_get_new/new_-_folder_for_not-yet-ready_new_imgs/converted_from_PDF_-_now_rename_png
$

Anast@DESKTOP-O7KM5A5 /cygdrive/c/David/FHTW-2025-All_-_move_2024_get_new/new_-_folder_for_not-yet-ready_new_imgs/converted_from_PDF_-_now_rename_png
$ find . -type f -iname "BnF*Latin*12302*00003.png"
./BnF_-_Ms-Latin-12302_00003.png

Anast@DESKTOP-O7KM5A5 /cygdrive/c/David/FHTW-2025-All_-_move_2024_get_new/new_-_folder_for_not-yet-ready_new_imgs/converted_from_PDF_-_now_rename_png
$ find . -type f -iname "BnF*Latin*12302*00002.png"

Anast@DESKTOP-O7KM5A5 /cygdrive/c/David/FHTW-2025-All_-_move_2024_get_new/new_-_folder_for_not-yet-ready_new_imgs/converted_from_PDF_-_now_rename_png
$ find . -type f -iname "BnF*Latin*12302*00001.png"

Anast@DESKTOP-O7KM5A5 /cygdrive/c/David/FHTW-2025-All_-_move_2024_get_new/new_-_folder_for_not-yet-ready_new_imgs/converted_from_PDF_-_now_rename_png
$ cp ../BnF_-_TITLE_00002.png BnF_-_Ms-Latin-12302_00001.png

Anast@DESKTOP-O7KM5A5 /cygdrive/c/David/FHTW-2025-All_-_move_2024_get_new/new_-_folder_for_not-yet-ready_new_imgs/converted_from_PDF_-_now_rename_png
$ cp ../BnF_-_TITLE_00001.png BnF_-_Ms-Latin-12302_00002.png

Anast@DESKTOP-O7KM5A5 /cygdrive/c/David/FHTW-2025-All_-_move_2024_get_new/new_-_folder_for_not-yet-ready_new_imgs/converted_from_PDF_-_now_rename_png
$

Anast@DESKTOP-O7KM5A5 /cygdrive/c/David/FHTW-2025-All_-_move_2024_get_new/new_-_folder_for_not-yet-ready_new_imgs/converted_from_PDF_-_now_rename_png
$

Anast@DESKTOP-O7KM5A5 /cygdrive/c/David/FHTW-2025-All_-_move_2024_get_new/new_-_folder_for_not-yet-ready_new_imgs/converted_from_PDF_-_now_rename_png
$ echo "${these_files}" | tr '|' '\n'
BavarianStateLibrary-LOC_-_ArmenianGospelBook_BSB-Cod-armen-1-and-wdl_18-39-6
BnF-BibArsenal_-_TraductionDuCoranDePierreLeVenerable_Ms-1162-res
BnF_-_AESOPUS_Ms-Grec-1310
BnF_-_Horace_Ms-Latin-11312_bw
BnF_-_Horace_Ms-Latin-11312_color
BnF_-_MS-Grec-2991
BnF_-_Ms-Georgien-5
BnF_-_Ms-Grec-487
BnF_-_Ms-Latin-12302
BnF_-_Ms-Latin-12410_bw
BnF_-_Ms-Latin-12410_color
BnF_-_Ms-Latin-2510
BnF_-_Ms-Latin-619
BnF_-_Ms-NAL-1436
BnF_-_Publius_Papinius_Ms-Latin-8055_bw
BnF_-_Publius_Papinius_Ms-Latin-8055_color
BnF_-_ScriptaVariaHorace_Ms-Latin-7978
BnF_MS-Grec-2089_palimpsest
Bodleian-Library-MS-Laud-Misc-440
WaltersArtMuseum-LOC_-_TorosRoslinGospels_Walters-Ms-W-539-and-wdl-13-01-2


Anast@DESKTOP-O7KM5A5 /cygdrive/c/David/FHTW-2025-All_-_move_2024_get_new/new_-_folder_for_not-yet-ready_new_imgs/converted_from_PDF_-_now_rename_png
$ find . -type f -iname "BnF*Lat*12410*bw*00003.png"
./BnF_-_Ms-Latin-12410_bw_00003.png

Anast@DESKTOP-O7KM5A5 /cygdrive/c/David/FHTW-2025-All_-_move_2024_get_new/new_-_folder_for_not-yet-ready_new_imgs/converted_from_PDF_-_now_rename_png
$ find . -type f -iname "BnF*Lat*12410*bw*00002.png"

Anast@DESKTOP-O7KM5A5 /cygdrive/c/David/FHTW-2025-All_-_move_2024_get_new/new_-_folder_for_not-yet-ready_new_imgs/converted_from_PDF_-_now_rename_png
$ find . -type f -iname "BnF*Lat*12410*bw*00001.png"

Anast@DESKTOP-O7KM5A5 /cygdrive/c/David/FHTW-2025-All_-_move_2024_get_new/new_-_folder_for_not-yet-ready_new_imgs/converted_from_PDF_-_now_rename_png
$ cp ../BnF_-_TITLE_00002.png BnF_-_Ms-Latin-12410_bw_00001.png

Anast@DESKTOP-O7KM5A5 /cygdrive/c/David/FHTW-2025-All_-_move_2024_get_new/new_-_folder_for_not-yet-ready_new_imgs/converted_from_PDF_-_now_rename_png
$ cp ../BnF_-_TITLE_00001.png BnF_-_Ms-Latin-12410_bw_00002.png

Anast@DESKTOP-O7KM5A5 /cygdrive/c/David/FHTW-2025-All_-_move_2024_get_new/new_-_folder_for_not-yet-ready_new_imgs/converted_from_PDF_-_now_rename_png
$ find . -type f -iname "BnF*Lat*12410*color*00003.png"
./BnF_-_Ms-Latin-12410_color_00003.png

Anast@DESKTOP-O7KM5A5 /cygdrive/c/David/FHTW-2025-All_-_move_2024_get_new/new_-_folder_for_not-yet-ready_new_imgs/converted_from_PDF_-_now_rename_png
$ find . -type f -iname "BnF*Lat*12410*color*00002.png"

Anast@DESKTOP-O7KM5A5 /cygdrive/c/David/FHTW-2025-All_-_move_2024_get_new/new_-_folder_for_not-yet-ready_new_imgs/converted_from_PDF_-_now_rename_png
$ find . -type f -iname "BnF*Lat*12410*color*00001.png"

Anast@DESKTOP-O7KM5A5 /cygdrive/c/David/FHTW-2025-All_-_move_2024_get_new/new_-_folder_for_not-yet-ready_new_imgs/converted_from_PDF_-_now_rename_png
$ cp ../BnF_-_TITLE_00002.png BnF_-_Ms-Latin-12410_color_00001.png

Anast@DESKTOP-O7KM5A5 /cygdrive/c/David/FHTW-2025-All_-_move_2024_get_new/new_-_folder_for_not-yet-ready_new_imgs/converted_from_PDF_-_now_rename_png
$ cp ../BnF_-_TITLE_00001.png BnF_-_Ms-Latin-12410_color_00002.png

Anast@DESKTOP-O7KM5A5 /cygdrive/c/David/FHTW-2025-All_-_move_2024_get_new/new_-_folder_for_not-yet-ready_new_imgs/converted_from_PDF_-_now_rename_png
$ find . -type f -iname "BnF*Lat*2510*00003.png"
./BnF_-_Ms-Latin-2510_00003.png

Anast@DESKTOP-O7KM5A5 /cygdrive/c/David/FHTW-2025-All_-_move_2024_get_new/new_-_folder_for_not-yet-ready_new_imgs/converted_from_PDF_-_now_rename_png
$ find . -type f -iname "BnF*Lat*2510*00002.png"

Anast@DESKTOP-O7KM5A5 /cygdrive/c/David/FHTW-2025-All_-_move_2024_get_new/new_-_folder_for_not-yet-ready_new_imgs/converted_from_PDF_-_now_rename_png
$ find . -type f -iname "BnF*Lat*2510*00001.png"

Anast@DESKTOP-O7KM5A5 /cygdrive/c/David/FHTW-2025-All_-_move_2024_get_new/new_-_folder_for_not-yet-ready_new_imgs/converted_from_PDF_-_now_rename_png
$ cp ../BnF_-_TITLE_00001.png BnF_-_Ms-Latin-2510_00001.png

Anast@DESKTOP-O7KM5A5 /cygdrive/c/David/FHTW-2025-All_-_move_2024_get_new/new_-_folder_for_not-yet-ready_new_imgs/converted_from_PDF_-_now_rename_png
$ cp ../BnF_-_TITLE_00002.png BnF_-_Ms-Latin-2510_00002.png

Anast@DESKTOP-O7KM5A5 /cygdrive/c/David/FHTW-2025-All_-_move_2024_get_new/new_-_folder_for_not-yet-ready_new_imgs/converted_from_PDF_-_now_rename_png
$ find . -type f -iname "BnF*Lat*619*00003.png"
./BnF_-_Ms-Latin-619_00003.png

Anast@DESKTOP-O7KM5A5 /cygdrive/c/David/FHTW-2025-All_-_move_2024_get_new/new_-_folder_for_not-yet-ready_new_imgs/converted_from_PDF_-_now_rename_png
$ find . -type f -iname "BnF*Lat*619*00002.png"

Anast@DESKTOP-O7KM5A5 /cygdrive/c/David/FHTW-2025-All_-_move_2024_get_new/new_-_folder_for_not-yet-ready_new_imgs/converted_from_PDF_-_now_rename_png
$ find . -type f -iname "BnF*Lat*619*00001.png"

Anast@DESKTOP-O7KM5A5 /cygdrive/c/David/FHTW-2025-All_-_move_2024_get_new/new_-_folder_for_not-yet-ready_new_imgs/converted_from_PDF_-_now_rename_png
$ cp ../BnF_-_TITLE_00002.png BnF_-_Ms-Latin-619_00001.png

Anast@DESKTOP-O7KM5A5 /cygdrive/c/David/FHTW-2025-All_-_move_2024_get_new/new_-_folder_for_not-yet-ready_new_imgs/converted_from_PDF_-_now_rename_png
$ cp ../BnF_-_TITLE_00001.png BnF_-_Ms-Latin-619_00002.png

Anast@DESKTOP-O7KM5A5 /cygdrive/c/David/FHTW-2025-All_-_move_2024_get_new/new_-_folder_for_not-yet-ready_new_imgs/converted_from_PDF_-_now_rename_png
$

Anast@DESKTOP-O7KM5A5 /cygdrive/c/David/FHTW-2025-All_-_move_2024_get_new/new_-_folder_for_not-yet-ready_new_imgs/converted_from_PDF_-_now_rename_png
$

Anast@DESKTOP-O7KM5A5 /cygdrive/c/David/FHTW-2025-All_-_move_2024_get_new/new_-_folder_for_not-yet-ready_new_imgs/converted_from_PDF_-_now_rename_png
$ echo "${these_files}" | tr '|' '\n'
BavarianStateLibrary-LOC_-_ArmenianGospelBook_BSB-Cod-armen-1-and-wdl_18-39-6
BnF-BibArsenal_-_TraductionDuCoranDePierreLeVenerable_Ms-1162-res
BnF_-_AESOPUS_Ms-Grec-1310
BnF_-_Horace_Ms-Latin-11312_bw
BnF_-_Horace_Ms-Latin-11312_color
BnF_-_MS-Grec-2991
BnF_-_Ms-Georgien-5
BnF_-_Ms-Grec-487
BnF_-_Ms-Latin-12302
BnF_-_Ms-Latin-12410_bw
BnF_-_Ms-Latin-12410_color
BnF_-_Ms-Latin-2510
BnF_-_Ms-Latin-619
BnF_-_Ms-NAL-1436
BnF_-_Publius_Papinius_Ms-Latin-8055_bw
BnF_-_Publius_Papinius_Ms-Latin-8055_color
BnF_-_ScriptaVariaHorace_Ms-Latin-7978
BnF_MS-Grec-2089_palimpsest
Bodleian-Library-MS-Laud-Misc-440
WaltersArtMuseum-LOC_-_TorosRoslinGospels_Walters-Ms-W-539-and-wdl-13-01-2


Anast@DESKTOP-O7KM5A5 /cygdrive/c/David/FHTW-2025-All_-_move_2024_get_new/new_-_folder_for_not-yet-ready_new_imgs/converted_from_PDF_-_now_rename_png
$ find . -type f -iname "BnF*Ms*NAL*1436*00003.png"
./BnF_-_Ms-NAL-1436_00003.png

Anast@DESKTOP-O7KM5A5 /cygdrive/c/David/FHTW-2025-All_-_move_2024_get_new/new_-_folder_for_not-yet-ready_new_imgs/converted_from_PDF_-_now_rename_png
$ find . -type f -iname "BnF*Ms*NAL*1436*00002.png"

Anast@DESKTOP-O7KM5A5 /cygdrive/c/David/FHTW-2025-All_-_move_2024_get_new/new_-_folder_for_not-yet-ready_new_imgs/converted_from_PDF_-_now_rename_png
$ find . -type f -iname "BnF*Ms*NAL*1436*00001.png"

Anast@DESKTOP-O7KM5A5 /cygdrive/c/David/FHTW-2025-All_-_move_2024_get_new/new_-_folder_for_not-yet-ready_new_imgs/converted_from_PDF_-_now_rename_png
$ cp ../BnF_-_TITLE_00002.png BnF_-_Ms-NAL-1436_00001.png

Anast@DESKTOP-O7KM5A5 /cygdrive/c/David/FHTW-2025-All_-_move_2024_get_new/new_-_folder_for_not-yet-ready_new_imgs/converted_from_PDF_-_now_rename_png
$ cp ../BnF_-_TITLE_00001.png BnF_-_Ms-NAL-1436_00002.png

Anast@DESKTOP-O7KM5A5 /cygdrive/c/David/FHTW-2025-All_-_move_2024_get_new/new_-_folder_for_not-yet-ready_new_imgs/converted_from_PDF_-_now_rename_png
$ #  Deleted the weird BnF_MS-Grec-2089_palimpsest, because I have a normal

Anast@DESKTOP-O7KM5A5 /cygdrive/c/David/FHTW-2025-All_-_move_2024_get_new/new_-_folder_for_not-yet-ready_new_imgs/converted_from_PDF_-_now_rename_png
$ #+ BnF_-_Ms-Grec-2089-palimpsest

Anast@DESKTOP-O7KM5A5 /cygdrive/c/David/FHTW-2025-All_-_move_2024_get_new/new_-_folder_for_not-yet-ready_new_imgs/converted_from_PDF_-_now_rename_png
$ find . -type f -iname "BnF*Publ*Pap*Lat*bw*00003.png"
./BnF_-_Publius_Papinius_Ms-Latin-8055_bw_00003.png

Anast@DESKTOP-O7KM5A5 /cygdrive/c/David/FHTW-2025-All_-_move_2024_get_new/new_-_folder_for_not-yet-ready_new_imgs/converted_from_PDF_-_now_rename_png
$ find . -type f -iname "BnF*Publ*Pap*Lat*bw*00002.png"

Anast@DESKTOP-O7KM5A5 /cygdrive/c/David/FHTW-2025-All_-_move_2024_get_new/new_-_folder_for_not-yet-ready_new_imgs/converted_from_PDF_-_now_rename_png
$ find . -type f -iname "BnF*Publ*Pap*Lat*bw*00001.png"

Anast@DESKTOP-O7KM5A5 /cygdrive/c/David/FHTW-2025-All_-_move_2024_get_new/new_-_folder_for_not-yet-ready_new_imgs/converted_from_PDF_-_now_rename_png
$ cp ../BnF_-_TITLE_00002.png BnF_-_Publius_Papinius_Ms-Latin-8055_bw_00001.png

Anast@DESKTOP-O7KM5A5 /cygdrive/c/David/FHTW-2025-All_-_move_2024_get_new/new_-_folder_for_not-yet-ready_new_imgs/converted_from_PDF_-_now_rename_png
$ cp ../BnF_-_TITLE_00001.png BnF_-_Publius_Papinius_Ms-Latin-8055_bw_00002.png

Anast@DESKTOP-O7KM5A5 /cygdrive/c/David/FHTW-2025-All_-_move_2024_get_new/new_-_folder_for_not-yet-ready_new_imgs/converted_from_PDF_-_now_rename_png
$ find . -type f -iname "BnF*Publ*Pap*Lat*color*00003.png"
./BnF_-_Publius_Papinius_Ms-Latin-8055_color_00003.png

Anast@DESKTOP-O7KM5A5 /cygdrive/c/David/FHTW-2025-All_-_move_2024_get_new/new_-_folder_for_not-yet-ready_new_imgs/converted_from_PDF_-_now_rename_png
$ find . -type f -iname "BnF*Publ*Pap*Lat*color*00002.png"

Anast@DESKTOP-O7KM5A5 /cygdrive/c/David/FHTW-2025-All_-_move_2024_get_new/new_-_folder_for_not-yet-ready_new_imgs/converted_from_PDF_-_now_rename_png
$ find . -type f -iname "BnF*Publ*Pap*Lat*color*00001.png"

Anast@DESKTOP-O7KM5A5 /cygdrive/c/David/FHTW-2025-All_-_move_2024_get_new/new_-_folder_for_not-yet-ready_new_imgs/converted_from_PDF_-_now_rename_png
$ cp ../BnF_-_TITLE_00001.png BnF_-_Publius_Papinius_Ms-Latin-8055_color_00002.png

Anast@DESKTOP-O7KM5A5 /cygdrive/c/David/FHTW-2025-All_-_move_2024_get_new/new_-_folder_for_not-yet-ready_new_imgs/converted_from_PDF_-_now_rename_png
$ cp ../BnF_-_TITLE_00002.png BnF_-_Publius_Papinius_Ms-Latin-8055_color_00001.png

Anast@DESKTOP-O7KM5A5 /cygdrive/c/David/FHTW-2025-All_-_move_2024_get_new/new_-_folder_for_not-yet-ready_new_imgs/converted_from_PDF_-_now_rename_png
$

Anast@DESKTOP-O7KM5A5 /cygdrive/c/David/FHTW-2025-All_-_move_2024_get_new/new_-_folder_for_not-yet-ready_new_imgs/converted_from_PDF_-_now_rename_png
$

Anast@DESKTOP-O7KM5A5 /cygdrive/c/David/FHTW-2025-All_-_move_2024_get_new/new_-_folder_for_not-yet-ready_new_imgs/converted_from_PDF_-_now_rename_png
$ echo "${these_files}" | tr '|' '\n'                                           BavarianStateLibrary-LOC_-_ArmenianGospelBook_BSB-Cod-armen-1-and-wdl_18-39-6
BnF-BibArsenal_-_TraductionDuCoranDePierreLeVenerable_Ms-1162-res
BnF_-_AESOPUS_Ms-Grec-1310
BnF_-_Horace_Ms-Latin-11312_bw
BnF_-_Horace_Ms-Latin-11312_color
BnF_-_MS-Grec-2991
BnF_-_Ms-Georgien-5
BnF_-_Ms-Grec-487
BnF_-_Ms-Latin-12302
BnF_-_Ms-Latin-12410_bw
BnF_-_Ms-Latin-12410_color
BnF_-_Ms-Latin-2510
BnF_-_Ms-Latin-619
BnF_-_Ms-NAL-1436
BnF_-_Publius_Papinius_Ms-Latin-8055_bw
BnF_-_Publius_Papinius_Ms-Latin-8055_color
BnF_-_ScriptaVariaHorace_Ms-Latin-7978
BnF_MS-Grec-2089_palimpsest
Bodleian-Library-MS-Laud-Misc-440
WaltersArtMuseum-LOC_-_TorosRoslinGospels_Walters-Ms-W-539-and-wdl-13-01-2


Anast@DESKTOP-O7KM5A5 /cygdrive/c/David/FHTW-2025-All_-_move_2024_get_new/new_-_folder_for_not-yet-ready_new_imgs/converted_from_PDF_-_now_rename_png
$ find . -type f -iname "BnF*Scr*Hor*Lat*7978*00003.png"
./BnF_-_ScriptaVariaHorace_Ms-Latin-7978_00003.png

Anast@DESKTOP-O7KM5A5 /cygdrive/c/David/FHTW-2025-All_-_move_2024_get_new/new_-_folder_for_not-yet-ready_new_imgs/converted_from_PDF_-_now_rename_png
$ find . -type f -iname "BnF*Scr*Hor*Lat*7978*00002.png"

Anast@DESKTOP-O7KM5A5 /cygdrive/c/David/FHTW-2025-All_-_move_2024_get_new/new_-_folder_for_not-yet-ready_new_imgs/converted_from_PDF_-_now_rename_png
$ find . -type f -iname "BnF*Scr*Hor*Lat*7978*00001.png"

Anast@DESKTOP-O7KM5A5 /cygdrive/c/David/FHTW-2025-All_-_move_2024_get_new/new_-_folder_for_not-yet-ready_new_imgs/converted_from_PDF_-_now_rename_png
$ cp ../BnF_-_TITLE_00002.png BnF_-_ScriptaVariaHorace_Ms-Latin-7978_00001.png

Anast@DESKTOP-O7KM5A5 /cygdrive/c/David/FHTW-2025-All_-_move_2024_get_new/new_-_folder_for_not-yet-ready_new_imgs/converted_from_PDF_-_now_rename_png
$ cp ../BnF_-_TITLE_00001.png BnF_-_ScriptaVariaHorace_Ms-Latin-7978_00002.png

Anast@DESKTOP-O7KM5A5 /cygdrive/c/David/FHTW-2025-All_-_move_2024_get_new/new_-_folder_for_not-yet-ready_new_imgs/converted_from_PDF_-_now_rename_png
$ history | tail
  494  find . -type f -iname "BnF*Publ*Pap*Lat*color*00001.png"
  495  cp ../BnF_-_TITLE_00001.png BnF_-_Publius_Papinius_Ms-Latin-8055_color_00002.png
  496  cp ../BnF_-_TITLE_00002.png BnF_-_Publius_Papinius_Ms-Latin-8055_color_00001.png
  497  echo "${these_files}" | tr '|' '\n'
  498  find . -type f -iname "BnF*Scr*Hor*Lat*7978*00003.png"
  499  find . -type f -iname "BnF*Scr*Hor*Lat*7978*00002.png"
  500  find . -type f -iname "BnF*Scr*Hor*Lat*7978*00001.png"
  501  cp ../BnF_-_TITLE_00002.png BnF_-_ScriptaVariaHorace_Ms-Latin-7978_00001.png
  502  cp ../BnF_-_TITLE_00001.png BnF_-_ScriptaVariaHorace_Ms-Latin-7978_00002.png
  503  history | tail

Anast@DESKTOP-O7KM5A5 /cygdrive/c/David/FHTW-2025-All_-_move_2024_get_new/new_-_folder_for_not-yet-ready_new_imgs/converted_from_PDF_-_now_rename_png
$

###  I'm going to move everything into the ../converted_from_PDF_-_now_to_jpeg

Anast@DESKTOP-O7KM5A5 /cygdrive/c/David/FHTW-2025-All_-_move_2024_get_new/new_-_folder_for_not-yet-ready_new_imgs/converted_from_PDF_-_now_to_jpeg
$ checksituation

 Current date/time is
Thu May 29 14:58:49 MDT 2025
1748552329
1748552329_2025-05-29T145849-0600

 Current directory ( pwd ) is
/cygdrive/c/David/FHTW-2025-All_-_move_2024_get_new/new_-_folder_for_not-yet-ready_new_imgs/converted_from_PDF_-_now_to_jpeg


Anast@DESKTOP-O7KM5A5 /cygdrive/c/David/FHTW-2025-All_-_move_2024_get_new/new_-_folder_for_not-yet-ready_new_imgs/converted_from_PDF_-_now_to_jpeg
$ history | tail -n 50
  464  find . -type f -iname "BnF*Lat*12410*color*00003.png"
  465  find . -type f -iname "BnF*Lat*12410*color*00002.png"
  466  find . -type f -iname "BnF*Lat*12410*color*00001.png"
  467  cp ../BnF_-_TITLE_00002.png BnF_-_Ms-Latin-12410_color_00001.png
  468  cp ../BnF_-_TITLE_00001.png BnF_-_Ms-Latin-12410_color_00002.png
  469  find . -type f -iname "BnF*Lat*2510*00003.png"
  470  find . -type f -iname "BnF*Lat*2510*00002.png"
  471  find . -type f -iname "BnF*Lat*2510*00001.png"
  472  cp ../BnF_-_TITLE_00001.png BnF_-_Ms-Latin-2510_00001.png
  473  cp ../BnF_-_TITLE_00002.png BnF_-_Ms-Latin-2510_00002.png
  474  find . -type f -iname "BnF*Lat*619*00003.png"
  475  find . -type f -iname "BnF*Lat*619*00002.png"
  476  find . -type f -iname "BnF*Lat*619*00001.png"
  477  cp ../BnF_-_TITLE_00002.png BnF_-_Ms-Latin-619_00001.png
  478  cp ../BnF_-_TITLE_00001.png BnF_-_Ms-Latin-619_00002.png
  479  echo "${these_files}" | tr '|' '\n'
  480  find . -type f -iname "BnF*Ms*NAL*1436*00003.png"
  481  find . -type f -iname "BnF*Ms*NAL*1436*00002.png"
  482  find . -type f -iname "BnF*Ms*NAL*1436*00001.png"
  483  cp ../BnF_-_TITLE_00002.png BnF_-_Ms-NAL-1436_00001.png
  484  cp ../BnF_-_TITLE_00001.png BnF_-_Ms-NAL-1436_00002.png
  485  #  Deleted the weird BnF_MS-Grec-2089_palimpsest, because I have a normal
  486  #+ BnF_-_Ms-Grec-2089-palimpsest
  487  find . -type f -iname "BnF*Publ*Pap*Lat*bw*00003.png"
  488  find . -type f -iname "BnF*Publ*Pap*Lat*bw*00002.png"
  489  find . -type f -iname "BnF*Publ*Pap*Lat*bw*00001.png"
  490  cp ../BnF_-_TITLE_00002.png BnF_-_Publius_Papinius_Ms-Latin-8055_bw_00001.png
  491  cp ../BnF_-_TITLE_00001.png BnF_-_Publius_Papinius_Ms-Latin-8055_bw_00002.png
  492  find . -type f -iname "BnF*Publ*Pap*Lat*color*00003.png"
  493  find . -type f -iname "BnF*Publ*Pap*Lat*color*00002.png"
  494  find . -type f -iname "BnF*Publ*Pap*Lat*color*00001.png"
  495  cp ../BnF_-_TITLE_00001.png BnF_-_Publius_Papinius_Ms-Latin-8055_color_00002.png
  496  cp ../BnF_-_TITLE_00002.png BnF_-_Publius_Papinius_Ms-Latin-8055_color_00001.png
  497  echo "${these_files}" | tr '|' '\n'
  498  find . -type f -iname "BnF*Scr*Hor*Lat*7978*00003.png"
  499  find . -type f -iname "BnF*Scr*Hor*Lat*7978*00002.png"
  500  find . -type f -iname "BnF*Scr*Hor*Lat*7978*00001.png"
  501  cp ../BnF_-_TITLE_00002.png BnF_-_ScriptaVariaHorace_Ms-Latin-7978_00001.png
  502  cp ../BnF_-_TITLE_00001.png BnF_-_ScriptaVariaHorace_Ms-Latin-7978_00002.png
  503  history | tail
  504  ls
  505  find . -type f | awk -F'.' '{print $NF}' | wc -l
  506  find . -type f | awk -F'.' '{print $NF}' | sort |uniq | wc -l
  507  find . -type f | awk -F'.' '{print $NF}' | sort | uniq
  508  find . -type d
  509  mv ./*.* ../converted_from_PDF_-_now_to_jpeg/
  510  cd ../converted_from_PDF_-_now_to_jpeg/
  511  find . -type f -iname "*.png"
  512  checksituation
  513  history | tail -n 50

Anast@DESKTOP-O7KM5A5 /cygdrive/c/David/FHTW-2025-All_-_move_2024_get_new/new_-_folder_for_not-yet-ready_new_imgs/converted_from_PDF_-_now_to_jpeg
$ find . -type f | wc -l
8065

Anast@DESKTOP-O7KM5A5 /cygdrive/c/David/FHTW-2025-All_-_move_2024_get_new/new_-_folder_for_not-yet-ready_new_imgs/converted_from_PDF_-_now_to_jpeg
$ find . -type f -iname "*.png" | wc -l
8065

Anast@DESKTOP-O7KM5A5 /cygdrive/c/David/FHTW-2025-All_-_move_2024_get_new/new_-_folder_for_not-yet-ready_new_imgs/converted_from_PDF_-_now_to_jpeg
$ checksituation

 Current date/time is
Thu May 29 14:59:30 MDT 2025
1748552370
1748552370_2025-05-29T145930-0600

 Current directory ( pwd ) is
/cygdrive/c/David/FHTW-2025-All_-_move_2024_get_new/new_-_folder_for_not-yet-ready_new_imgs/converted_from_PDF_-_now_to_jpeg


Anast@DESKTOP-O7KM5A5 /cygdrive/c/David/FHTW-2025-All_-_move_2024_get_new/new_-_folder_for_not-yet-ready_new_imgs/converted_from_PDF_-_now_to_jpeg
$ ttdate
1748552374_2025-05-29T145934-0600

Anast@DESKTOP-O7KM5A5 /cygdrive/c/David/FHTW-2025-All_-_move_2024_get_new/new_-_folder_for_not-yet-ready_new_imgs/converted_from_PDF_-_now_to_jpeg
$ ###ttdate && identify -format "\n\n%f\n%[magick] %[colorspace] %[type] %[extension] %[bit-depth] %[channels]\n" *.png > ../bN_grayscale_formats_for_batch_blah.out && ttdate

Anast@DESKTOP-O7KM5A5 /cygdrive/c/David/FHTW-2025-All_-_move_2024_get_new/new_-_folder_for_not-yet-ready_new_imgs/converted_from_PDF_-_now_to_jpeg
$ # which batch is this? b3, I think

Anast@DESKTOP-O7KM5A5 /cygdrive/c/David/FHTW-2025-All_-_move_2024_get_new/new_-_folder_for_not-yet-ready_new_imgs/converted_from_PDF_-_now_to_jpeg
$ history | grep "b3" | wc -l
2

Anast@DESKTOP-O7KM5A5 /cygdrive/c/David/FHTW-2025-All_-_move_2024_get_new/new_-_folder_for_not-yet-ready_new_imgs/converted_from_PDF_-_now_to_jpeg
$ history | grep "b3"
  519  # which batch is this? b3, I think
  520  history | grep "b3" | wc -l
  521  history | grep "b3"

Anast@DESKTOP-O7KM5A5 /cygdrive/c/David/FHTW-2025-All_-_move_2024_get_new/new_-_folder_for_not-yet-ready_new_imgs/converted_from_PDF_-_now_to_jpeg
$ history | grep "b2" | wc -l
1

Anast@DESKTOP-O7KM5A5 /cygdrive/c/David/FHTW-2025-All_-_move_2024_get_new/new_-_folder_for_not-yet-ready_new_imgs/converted_from_PDF_-_now_to_jpeg
$ history | grep "b4" | wc -l
1

Anast@DESKTOP-O7KM5A5 /cygdrive/c/David/FHTW-2025-All_-_move_2024_get_new/new_-_folder_for_not-yet-ready_new_imgs/converted_from_PDF_-_now_to_jpeg
$ find . -type f -iname "*BnF_-_Ms-Grec-2467*" | wc -l
0

Anast@DESKTOP-O7KM5A5 /cygdrive/c/David/FHTW-2025-All_-_move_2024_get_new/new_-_folder_for_not-yet-ready_new_imgs/converted_from_PDF_-_now_to_jpeg
$ # not b2

Anast@DESKTOP-O7KM5A5 /cygdrive/c/David/FHTW-2025-All_-_move_2024_get_new/new_-_folder_for_not-yet-ready_new_imgs/converted_from_PDF_-_now_to_jpeg
$ find . -type f -iname "*BnF_-_Ms-Grec-2991*" | wc -l
510

Anast@DESKTOP-O7KM5A5 /cygdrive/c/David/FHTW-2025-All_-_move_2024_get_new/new_-_folder_for_not-yet-ready_new_imgs/converted_from_PDF_-_now_to_jpeg
$ # We have b3

Anast@DESKTOP-O7KM5A5 /cygdrive/c/David/FHTW-2025-All_-_move_2024_get_new/new_-_folder_for_not-yet-ready_new_imgs/converted_from_PDF_-_now_to_jpeg
$ find . -type f -iname "*WaltersArtMuseum*" | wc -l
833

Anast@DESKTOP-O7KM5A5 /cygdrive/c/David/FHTW-2025-All_-_move_2024_get_new/new_-_folder_for_not-yet-ready_new_imgs/converted_from_PDF_-_now_to_jpeg
$ #  I'm going to use the timestamp that goes along with renames.out and

Anast@DESKTOP-O7KM5A5 /cygdrive/c/David/FHTW-2025-All_-_move_2024_get_new/new_-_folder_for_not-yet-ready_new_imgs/converted_from_PDF_-_now_to_jpeg
$ #+ fnames.out

Anast@DESKTOP-O7KM5A5 /cygdrive/c/David/FHTW-2025-All_-_move_2024_get_new/new_-_folder_for_not-yet-ready_new_imgs/converted_from_PDF_-_now_to_jpeg
$ b3_ts="1748308719_2025-05-26T191839-0600"

Anast@DESKTOP-O7KM5A5 /cygdrive/c/David/FHTW-2025-All_-_move_2024_get_new/new_-_folder_for_not-yet-ready_new_imgs/converted_from_PDF_-_now_to_jpeg
$ find ../../ -type f -iname "*1748308719_2025-05-26T191839-0600*" | wc -l
2

Anast@DESKTOP-O7KM5A5 /cygdrive/c/David/FHTW-2025-All_-_move_2024_get_new/new_-_folder_for_not-yet-ready_new_imgs/converted_from_PDF_-_now_to_jpeg
$ find ../../ -type f -iname "*1748308719_2025-05-26T191839-0600*"
../../new_-_folder_for_not-yet-ready_new_imgs/fnames_1748308719_2025-05-26T191839-0600.lst
../../new_-_folder_for_not-yet-ready_new_imgs/renames_1748308719_2025-05-26T191839-0600.out

Anast@DESKTOP-O7KM5A5 /cygdrive/c/David/FHTW-2025-All_-_move_2024_get_new/new_-_folder_for_not-yet-ready_new_imgs/converted_from_PDF_-_now_to_jpeg
$ ttdate && identify -format "\n\n%f\n%[magick] %[colorspace] %[type] %[extension] %[bit-depth] %[channels]\n" *.png > ../bN_grayscale_formats_for_batch_${b3_ts}.out && ttdate
1748553217_2025-05-29T151337-0600

Anast@DESKTOP-O7KM5A5 /cygdrive/c/David/FHTW-2025-All_-_move_2024_get_new/new_-_folder_for_not-yet-ready_new_imgs/converted_from_PDF_-_now_to_jpeg
$ ^C

Anast@DESKTOP-O7KM5A5 /cygdrive/c/David/FHTW-2025-All_-_move_2024_get_new/new_-_folder_for_not-yet-ready_new_imgs/converted_from_PDF_-_now_to_jpeg
$ ^C

Anast@DESKTOP-O7KM5A5 /cygdrive/c/David/FHTW-2025-All_-_move_2024_get_new/new_-_folder_for_not-yet-ready_new_imgs/converted_from_PDF_-_now_to_jpeg
$ ^C

Anast@DESKTOP-O7KM5A5 /cygdrive/c/David/FHTW-2025-All_-_move_2024_get_new/new_-_folder_for_not-yet-ready_new_imgs/converted_from_PDF_-_now_to_jpeg
$ ^C

Anast@DESKTOP-O7KM5A5 /cygdrive/c/David/FHTW-2025-All_-_move_2024_get_new/new_-_folder_for_not-yet-ready_new_imgs/converted_from_PDF_-_now_to_jpeg
$ ps
      PID    PPID    PGID     WINPID   TTY         UID    STIME COMMAND
      906       1     906      21108  ?         197609   May 22 /usr/bin/mintty
     1381       1    1381       5932  ?         197609   May 24 /usr/bin/mintty
    32446   16851   32446      13572  pty2      197609 15:14:16 /usr/bin/ps
    16851   16850   16851      25412  pty2      197609   May 24 /usr/bin/bash
    16850       1   16850       2084  ?         197609   May 24 /usr/bin/mintty
      907     906     907      10104  pty1      197609   May 22 /usr/bin/bash
     1382    1381    1382       7216  pty0      197609   May 24 /usr/bin/bash

Anast@DESKTOP-O7KM5A5 /cygdrive/c/David/FHTW-2025-All_-_move_2024_get_new/new_-_folder_for_not-yet-ready_new_imgs/converted_from_PDF_-_now_to_jpeg
$ #ttdate && time identify -format "\n\n%f\n%[magick] %[colorspace] %[type] %[extension] %[bit-depth] %[channels]\n" *.png > ../b3_all_png_format_info_formats_for_batch_${b3_ts}.out && ttdate

Anast@DESKTOP-O7KM5A5 /cygdrive/c/David/FHTW-2025-All_-_move_2024_get_new/new_-_folder_for_not-yet-ready_new_imgs/converted_from_PDF_-_now_to_jpeg
$ stat ../bN_grayscale_formats_for_batch_1748308719_2025-05-26T191839-0600.out
  File: ../bN_grayscale_formats_for_batch_1748308719_2025-05-26T191839-0600.out
  Size: 0               Blocks: 0          IO Block: 65536  regular empty file
Device: 34409,44143     Inode: 95138542128361009  Links: 1
Access: (0764/-rwxrw-r--)  Uid: (197609/   Anast)   Gid: (197609/   Anast)
Access: 2025-05-29 15:13:37.185539800 -0600
Modify: 2025-05-29 15:13:37.185539800 -0600
Change: 2025-05-29 15:13:37.185539800 -0600
 Birth: 2025-05-29 15:13:37.184563500 -0600

Anast@DESKTOP-O7KM5A5 /cygdrive/c/David/FHTW-2025-All_-_move_2024_get_new/new_-_folder_for_not-yet-ready_new_imgs/converted_from_PDF_-_now_to_jpeg
$ wc -l < ../bN_grayscale_formats_for_batch_1748308719_2025-05-26T191839-0600.out
0

Anast@DESKTOP-O7KM5A5 /cygdrive/c/David/FHTW-2025-All_-_move_2024_get_new/new_-_folder_for_not-yet-ready_new_imgs/converted_from_PDF_-_now_to_jpeg
$ rm ../bN_grayscale_formats_for_batch_1748308719_2025-05-26T191839-0600.out    
Anast@DESKTOP-O7KM5A5 /cygdrive/c/David/FHTW-2025-All_-_move_2024_get_new/new_-_folder_for_not-yet-ready_new_imgs/converted_from_PDF_-_now_to_jpeg
$ checksituation

 Current date/time is
Thu May 29 15:16:29 MDT 2025
1748553389
1748553389_2025-05-29T151629-0600

 Current directory ( pwd ) is
/cygdrive/c/David/FHTW-2025-All_-_move_2024_get_new/new_-_folder_for_not-yet-ready_new_imgs/converted_from_PDF_-_now_to_jpeg


Anast@DESKTOP-O7KM5A5 /cygdrive/c/David/FHTW-2025-All_-_move_2024_get_new/new_-_folder_for_not-yet-ready_new_imgs/converted_from_PDF_-_now_to_jpeg
$ ttdate && time identify -format "\n\n%f\n%[magick] %[colorspace] %[type] %[extension] %[bit-depth] %[channels]\n" *.png > ../b3_all_png_format_info_formats_for_batch_${b3_ts}.out && ttdate
1748553407_2025-05-29T151647-0600

real    0m21.165s
user    0m19.124s
sys     0m4.953s

Anast@DESKTOP-O7KM5A5 /cygdrive/c/David/FHTW-2025-All_-_move_2024_get_new/new_-_folder_for_not-yet-ready_new_imgs/converted_from_PDF_-_now_to_jpeg
$ ^C

Anast@DESKTOP-O7KM5A5 /cygdrive/c/David/FHTW-2025-All_-_move_2024_get_new/new_-_folder_for_not-yet-ready_new_imgs/converted_from_PDF_-_now_to_jpeg
$ ^C

Anast@DESKTOP-O7KM5A5 /cygdrive/c/David/FHTW-2025-All_-_move_2024_get_new/new_-_folder_for_not-yet-ready_new_imgs/converted_from_PDF_-_now_to_jpeg
$ ^C

Anast@DESKTOP-O7KM5A5 /cygdrive/c/David/FHTW-2025-All_-_move_2024_get_new/new_-_folder_for_not-yet-ready_new_imgs/converted_from_PDF_-_now_to_jpeg
$ ^C

Anast@DESKTOP-O7KM5A5 /cygdrive/c/David/FHTW-2025-All_-_move_2024_get_new/new_-_folder_for_not-yet-ready_new_imgs/converted_from_PDF_-_now_to_jpeg
$ ^C

Anast@DESKTOP-O7KM5A5 /cygdrive/c/David/FHTW-2025-All_-_move_2024_get_new/new_-_folder_for_not-yet-ready_new_imgs/converted_from_PDF_-_now_to_jpeg
$ ^C

Anast@DESKTOP-O7KM5A5 /cygdrive/c/David/FHTW-2025-All_-_move_2024_get_new/new_-_folder_for_not-yet-ready_new_imgs/converted_from_PDF_-_now_to_jpeg
$ ^C

Anast@DESKTOP-O7KM5A5 /cygdrive/c/David/FHTW-2025-All_-_move_2024_get_new/new_-_folder_for_not-yet-ready_new_imgs/converted_from_PDF_-_now_to_jpeg
$ ^C

Anast@DESKTOP-O7KM5A5 /cygdrive/c/David/FHTW-2025-All_-_move_2024_get_new/new_-_folder_for_not-yet-ready_new_imgs/converted_from_PDF_-_now_to_jpeg
$ ^C

Anast@DESKTOP-O7KM5A5 /cygdrive/c/David/FHTW-2025-All_-_move_2024_get_new/new_-_folder_for_not-yet-ready_new_imgs/converted_from_PDF_-_now_to_jpeg
$ ^C

Anast@DESKTOP-O7KM5A5 /cygdrive/c/David/FHTW-2025-All_-_move_2024_get_new/new_-_folder_for_not-yet-ready_new_imgs/converted_from_PDF_-_now_to_jpeg
$ ps
      PID    PPID    PGID     WINPID   TTY         UID    STIME COMMAND
      906       1     906      21108  ?         197609   May 22 /usr/bin/mintty
     1381       1    1381       5932  ?         197609   May 24 /usr/bin/mintty
    16851   16850   16851      25412  pty2      197609   May 24 /usr/bin/bash
    16850       1   16850       2084  ?         197609   May 24 /usr/bin/mintty
      907     906     907      10104  pty1      197609   May 22 /usr/bin/bash
     1382    1381    1382       7216  pty0      197609   May 24 /usr/bin/bash
    32466   16851   32466      16548  pty2      197609 15:17:12 /usr/bin/ps

Anast@DESKTOP-O7KM5A5 /cygdrive/c/David/FHTW-2025-All_-_move_2024_get_new/new_-_folder_for_not-yet-ready_new_imgs/converted_from_PDF_-_now_to_jpeg
$ rm ../b3_all_png_format_info_formats_for_batch_1748308719_2025-05-26T191839-0600.out

Anast@DESKTOP-O7KM5A5 /cygdrive/c/David/FHTW-2025-All_-_move_2024_get_new/new_-_folder_for_not-yet-ready_new_imgs/converted_from_PDF_-_now_to_jpeg
$



#$@$@$@$@$@$@$@$@$@$@$$@$@$@$@$@$@$@$@@$@$@$@$@$@$@$#
#####################@@@@@@@@@@@@@@@@@@##############
#####################################################
#####################################################
# CHECK THE FORMATS FOR THE PNGs - PRE
#####################################################
############$$$$$$$$$$$$$$$$$$$$$####################
#@$@$@$@$@$@$@$@$@$@$@@$@$@$@$@$@$@$@$$@$@$@$@$@$@$@#

# STEP 6




Anast@DESKTOP-O7KM5A5 /cygdrive/c/David/FHTW-2025-All_-_move_2024_get_new/new_-_folder_for_not-yet-ready_new_imgs/converted_from_PDF_-_now_to_jpeg
$

Anast@DESKTOP-O7KM5A5 /cygdrive/c/David/FHTW-2025-All_-_move_2024_get_new/new_-_folder_for_not-yet-ready_new_imgs/converted_from_PDF_-_now_to_jpeg
$ ttdate && time identify -format "\n\n%f\n%[magick] %[colorspace] %[type] %[extension] %[bit-depth] %[channels]\n" *.png > ../b3_all_png_format_info_formats_for_batch_${b3_ts}.out && ttdate
1748553579_2025-05-29T151939-0600
identify: iCCP: profile 'icc': 0h: PCS illuminant is not D50 `BnF-BibArsenal_-_TraductionDuCoranDePierreLeVenerable_Ms-1162-res_00001.png' @ warning/png.c/MagickPNGWarningHandler/1748.
identify: iCCP: profile 'icc': 0h: PCS illuminant is not D50 `BnF-BibArsenal_-_TraductionDuCoranDePierreLeVenerable_Ms-1162-res_00002.png' @ warning/png.c/MagickPNGWarningHandler/1748.
identify: iCCP: profile 'icc': 0h: PCS illuminant is not D50 `BnF_-_AESOPUS_Ms-Grec-1310_00001.png' @ warning/png.c/MagickPNGWarningHandler/1748.
identify: iCCP: profile 'icc': 0h: PCS illuminant is not D50 `BnF_-_AESOPUS_Ms-Grec-1310_00002.png' @ warning/png.c/MagickPNGWarningHandler/1748.
identify: iCCP: profile 'icc': 0h: PCS illuminant is not D50 `BnF_-_Horace_Ms-Latin-11312_bw_00001.png' @ warning/png.c/MagickPNGWarningHandler/1748.
identify: iCCP: profile 'icc': 0h: PCS illuminant is not D50 `BnF_-_Horace_Ms-Latin-11312_bw_00002.png' @ warning/png.c/MagickPNGWarningHandler/1748.
identify: iCCP: profile 'icc': 0h: PCS illuminant is not D50 `BnF_-_Horace_Ms-Latin-11312_color_00001.png' @ warning/png.c/MagickPNGWarningHandler/1748.
identify: iCCP: profile 'icc': 0h: PCS illuminant is not D50 `BnF_-_Horace_Ms-Latin-11312_color_00002.png' @ warning/png.c/MagickPNGWarningHandler/1748.
identify: iCCP: profile 'icc': 0h: PCS illuminant is not D50 `BnF_-_MS-Grec-2991_00001.png' @ warning/png.c/MagickPNGWarningHandler/1748.
identify: iCCP: profile 'icc': 0h: PCS illuminant is not D50 `BnF_-_MS-Grec-2991_00002.png' @ warning/png.c/MagickPNGWarningHandler/1748.
identify: iCCP: profile 'icc': 0h: PCS illuminant is not D50 `BnF_-_Ms-Georgien-5_00001.png' @ warning/png.c/MagickPNGWarningHandler/1748.
identify: iCCP: profile 'icc': 0h: PCS illuminant is not D50 `BnF_-_Ms-Georgien-5_00002.png' @ warning/png.c/MagickPNGWarningHandler/1748.
identify: iCCP: profile 'icc': 0h: PCS illuminant is not D50 `BnF_-_Ms-Grec-487_00001.png' @ warning/png.c/MagickPNGWarningHandler/1748.
identify: iCCP: profile 'icc': 0h: PCS illuminant is not D50 `BnF_-_Ms-Grec-487_00002.png' @ warning/png.c/MagickPNGWarningHandler/1748.
identify: iCCP: profile 'icc': 0h: PCS illuminant is not D50 `BnF_-_Ms-Latin-12302_00001.png' @ warning/png.c/MagickPNGWarningHandler/1748.
identify: iCCP: profile 'icc': 0h: PCS illuminant is not D50 `BnF_-_Ms-Latin-12302_00002.png' @ warning/png.c/MagickPNGWarningHandler/1748.
identify: iCCP: profile 'icc': 0h: PCS illuminant is not D50 `BnF_-_Ms-Latin-12410_bw_00001.png' @ warning/png.c/MagickPNGWarningHandler/1748.
identify: iCCP: profile 'icc': 0h: PCS illuminant is not D50 `BnF_-_Ms-Latin-12410_bw_00002.png' @ warning/png.c/MagickPNGWarningHandler/1748.
identify: iCCP: profile 'icc': 0h: PCS illuminant is not D50 `BnF_-_Ms-Latin-12410_color_00001.png' @ warning/png.c/MagickPNGWarningHandler/1748.
identify: iCCP: profile 'icc': 0h: PCS illuminant is not D50 `BnF_-_Ms-Latin-12410_color_00002.png' @ warning/png.c/MagickPNGWarningHandler/1748.
identify: iCCP: profile 'icc': 0h: PCS illuminant is not D50 `BnF_-_Ms-Latin-2510_00001.png' @ warning/png.c/MagickPNGWarningHandler/1748.
identify: iCCP: profile 'icc': 0h: PCS illuminant is not D50 `BnF_-_Ms-Latin-2510_00002.png' @ warning/png.c/MagickPNGWarningHandler/1748.
identify: iCCP: profile 'icc': 0h: PCS illuminant is not D50 `BnF_-_Ms-Latin-619_00001.png' @ warning/png.c/MagickPNGWarningHandler/1748.
identify: iCCP: profile 'icc': 0h: PCS illuminant is not D50 `BnF_-_Ms-Latin-619_00002.png' @ warning/png.c/MagickPNGWarningHandler/1748.
identify: iCCP: profile 'icc': 0h: PCS illuminant is not D50 `BnF_-_Ms-NAL-1436_00001.png' @ warning/png.c/MagickPNGWarningHandler/1748.
identify: iCCP: profile 'icc': 0h: PCS illuminant is not D50 `BnF_-_Ms-NAL-1436_00002.png' @ warning/png.c/MagickPNGWarningHandler/1748.
identify: iCCP: profile 'icc': 0h: PCS illuminant is not D50 `BnF_-_Publius_Papinius_Ms-Latin-8055_bw_00001.png' @ warning/png.c/MagickPNGWarningHandler/1748.
identify: iCCP: profile 'icc': 0h: PCS illuminant is not D50 `BnF_-_Publius_Papinius_Ms-Latin-8055_bw_00002.png' @ warning/png.c/MagickPNGWarningHandler/1748.
identify: iCCP: profile 'icc': 0h: PCS illuminant is not D50 `BnF_-_Publius_Papinius_Ms-Latin-8055_color_00001.png' @ warning/png.c/MagickPNGWarningHandler/1748.
identify: iCCP: profile 'icc': 0h: PCS illuminant is not D50 `BnF_-_Publius_Papinius_Ms-Latin-8055_color_00002.png' @ warning/png.c/MagickPNGWarningHandler/1748.
identify: iCCP: profile 'icc': 0h: PCS illuminant is not D50 `BnF_-_ScriptaVariaHorace_Ms-Latin-7978_00001.png' @ warning/png.c/MagickPNGWarningHandler/1748.
identify: iCCP: profile 'icc': 0h: PCS illuminant is not D50 `BnF_-_ScriptaVariaHorace_Ms-Latin-7978_00002.png' @ warning/png.c/MagickPNGWarningHandler/1748.

real    15m6.513s
user    10m1.780s
sys     2m18.171s
1748554485_2025-05-29T153445-0600

Anast@DESKTOP-O7KM5A5 /cygdrive/c/David/FHTW-2025-All_-_move_2024_get_new/new_-_folder_for_not-yet-ready_new_imgs/converted_from_PDF_-_now_to_jpeg
$ checksituation

 Current date/time is
Thu May 29 16:35:16 MDT 2025
1748558116
1748558116_2025-05-29T163516-0600

 Current directory ( pwd ) is
/cygdrive/c/David/FHTW-2025-All_-_move_2024_get_new/new_-_folder_for_not-yet-ready_new_imgs/converted_from_PDF_-_now_to_jpeg


Anast@DESKTOP-O7KM5A5 /cygdrive/c/David/FHTW-2025-All_-_move_2024_get_new/new_-_folder_for_not-yet-ready_new_imgs/converted_from_PDF_-_now_to_jpeg
$

Anast@DESKTOP-O7KM5A5 /cygdrive/c/David/FHTW-2025-All_-_move_2024_get_new/new_-_folder_for_not-yet-ready_new_imgs/converted_from_PDF_-_now_to_jpeg
$ # For some reason, I thought that was conversion. Let's check the formats.

Anast@DESKTOP-O7KM5A5 /cygdrive/c/David/FHTW-2025-All_-_move_2024_get_new/new_-_folder_for_not-yet-ready_new_imgs/converted_from_PDF_-_now_to_jpeg
$ # (Had some play-with-Julie time.)

Anast@DESKTOP-O7KM5A5 /cygdrive/c/David/FHTW-2025-All_-_move_2024_get_new/new_-_folder_for_not-yet-ready_new_imgs/converted_from_PDF_-_now_to_jpeg
$

Anast@DESKTOP-O7KM5A5 /cygdrive/c/David/FHTW-2025-All_-_move_2024_get_new/new_-_folder_for_not-yet-ready_new_imgs/converted_from_PDF_-_now_to_jpeg
$

Anast@DESKTOP-O7KM5A5 /cygdrive/c/David/FHTW-2025-All_-_move_2024_get_new/new_-_folder_for_not-yet-ready_new_imgs/converted_from_PDF_-_now_to_jpeg
$ grep "PNG.*png" ../b3_all_png_format_info_formats_for_batch_1748308719_2025-05-26T191839-0600.out | wc -l
8065

Anast@DESKTOP-O7KM5A5 /cygdrive/c/David/FHTW-2025-All_-_move_2024_get_new/new_-_folder_for_not-yet-ready_new_imgs/converted_from_PDF_-_now_to_jpeg
$ grep "PNG.*png" ../b3_all_png_format_info_formats_for_batch_1748308719_2025-05-26T191839-0600.out | awk -F
awk: option requires an argument -- F
Usage: awk [POSIX or GNU style options] -f progfile [--] file ...
Usage: awk [POSIX or GNU style options] [--] 'program' file ...
POSIX options:          GNU long options: (standard)
        -f progfile             --file=progfile
        -F fs                   --field-separator=fs
        -v var=val              --assign=var=val
Short options:          GNU long options: (extensions)
        -b                      --characters-as-bytes
        -c                      --traditional
        -C                      --copyright
        -d[file]                --dump-variables[=file]
        -D[file]                --debug[=file]
        -e 'program-text'       --source='program-text'
        -E file                 --exec=file
        -g                      --gen-pot
        -h                      --help
        -i includefile          --include=includefile
        -I                      --trace
        -k                      --csv
        -l library              --load=library
        -L[fatal|invalid|no-ext]        --lint[=fatal|invalid|no-ext]
        -M                      --bignum
        -N                      --use-lc-numeric
        -n                      --non-decimal-data
        -o[file]                --pretty-print[=file]
        -O                      --optimize
        -p[file]                --profile[=file]
        -P                      --posix
        -r                      --re-interval
        -s                      --no-optimize
        -S                      --sandbox
        -t                      --lint-old
        -V                      --version

To report bugs, use the `gawkbug' program.
For full instructions, see the node `Bugs' in `gawk.info'
which is section `Reporting Problems and Bugs' in the
printed version.  This same information may be found at
https://www.gnu.org/software/gawk/manual/html_node/Bugs.html.
PLEASE do NOT try to report bugs by posting in comp.lang.awk,
or by using a web forum such as Stack Overflow.

Source code for gawk may be obtained from
https://ftp.gnu.org/gnu/gawk/gawk-5.3.1.tar.gz

gawk is a pattern scanning and processing language.
By default it reads standard input and writes standard output.

Examples:
        awk '{ sum += $1 }; END { print sum }' file
        awk -F: '{ print $1 }' /etc/passwd

Anast@DESKTOP-O7KM5A5 /cygdrive/c/David/FHTW-2025-All_-_move_2024_get_new/new_-_folder_for_not-yet-ready_new_imgs/converted_from_PDF_-_now_to_jpeg
$ ^C

Anast@DESKTOP-O7KM5A5 /cygdrive/c/David/FHTW-2025-All_-_move_2024_get_new/new_-_folder_for_not-yet-ready_new_imgs/converted_from_PDF_-_now_to_jpeg
$ ^C

Anast@DESKTOP-O7KM5A5 /cygdrive/c/David/FHTW-2025-All_-_move_2024_get_new/new_-_folder_for_not-yet-ready_new_imgs/converted_from_PDF_-_now_to_jpeg
$ grep "PNG.*png" ../b3_all_png_format_info_formats_for_batch_1748308719_2025-05-26T191839-0600.out | sort | uniq -c | wc -l
3

Anast@DESKTOP-O7KM5A5 /cygdrive/c/David/FHTW-2025-All_-_move_2024_get_new/new_-_folder_for_not-yet-ready_new_imgs/converted_from_PDF_-_now_to_jpeg
$ grep "PNG.*png" ../b3_all_png_format_info_formats_for_batch_1748308719_2025-05-26T191839-0600.out | sort | uniq -c
   1900 PNG Gray Grayscale png 8 gray
      1 PNG sRGB Grayscale png 8 srgb
   6164 PNG sRGB TrueColor png 8 srgb

Anast@DESKTOP-O7KM5A5 /cygdrive/c/David/FHTW-2025-All_-_move_2024_get_new/new_-_folder_for_not-yet-ready_new_imgs/converted_from_PDF_-_now_to_jpeg
$ #  All right. They'll all get the same conversion. Here goes.

Anast@DESKTOP-O7KM5A5 /cygdrive/c/David/FHTW-2025-All_-_move_2024_get_new/new_-_folder_for_not-yet-ready_new_imgs/converted_from_PDF_-_now_to_jpeg
$

Anast@DESKTOP-O7KM5A5 /cygdrive/c/David/FHTW-2025-All_-_move_2024_get_new/new_-_folder_for_not-yet-ready_new_imgs/converted_from_PDF_-_now_to_jpeg
$


#$@$@$@$@$@$@$@$@$@$@$$@$@$@$@$@$@$@$@@$@$@$@$@$@$@$#
#####################@@@@@@@@@@@@@@@@@@##############
#####################################################
#####################################################
# Time for the actual conversion
#####################################################
############$$$$$$$$$$$$$$$$$$$$$####################
#@$@$@$@$@$@$@$@$@$@$@@$@$@$@$@$@$@$@$$@$@$@$@$@$@$@#

# STEP 7



Anast@DESKTOP-O7KM5A5 /cygdrive/c/David/FHTW-2025-All_-_move_2024_get_new/new_-_folder_for_not-yet-ready_new_imgs/converted_from_PDF_-_now_to_jpeg
$ ## ttdate && time mogrify -format jpg -quality 92 -colorspace srgb -type truecolor *.png && ttdate

Anast@DESKTOP-O7KM5A5 /cygdrive/c/David/FHTW-2025-All_-_move_2024_get_new/new_-_folder_for_not-yet-ready_new_imgs/converted_from_PDF_-_now_to_jpeg
$ #  How many are we converting?

Anast@DESKTOP-O7KM5A5 /cygdrive/c/David/FHTW-2025-All_-_move_2024_get_new/new_-_folder_for_not-yet-ready_new_imgs/converted_from_PDF_-_now_to_jpeg
$ echo "1900+1+6164" | bc
8065

Anast@DESKTOP-O7KM5A5 /cygdrive/c/David/FHTW-2025-All_-_move_2024_get_new/new_-_folder_for_not-yet-ready_new_imgs/converted_from_PDF_-_now_to_jpeg
$ 

Anast@DESKTOP-O7KM5A5 /cygdrive/c/David/FHTW-2025-All_-_move_2024_get_new/new_-_folder_for_not-yet-ready_new_imgs/converted_from_PDF_-_now_to_jpeg
$ find . -type f -iname "*.png" | wc -l
8065

Anast@DESKTOP-O7KM5A5 /cygdrive/c/David/FHTW-2025-All_-_move_2024_get_new/new_-_folder_for_not-yet-ready_new_imgs/converted_from_PDF_-_now_to_jpeg
$ #  Match

Anast@DESKTOP-O7KM5A5 /cygdrive/c/David/FHTW-2025-All_-_move_2024_get_new/new_-_folder_for_not-yet-ready_new_imgs/converted_from_PDF_-_now_to_jpeg
$ grep "PNG.*png" ../b3_all_png_format_info_formats_for_batch_1748308719_2025-05-26T191839-0600.out | sort | uniq -c
   1900 PNG Gray Grayscale png 8 gray
      1 PNG sRGB Grayscale png 8 srgb
   6164 PNG sRGB TrueColor png 8 srgb

Anast@DESKTOP-O7KM5A5 /cygdrive/c/David/FHTW-2025-All_-_move_2024_get_new/new_-_folder_for_not-yet-ready_new_imgs/converted_from_PDF_-_now_to_jpeg
$ grep -B2 -A1 PNG\ sRGB\ Grayscale\ png\ 8\ srgb ../b3_all_png_format_info_formats_for_batch_1748308719_2025-05-26T191839-0600.out

Bodleian-Library-MS-Laud-Misc-440_00001.png
PNG sRGB Grayscale png 8 srgb


Anast@DESKTOP-O7KM5A5 /cygdrive/c/David/FHTW-2025-All_-_move_2024_get_new/new_-_folder_for_not-yet-ready_new_imgs/converted_from_PDF_-_now_to_jpeg
$ #  Yep, that makes sense.

Anast@DESKTOP-O7KM5A5 /cygdrive/c/David/FHTW-2025-All_-_move_2024_get_new/new_-_folder_for_not-yet-ready_new_imgs/converted_from_PDF_-_now_to_jpeg
$ ttdate && time mogrify -format jpg -quality 92 -colorspace srgb -type truecolor *.png && ttdate
1748560038_2025-05-29T170718-0600
mogrify: iCCP: profile 'icc': 0h: PCS illuminant is not D50 `BnF-BibArsenal_-_TraductionDuCoranDePierreLeVenerable_Ms-1162-res_00001.png' @ warning/png.c/MagickPNGWarningHandler/1748.
mogrify: iCCP: profile 'icc': 0h: PCS illuminant is not D50 `BnF-BibArsenal_-_TraductionDuCoranDePierreLeVenerable_Ms-1162-res_00002.png' @ warning/png.c/MagickPNGWarningHandler/1748.
mogrify: iCCP: profile 'icc': 0h: PCS illuminant is not D50 `BnF_-_AESOPUS_Ms-Grec-1310_00001.png' @ warning/png.c/MagickPNGWarningHandler/1748.
mogrify: iCCP: profile 'icc': 0h: PCS illuminant is not D50 `BnF_-_AESOPUS_Ms-Grec-1310_00002.png' @ warning/png.c/MagickPNGWarningHandler/1748.
mogrify: iCCP: profile 'icc': 0h: PCS illuminant is not D50 `BnF_-_Horace_Ms-Latin-11312_bw_00001.png' @ warning/png.c/MagickPNGWarningHandler/1748.
mogrify: iCCP: profile 'icc': 0h: PCS illuminant is not D50 `BnF_-_Horace_Ms-Latin-11312_bw_00002.png' @ warning/png.c/MagickPNGWarningHandler/1748.
mogrify: iCCP: profile 'icc': 0h: PCS illuminant is not D50 `BnF_-_Horace_Ms-Latin-11312_color_00001.png' @ warning/png.c/MagickPNGWarningHandler/1748.
mogrify: iCCP: profile 'icc': 0h: PCS illuminant is not D50 `BnF_-_Horace_Ms-Latin-11312_color_00002.png' @ warning/png.c/MagickPNGWarningHandler/1748.
mogrify: iCCP: profile 'icc': 0h: PCS illuminant is not D50 `BnF_-_MS-Grec-2991_00001.png' @ warning/png.c/MagickPNGWarningHandler/1748.
mogrify: iCCP: profile 'icc': 0h: PCS illuminant is not D50 `BnF_-_MS-Grec-2991_00002.png' @ warning/png.c/MagickPNGWarningHandler/1748.
mogrify: iCCP: profile 'icc': 0h: PCS illuminant is not D50 `BnF_-_Ms-Georgien-5_00001.png' @ warning/png.c/MagickPNGWarningHandler/1748.
mogrify: iCCP: profile 'icc': 0h: PCS illuminant is not D50 `BnF_-_Ms-Georgien-5_00002.png' @ warning/png.c/MagickPNGWarningHandler/1748.
mogrify: iCCP: profile 'icc': 0h: PCS illuminant is not D50 `BnF_-_Ms-Grec-487_00001.png' @ warning/png.c/MagickPNGWarningHandler/1748.
mogrify: iCCP: profile 'icc': 0h: PCS illuminant is not D50 `BnF_-_Ms-Grec-487_00002.png' @ warning/png.c/MagickPNGWarningHandler/1748.
mogrify: iCCP: profile 'icc': 0h: PCS illuminant is not D50 `BnF_-_Ms-Latin-12302_00001.png' @ warning/png.c/MagickPNGWarningHandler/1748.
mogrify: iCCP: profile 'icc': 0h: PCS illuminant is not D50 `BnF_-_Ms-Latin-12302_00002.png' @ warning/png.c/MagickPNGWarningHandler/1748.
mogrify: iCCP: profile 'icc': 0h: PCS illuminant is not D50 `BnF_-_Ms-Latin-12410_bw_00001.png' @ warning/png.c/MagickPNGWarningHandler/1748.
mogrify: iCCP: profile 'icc': 0h: PCS illuminant is not D50 `BnF_-_Ms-Latin-12410_bw_00002.png' @ warning/png.c/MagickPNGWarningHandler/1748.
mogrify: iCCP: profile 'icc': 0h: PCS illuminant is not D50 `BnF_-_Ms-Latin-12410_color_00001.png' @ warning/png.c/MagickPNGWarningHandler/1748.
mogrify: iCCP: profile 'icc': 0h: PCS illuminant is not D50 `BnF_-_Ms-Latin-12410_color_00002.png' @ warning/png.c/MagickPNGWarningHandler/1748.
mogrify: iCCP: profile 'icc': 0h: PCS illuminant is not D50 `BnF_-_Ms-Latin-2510_00001.png' @ warning/png.c/MagickPNGWarningHandler/1748.
mogrify: iCCP: profile 'icc': 0h: PCS illuminant is not D50 `BnF_-_Ms-Latin-2510_00002.png' @ warning/png.c/MagickPNGWarningHandler/1748.
mogrify: iCCP: profile 'icc': 0h: PCS illuminant is not D50 `BnF_-_Ms-Latin-619_00001.png' @ warning/png.c/MagickPNGWarningHandler/1748.
mogrify: iCCP: profile 'icc': 0h: PCS illuminant is not D50 `BnF_-_Ms-Latin-619_00002.png' @ warning/png.c/MagickPNGWarningHandler/1748.
mogrify: iCCP: profile 'icc': 0h: PCS illuminant is not D50 `BnF_-_Ms-NAL-1436_00001.png' @ warning/png.c/MagickPNGWarningHandler/1748.
mogrify: iCCP: profile 'icc': 0h: PCS illuminant is not D50 `BnF_-_Ms-NAL-1436_00002.png' @ warning/png.c/MagickPNGWarningHandler/1748.
mogrify: iCCP: profile 'icc': 0h: PCS illuminant is not D50 `BnF_-_Publius_Papinius_Ms-Latin-8055_bw_00001.png' @ warning/png.c/MagickPNGWarningHandler/1748.
mogrify: iCCP: profile 'icc': 0h: PCS illuminant is not D50 `BnF_-_Publius_Papinius_Ms-Latin-8055_bw_00002.png' @ warning/png.c/MagickPNGWarningHandler/1748.
mogrify: iCCP: profile 'icc': 0h: PCS illuminant is not D50 `BnF_-_Publius_Papinius_Ms-Latin-8055_color_00001.png' @ warning/png.c/MagickPNGWarningHandler/1748.
mogrify: iCCP: profile 'icc': 0h: PCS illuminant is not D50 `BnF_-_Publius_Papinius_Ms-Latin-8055_color_00002.png' @ warning/png.c/MagickPNGWarningHandler/1748.
mogrify: iCCP: profile 'icc': 0h: PCS illuminant is not D50 `BnF_-_ScriptaVariaHorace_Ms-Latin-7978_00001.png' @ warning/png.c/MagickPNGWarningHandler/1748.
mogrify: iCCP: profile 'icc': 0h: PCS illuminant is not D50 `BnF_-_ScriptaVariaHorace_Ms-Latin-7978_00002.png' @ warning/png.c/MagickPNGWarningHandler/1748.

real    24m59.611s
user    9m24.469s
sys     3m11.077s
1748561538_2025-05-29T173218-0600

Anast@DESKTOP-O7KM5A5 /cygdrive/c/David/FHTW-2025-All_-_move_2024_get_new/new_-_folder_for_not-yet-ready_new_imgs/converted_from_PDF_-_now_to_jpeg
$ find . -type f | wc -l
16130

Anast@DESKTOP-O7KM5A5 /cygdrive/c/David/FHTW-2025-All_-_move_2024_get_new/new_-_folder_for_not-yet-ready_new_imgs/converted_from_PDF_-_now_to_jpeg
$ find . -type f -iname "*.png" | wc -l
8065

Anast@DESKTOP-O7KM5A5 /cygdrive/c/David/FHTW-2025-All_-_move_2024_get_new/new_-_folder_for_not-yet-ready_new_imgs/converted_from_PDF_-_now_to_jpeg
$ find . -type f -iname "*.jpg" | wc -l
8065

Anast@DESKTOP-O7KM5A5 /cygdrive/c/David/FHTW-2025-All_-_move_2024_get_new/new_-_folder_for_not-yet-ready_new_imgs/converted_from_PDF_-_now_to_jpeg
$ find . -type f | wc -l
16130

Anast@DESKTOP-O7KM5A5 /cygdrive/c/David/FHTW-2025-All_-_move_2024_get_new/new_-_folder_for_not-yet-ready_new_imgs/converted_from_PDF_-_now_to_jpeg
$ echo "8065+8065" | bc
16130

Anast@DESKTOP-O7KM5A5 /cygdrive/c/David/FHTW-2025-All_-_move_2024_get_new/new_-_folder_for_not-yet-ready_new_imgs/converted_from_PDF_-_now_to_jpeg
$

Anast@DESKTOP-O7KM5A5 /cygdrive/c/David/FHTW-2025-All_-_move_2024_get_new/new_-_folder_for_not-yet-ready_new_imgs/converted_from_PDF_-_now_to_jpeg
$


#$@$@$@$@$@$@$@$@$@$@$$@$@$@$@$@$@$@$@@$@$@$@$@$@$@$#
#####################@@@@@@@@@@@@@@@@@@##############
#####################################################
#####################################################
# Check the JPEG format details (didn't do it this
# time -- oops)
# Make sure we have the 00001 and 00002 for all
# documents
#####################################################
############$$$$$$$$$$$$$$$$$$$$$####################
#@$@$@$@$@$@$@$@$@$@$@@$@$@$@$@$@$@$@$$@$@$@$@$@$@$@#

# STEP 8


Anast@DESKTOP-O7KM5A5 /cygdrive/c/David/FHTW-2025-All_-_move_2024_get_new/new_-_folder_for_not-yet-ready_new_imgs/converted_from_PDF_-_now_to_jpeg
$ find . -type f -iname "*.png" | awk -F'/' '{print $NF}' | sed 's#_[0-9]\{5\}[.]png$##g' | sort | uniq > ../../b3_doc_fnames_checking_1_2_png_$(ttdate).lst

Anast@DESKTOP-O7KM5A5 /cygdrive/c/David/FHTW-2025-All_-_move_2024_get_new/new_-_folder_for_not-yet-ready_new_imgs/converted_from_PDF_-_now_to_jpeg
$ wc -l < ../../b3_doc_fnames_checking_1_2_png_1748569495_2025-05-29T194455-0600.lst
19

Anast@DESKTOP-O7KM5A5 /cygdrive/c/David/FHTW-2025-All_-_move_2024_get_new/new_-_folder_for_not-yet-ready_new_imgs/converted_from_PDF_-_now_to_jpeg
$ cat ../../b3_doc_fnames_checking_1_2_png_1748569495_2025-05-29T194455-0600.lst
BavarianStateLibrary-LOC_-_ArmenianGospelBook_BSB-Cod-armen-1-and-wdl_18-39-6
BnF-BibArsenal_-_TraductionDuCoranDePierreLeVenerable_Ms-1162-res
BnF_-_AESOPUS_Ms-Grec-1310
BnF_-_Horace_Ms-Latin-11312_bw
BnF_-_Horace_Ms-Latin-11312_color
BnF_-_MS-Grec-2991
BnF_-_Ms-Georgien-5
BnF_-_Ms-Grec-487
BnF_-_Ms-Latin-12302
BnF_-_Ms-Latin-12410_bw
BnF_-_Ms-Latin-12410_color
BnF_-_Ms-Latin-2510
BnF_-_Ms-Latin-619
BnF_-_Ms-NAL-1436
BnF_-_Publius_Papinius_Ms-Latin-8055_bw
BnF_-_Publius_Papinius_Ms-Latin-8055_color
BnF_-_ScriptaVariaHorace_Ms-Latin-7978
Bodleian-Library-MS-Laud-Misc-440
WaltersArtMuseum-LOC_-_TorosRoslinGospels_Walters-Ms-W-539-and-wdl-13-01-2

Anast@DESKTOP-O7KM5A5 /cygdrive/c/David/FHTW-2025-All_-_move_2024_get_new/new_-_folder_for_not-yet-ready_new_imgs/converted_from_PDF_-_now_to_jpeg
$ while read -r line; do bare="${line}"; echo; echo "--------------------"; echo "${bare}"; echo "-----"; find /cygdrive/c/David/FHTW-2025-All_-_move_2024_get_new/new_-_folder_for_not-yet-ready_new_imgs/converted_from_PDF_-_now_to_jpeg/ -type f | grep "${bare}.*0000[12][.][^.]\{2,5\}$"; done < ../../b3_doc_fnames_checking_1_2_png_1748569495_2025-05-29T194455-0600.lst

--------------------
BavarianStateLibrary-LOC_-_ArmenianGospelBook_BSB-Cod-armen-1-and-wdl_18-39-6
-----
/cygdrive/c/David/FHTW-2025-All_-_move_2024_get_new/new_-_folder_for_not-yet-ready_new_imgs/converted_from_PDF_-_now_to_jpeg/BavarianStateLibrary-LOC_-_ArmenianGospelBook_BSB-Cod-armen-1-and-wdl_18-39-6_00001.jpg
/cygdrive/c/David/FHTW-2025-All_-_move_2024_get_new/new_-_folder_for_not-yet-ready_new_imgs/converted_from_PDF_-_now_to_jpeg/BavarianStateLibrary-LOC_-_ArmenianGospelBook_BSB-Cod-armen-1-and-wdl_18-39-6_00002.jpg
/cygdrive/c/David/FHTW-2025-All_-_move_2024_get_new/new_-_folder_for_not-yet-ready_new_imgs/converted_from_PDF_-_now_to_jpeg/BavarianStateLibrary-LOC_-_ArmenianGospelBook_BSB-Cod-armen-1-and-wdl_18-39-6_00001.png
/cygdrive/c/David/FHTW-2025-All_-_move_2024_get_new/new_-_folder_for_not-yet-ready_new_imgs/converted_from_PDF_-_now_to_jpeg/BavarianStateLibrary-LOC_-_ArmenianGospelBook_BSB-Cod-armen-1-and-wdl_18-39-6_00002.png

--------------------
BnF-BibArsenal_-_TraductionDuCoranDePierreLeVenerable_Ms-1162-res
-----
/cygdrive/c/David/FHTW-2025-All_-_move_2024_get_new/new_-_folder_for_not-yet-ready_new_imgs/converted_from_PDF_-_now_to_jpeg/BnF-BibArsenal_-_TraductionDuCoranDePierreLeVenerable_Ms-1162-res_00001.jpg
/cygdrive/c/David/FHTW-2025-All_-_move_2024_get_new/new_-_folder_for_not-yet-ready_new_imgs/converted_from_PDF_-_now_to_jpeg/BnF-BibArsenal_-_TraductionDuCoranDePierreLeVenerable_Ms-1162-res_00002.jpg
/cygdrive/c/David/FHTW-2025-All_-_move_2024_get_new/new_-_folder_for_not-yet-ready_new_imgs/converted_from_PDF_-_now_to_jpeg/BnF-BibArsenal_-_TraductionDuCoranDePierreLeVenerable_Ms-1162-res_00001.png
/cygdrive/c/David/FHTW-2025-All_-_move_2024_get_new/new_-_folder_for_not-yet-ready_new_imgs/converted_from_PDF_-_now_to_jpeg/BnF-BibArsenal_-_TraductionDuCoranDePierreLeVenerable_Ms-1162-res_00002.png

--------------------
BnF_-_AESOPUS_Ms-Grec-1310
-----
/cygdrive/c/David/FHTW-2025-All_-_move_2024_get_new/new_-_folder_for_not-yet-ready_new_imgs/converted_from_PDF_-_now_to_jpeg/BnF_-_AESOPUS_Ms-Grec-1310_00001.jpg
/cygdrive/c/David/FHTW-2025-All_-_move_2024_get_new/new_-_folder_for_not-yet-ready_new_imgs/converted_from_PDF_-_now_to_jpeg/BnF_-_AESOPUS_Ms-Grec-1310_00002.jpg
/cygdrive/c/David/FHTW-2025-All_-_move_2024_get_new/new_-_folder_for_not-yet-ready_new_imgs/converted_from_PDF_-_now_to_jpeg/BnF_-_AESOPUS_Ms-Grec-1310_00001.png
/cygdrive/c/David/FHTW-2025-All_-_move_2024_get_new/new_-_folder_for_not-yet-ready_new_imgs/converted_from_PDF_-_now_to_jpeg/BnF_-_AESOPUS_Ms-Grec-1310_00002.png

--------------------
BnF_-_Horace_Ms-Latin-11312_bw
-----
/cygdrive/c/David/FHTW-2025-All_-_move_2024_get_new/new_-_folder_for_not-yet-ready_new_imgs/converted_from_PDF_-_now_to_jpeg/BnF_-_Horace_Ms-Latin-11312_bw_00001.jpg
/cygdrive/c/David/FHTW-2025-All_-_move_2024_get_new/new_-_folder_for_not-yet-ready_new_imgs/converted_from_PDF_-_now_to_jpeg/BnF_-_Horace_Ms-Latin-11312_bw_00002.jpg
/cygdrive/c/David/FHTW-2025-All_-_move_2024_get_new/new_-_folder_for_not-yet-ready_new_imgs/converted_from_PDF_-_now_to_jpeg/BnF_-_Horace_Ms-Latin-11312_bw_00002.png
/cygdrive/c/David/FHTW-2025-All_-_move_2024_get_new/new_-_folder_for_not-yet-ready_new_imgs/converted_from_PDF_-_now_to_jpeg/BnF_-_Horace_Ms-Latin-11312_bw_00001.png

--------------------
BnF_-_Horace_Ms-Latin-11312_color
-----
/cygdrive/c/David/FHTW-2025-All_-_move_2024_get_new/new_-_folder_for_not-yet-ready_new_imgs/converted_from_PDF_-_now_to_jpeg/BnF_-_Horace_Ms-Latin-11312_color_00002.jpg
/cygdrive/c/David/FHTW-2025-All_-_move_2024_get_new/new_-_folder_for_not-yet-ready_new_imgs/converted_from_PDF_-_now_to_jpeg/BnF_-_Horace_Ms-Latin-11312_color_00001.jpg
/cygdrive/c/David/FHTW-2025-All_-_move_2024_get_new/new_-_folder_for_not-yet-ready_new_imgs/converted_from_PDF_-_now_to_jpeg/BnF_-_Horace_Ms-Latin-11312_color_00002.png
/cygdrive/c/David/FHTW-2025-All_-_move_2024_get_new/new_-_folder_for_not-yet-ready_new_imgs/converted_from_PDF_-_now_to_jpeg/BnF_-_Horace_Ms-Latin-11312_color_00001.png

--------------------
BnF_-_MS-Grec-2991
-----
/cygdrive/c/David/FHTW-2025-All_-_move_2024_get_new/new_-_folder_for_not-yet-ready_new_imgs/converted_from_PDF_-_now_to_jpeg/BnF_-_MS-Grec-2991_00001.jpg
/cygdrive/c/David/FHTW-2025-All_-_move_2024_get_new/new_-_folder_for_not-yet-ready_new_imgs/converted_from_PDF_-_now_to_jpeg/BnF_-_MS-Grec-2991_00002.jpg
/cygdrive/c/David/FHTW-2025-All_-_move_2024_get_new/new_-_folder_for_not-yet-ready_new_imgs/converted_from_PDF_-_now_to_jpeg/BnF_-_MS-Grec-2991_00001.png
/cygdrive/c/David/FHTW-2025-All_-_move_2024_get_new/new_-_folder_for_not-yet-ready_new_imgs/converted_from_PDF_-_now_to_jpeg/BnF_-_MS-Grec-2991_00002.png

--------------------
BnF_-_Ms-Georgien-5
-----
/cygdrive/c/David/FHTW-2025-All_-_move_2024_get_new/new_-_folder_for_not-yet-ready_new_imgs/converted_from_PDF_-_now_to_jpeg/BnF_-_Ms-Georgien-5_00001.jpg
/cygdrive/c/David/FHTW-2025-All_-_move_2024_get_new/new_-_folder_for_not-yet-ready_new_imgs/converted_from_PDF_-_now_to_jpeg/BnF_-_Ms-Georgien-5_00002.jpg
/cygdrive/c/David/FHTW-2025-All_-_move_2024_get_new/new_-_folder_for_not-yet-ready_new_imgs/converted_from_PDF_-_now_to_jpeg/BnF_-_Ms-Georgien-5_00002.png
/cygdrive/c/David/FHTW-2025-All_-_move_2024_get_new/new_-_folder_for_not-yet-ready_new_imgs/converted_from_PDF_-_now_to_jpeg/BnF_-_Ms-Georgien-5_00001.png

--------------------
BnF_-_Ms-Grec-487
-----
/cygdrive/c/David/FHTW-2025-All_-_move_2024_get_new/new_-_folder_for_not-yet-ready_new_imgs/converted_from_PDF_-_now_to_jpeg/BnF_-_Ms-Grec-487_00002.jpg
/cygdrive/c/David/FHTW-2025-All_-_move_2024_get_new/new_-_folder_for_not-yet-ready_new_imgs/converted_from_PDF_-_now_to_jpeg/BnF_-_Ms-Grec-487_00001.jpg
/cygdrive/c/David/FHTW-2025-All_-_move_2024_get_new/new_-_folder_for_not-yet-ready_new_imgs/converted_from_PDF_-_now_to_jpeg/BnF_-_Ms-Grec-487_00001.png
/cygdrive/c/David/FHTW-2025-All_-_move_2024_get_new/new_-_folder_for_not-yet-ready_new_imgs/converted_from_PDF_-_now_to_jpeg/BnF_-_Ms-Grec-487_00002.png

--------------------
BnF_-_Ms-Latin-12302
-----
/cygdrive/c/David/FHTW-2025-All_-_move_2024_get_new/new_-_folder_for_not-yet-ready_new_imgs/converted_from_PDF_-_now_to_jpeg/BnF_-_Ms-Latin-12302_00002.jpg
/cygdrive/c/David/FHTW-2025-All_-_move_2024_get_new/new_-_folder_for_not-yet-ready_new_imgs/converted_from_PDF_-_now_to_jpeg/BnF_-_Ms-Latin-12302_00001.jpg
/cygdrive/c/David/FHTW-2025-All_-_move_2024_get_new/new_-_folder_for_not-yet-ready_new_imgs/converted_from_PDF_-_now_to_jpeg/BnF_-_Ms-Latin-12302_00002.png
/cygdrive/c/David/FHTW-2025-All_-_move_2024_get_new/new_-_folder_for_not-yet-ready_new_imgs/converted_from_PDF_-_now_to_jpeg/BnF_-_Ms-Latin-12302_00001.png

--------------------
BnF_-_Ms-Latin-12410_bw
-----
/cygdrive/c/David/FHTW-2025-All_-_move_2024_get_new/new_-_folder_for_not-yet-ready_new_imgs/converted_from_PDF_-_now_to_jpeg/BnF_-_Ms-Latin-12410_bw_00001.png
/cygdrive/c/David/FHTW-2025-All_-_move_2024_get_new/new_-_folder_for_not-yet-ready_new_imgs/converted_from_PDF_-_now_to_jpeg/BnF_-_Ms-Latin-12410_bw_00002.jpg
/cygdrive/c/David/FHTW-2025-All_-_move_2024_get_new/new_-_folder_for_not-yet-ready_new_imgs/converted_from_PDF_-_now_to_jpeg/BnF_-_Ms-Latin-12410_bw_00001.jpg
/cygdrive/c/David/FHTW-2025-All_-_move_2024_get_new/new_-_folder_for_not-yet-ready_new_imgs/converted_from_PDF_-_now_to_jpeg/BnF_-_Ms-Latin-12410_bw_00002.png

--------------------
BnF_-_Ms-Latin-12410_color
-----
/cygdrive/c/David/FHTW-2025-All_-_move_2024_get_new/new_-_folder_for_not-yet-ready_new_imgs/converted_from_PDF_-_now_to_jpeg/BnF_-_Ms-Latin-12410_color_00001.jpg
/cygdrive/c/David/FHTW-2025-All_-_move_2024_get_new/new_-_folder_for_not-yet-ready_new_imgs/converted_from_PDF_-_now_to_jpeg/BnF_-_Ms-Latin-12410_color_00002.jpg
/cygdrive/c/David/FHTW-2025-All_-_move_2024_get_new/new_-_folder_for_not-yet-ready_new_imgs/converted_from_PDF_-_now_to_jpeg/BnF_-_Ms-Latin-12410_color_00002.png
/cygdrive/c/David/FHTW-2025-All_-_move_2024_get_new/new_-_folder_for_not-yet-ready_new_imgs/converted_from_PDF_-_now_to_jpeg/BnF_-_Ms-Latin-12410_color_00001.png

--------------------
BnF_-_Ms-Latin-2510
-----
/cygdrive/c/David/FHTW-2025-All_-_move_2024_get_new/new_-_folder_for_not-yet-ready_new_imgs/converted_from_PDF_-_now_to_jpeg/BnF_-_Ms-Latin-2510_00001.jpg
/cygdrive/c/David/FHTW-2025-All_-_move_2024_get_new/new_-_folder_for_not-yet-ready_new_imgs/converted_from_PDF_-_now_to_jpeg/BnF_-_Ms-Latin-2510_00002.jpg
/cygdrive/c/David/FHTW-2025-All_-_move_2024_get_new/new_-_folder_for_not-yet-ready_new_imgs/converted_from_PDF_-_now_to_jpeg/BnF_-_Ms-Latin-2510_00001.png
/cygdrive/c/David/FHTW-2025-All_-_move_2024_get_new/new_-_folder_for_not-yet-ready_new_imgs/converted_from_PDF_-_now_to_jpeg/BnF_-_Ms-Latin-2510_00002.png

--------------------
BnF_-_Ms-Latin-619
-----
/cygdrive/c/David/FHTW-2025-All_-_move_2024_get_new/new_-_folder_for_not-yet-ready_new_imgs/converted_from_PDF_-_now_to_jpeg/BnF_-_Ms-Latin-619_00002.png
/cygdrive/c/David/FHTW-2025-All_-_move_2024_get_new/new_-_folder_for_not-yet-ready_new_imgs/converted_from_PDF_-_now_to_jpeg/BnF_-_Ms-Latin-619_00002.jpg
/cygdrive/c/David/FHTW-2025-All_-_move_2024_get_new/new_-_folder_for_not-yet-ready_new_imgs/converted_from_PDF_-_now_to_jpeg/BnF_-_Ms-Latin-619_00001.jpg
/cygdrive/c/David/FHTW-2025-All_-_move_2024_get_new/new_-_folder_for_not-yet-ready_new_imgs/converted_from_PDF_-_now_to_jpeg/BnF_-_Ms-Latin-619_00001.png

--------------------
BnF_-_Ms-NAL-1436
-----
/cygdrive/c/David/FHTW-2025-All_-_move_2024_get_new/new_-_folder_for_not-yet-ready_new_imgs/converted_from_PDF_-_now_to_jpeg/BnF_-_Ms-NAL-1436_00002.png
/cygdrive/c/David/FHTW-2025-All_-_move_2024_get_new/new_-_folder_for_not-yet-ready_new_imgs/converted_from_PDF_-_now_to_jpeg/BnF_-_Ms-NAL-1436_00002.jpg
/cygdrive/c/David/FHTW-2025-All_-_move_2024_get_new/new_-_folder_for_not-yet-ready_new_imgs/converted_from_PDF_-_now_to_jpeg/BnF_-_Ms-NAL-1436_00001.png
/cygdrive/c/David/FHTW-2025-All_-_move_2024_get_new/new_-_folder_for_not-yet-ready_new_imgs/converted_from_PDF_-_now_to_jpeg/BnF_-_Ms-NAL-1436_00001.jpg

--------------------
BnF_-_Publius_Papinius_Ms-Latin-8055_bw
-----
/cygdrive/c/David/FHTW-2025-All_-_move_2024_get_new/new_-_folder_for_not-yet-ready_new_imgs/converted_from_PDF_-_now_to_jpeg/BnF_-_Publius_Papinius_Ms-Latin-8055_bw_00001.jpg
/cygdrive/c/David/FHTW-2025-All_-_move_2024_get_new/new_-_folder_for_not-yet-ready_new_imgs/converted_from_PDF_-_now_to_jpeg/BnF_-_Publius_Papinius_Ms-Latin-8055_bw_00001.png
/cygdrive/c/David/FHTW-2025-All_-_move_2024_get_new/new_-_folder_for_not-yet-ready_new_imgs/converted_from_PDF_-_now_to_jpeg/BnF_-_Publius_Papinius_Ms-Latin-8055_bw_00002.png
/cygdrive/c/David/FHTW-2025-All_-_move_2024_get_new/new_-_folder_for_not-yet-ready_new_imgs/converted_from_PDF_-_now_to_jpeg/BnF_-_Publius_Papinius_Ms-Latin-8055_bw_00002.jpg

--------------------
BnF_-_Publius_Papinius_Ms-Latin-8055_color
-----
/cygdrive/c/David/FHTW-2025-All_-_move_2024_get_new/new_-_folder_for_not-yet-ready_new_imgs/converted_from_PDF_-_now_to_jpeg/BnF_-_Publius_Papinius_Ms-Latin-8055_color_00001.jpg
/cygdrive/c/David/FHTW-2025-All_-_move_2024_get_new/new_-_folder_for_not-yet-ready_new_imgs/converted_from_PDF_-_now_to_jpeg/BnF_-_Publius_Papinius_Ms-Latin-8055_color_00002.jpg
/cygdrive/c/David/FHTW-2025-All_-_move_2024_get_new/new_-_folder_for_not-yet-ready_new_imgs/converted_from_PDF_-_now_to_jpeg/BnF_-_Publius_Papinius_Ms-Latin-8055_color_00002.png
/cygdrive/c/David/FHTW-2025-All_-_move_2024_get_new/new_-_folder_for_not-yet-ready_new_imgs/converted_from_PDF_-_now_to_jpeg/BnF_-_Publius_Papinius_Ms-Latin-8055_color_00001.png

--------------------
BnF_-_ScriptaVariaHorace_Ms-Latin-7978
-----
/cygdrive/c/David/FHTW-2025-All_-_move_2024_get_new/new_-_folder_for_not-yet-ready_new_imgs/converted_from_PDF_-_now_to_jpeg/BnF_-_ScriptaVariaHorace_Ms-Latin-7978_00002.jpg
/cygdrive/c/David/FHTW-2025-All_-_move_2024_get_new/new_-_folder_for_not-yet-ready_new_imgs/converted_from_PDF_-_now_to_jpeg/BnF_-_ScriptaVariaHorace_Ms-Latin-7978_00002.png
/cygdrive/c/David/FHTW-2025-All_-_move_2024_get_new/new_-_folder_for_not-yet-ready_new_imgs/converted_from_PDF_-_now_to_jpeg/BnF_-_ScriptaVariaHorace_Ms-Latin-7978_00001.jpg
/cygdrive/c/David/FHTW-2025-All_-_move_2024_get_new/new_-_folder_for_not-yet-ready_new_imgs/converted_from_PDF_-_now_to_jpeg/BnF_-_ScriptaVariaHorace_Ms-Latin-7978_00001.png

--------------------
Bodleian-Library-MS-Laud-Misc-440
-----
/cygdrive/c/David/FHTW-2025-All_-_move_2024_get_new/new_-_folder_for_not-yet-ready_new_imgs/converted_from_PDF_-_now_to_jpeg/Bodleian-Library-MS-Laud-Misc-440_00001.jpg
/cygdrive/c/David/FHTW-2025-All_-_move_2024_get_new/new_-_folder_for_not-yet-ready_new_imgs/converted_from_PDF_-_now_to_jpeg/Bodleian-Library-MS-Laud-Misc-440_00001.png

--------------------
WaltersArtMuseum-LOC_-_TorosRoslinGospels_Walters-Ms-W-539-and-wdl-13-01-2
-----
/cygdrive/c/David/FHTW-2025-All_-_move_2024_get_new/new_-_folder_for_not-yet-ready_new_imgs/converted_from_PDF_-_now_to_jpeg/WaltersArtMuseum-LOC_-_TorosRoslinGospels_Walters-Ms-W-539-and-wdl-13-01-2_00001.jpg
/cygdrive/c/David/FHTW-2025-All_-_move_2024_get_new/new_-_folder_for_not-yet-ready_new_imgs/converted_from_PDF_-_now_to_jpeg/WaltersArtMuseum-LOC_-_TorosRoslinGospels_Walters-Ms-W-539-and-wdl-13-01-2_00002.jpg
/cygdrive/c/David/FHTW-2025-All_-_move_2024_get_new/new_-_folder_for_not-yet-ready_new_imgs/converted_from_PDF_-_now_to_jpeg/WaltersArtMuseum-LOC_-_TorosRoslinGospels_Walters-Ms-W-539-and-wdl-13-01-2_00001.png
/cygdrive/c/David/FHTW-2025-All_-_move_2024_get_new/new_-_folder_for_not-yet-ready_new_imgs/converted_from_PDF_-_now_to_jpeg/WaltersArtMuseum-LOC_-_TorosRoslinGospels_Walters-Ms-W-539-and-wdl-13-01-2_00002.png

Anast@DESKTOP-O7KM5A5 /cygdrive/c/David/FHTW-2025-All_-_move_2024_get_new/new_-_folder_for_not-yet-ready_new_imgs/converted_from_PDF_-_now_to_jpeg
$ #  There it is. Bodleian file has no "00002"

Anast@DESKTOP-O7KM5A5 /cygdrive/c/David/FHTW-2025-All_-_move_2024_get_new/new_-_folder_for_not-yet-ready_new_imgs/converted_from_PDF_-_now_to_jpeg
$

Anast@DESKTOP-O7KM5A5 /cygdrive/c/David/FHTW-2025-All_-_move_2024_get_new/new_-_folder_for_not-yet-ready_new_imgs/converted_from_PDF_-_now_to_jpeg
$ echo ${b3_ts}
1748308719_2025-05-26T191839-0600

Anast@DESKTOP-O7KM5A5 /cygdrive/c/David/FHTW-2025-All_-_move_2024_get_new/new_-_folder_for_not-yet-ready_new_imgs/converted_from_PDF_-_now_to_jpeg
$ cp ../../b3_doc_fnames_checking_1_2_png_1748569495_2025-05-29T194455-0600.lst  ../../b3_doc_fnames_for_big_moves_1748569495_2025-05-29T194455-0600.lst

Anast@DESKTOP-O7KM5A5 /cygdrive/c/David/FHTW-2025-All_-_move_2024_get_new/new_-_folder_for_not-yet-ready_new_imgs/converted_from_PDF_-_now_to_jpeg
$ meta_jpeg_fname="moving_b3_jpegs_1748308719_2025-05-26T191839-0600.sh"; \
touch "${meta_jpeg_fname}"; >"${meta_jpeg_fname}"; \
while read -r line; do \
  bare="${line}"; \
  meta_jpeg_fname="moving_b3_jpegs_1748308719_2025-05-26T191839-0600.sh";
  echo >> "${meta_jpeg_fname}";
  echo "echo" >> "${meta_jpeg_fname}";
  dir2be=\
"/cygdrive/c/David/FHTW-2025-All_-_move_2024_get_new/"\
"new_final_jpeg_to_use/${bare}/"; \
  echo "echo -e \" Creating directory\\n\\\"${dir2be}\\\"\"" >> \
    "${meta_jpeg_fname}"; \
  echo "mkdir -p \"${dir2be}\" "\
"&& echo \"      ... success creating dir\" "\
"|| echo \"      ... FAILURE creating dir\"" >> \
    "${meta_jpeg_fname}"; \
  echo "echo \" Now moving jpeg files.\"" >> \
    "${meta_jpeg_fname}"; \
  echo "mv \"$(pwd)/${bare}\"*.jpg \"${dir2be}\" "\
"&& echo \"      ... success moving jpegs\" "\
"|| echo \"      ... FAILURE moving jpegs\"" >> \
    "${meta_jpeg_fname}"; \
  echo >> "${meta_jpeg_fname}";
done < ../../b3_doc_fnames_for_big_moves_1748569495_2025-05-29T194455-0600.lst

Anast@DESKTOP-O7KM5A5 /cygdrive/c/David/FHTW-2025-All_-_move_2024_get_new/new_-_folder_for_not-yet-ready_new_imgs/converted_from_PDF_-_now_to_jpeg
$ wc -l moving_b3_jpegs_1748308719_2025-05-26T191839-0600.sh
133 moving_b3_jpegs_1748308719_2025-05-26T191839-0600.sh

Anast@DESKTOP-O7KM5A5 /cygdrive/c/David/FHTW-2025-All_-_move_2024_get_new/new_-_folder_for_not-yet-ready_new_imgs/converted_from_PDF_-_now_to_jpeg
$ cp moving_b3_jpegs_1748308719_2025-05-26T191839-0600.sh mbj_bak

Anast@DESKTOP-O7KM5A5 /cygdrive/c/David/FHTW-2025-All_-_move_2024_get_new/new_-_folder_for_not-yet-ready_new_imgs/converted_from_PDF_-_now_to_jpeg
$ vim moving_b3_jpegs_1748308719_2025-05-26T191839-0600.sh

Anast@DESKTOP-O7KM5A5 /cygdrive/c/David/FHTW-2025-All_-_move_2024_get_new/new_-_folder_for_not-yet-ready_new_imgs/converted_from_PDF_-_now_to_jpeg
$ diff moving_b3_jpegs_1748308719_2025-05-26T191839-0600.sh mbj_bak
1d0
< #!/usr/bin/env bash

Anast@DESKTOP-O7KM5A5 /cygdrive/c/David/FHTW-2025-All_-_move_2024_get_new/new_-_folder_for_not-yet-ready_new_imgs/converted_from_PDF_-_now_to_jpeg
$ #  Just put the shebang in

Anast@DESKTOP-O7KM5A5 /cygdrive/c/David/FHTW-2025-All_-_move_2024_get_new/new_-_folder_for_not-yet-ready_new_imgs/converted_from_PDF_-_now_to_jpeg
$ chmod a+x moving_b3_jpegs_1748308719_2025-05-26T191839-0600.sh

Anast@DESKTOP-O7KM5A5 /cygdrive/c/David/FHTW-2025-All_-_move_2024_get_new/new_-_folder_for_not-yet-ready_new_imgs/converted_from_PDF_-_now_to_jpeg
$ ./moving_b3_jpegs_1748308719_2025-05-26T191839-0600.sh 2>&1 | tee ../../big_b3_jpeg_move_1748308719_2025-05-26T191839-0600.out

 Creating directory
"/cygdrive/c/David/FHTW-2025-All_-_move_2024_get_new/new_final_jpeg_to_use/BavarianStateLibrary-LOC_-_ArmenianGospelBook_BSB-Cod-armen-1-and-wdl_18-39-6/"
      ... success creating dir
 Now moving jpeg files.
      ... success moving jpegs

 Creating directory
"/cygdrive/c/David/FHTW-2025-All_-_move_2024_get_new/new_final_jpeg_to_use/BnF-BibArsenal_-_TraductionDuCoranDePierreLeVenerable_Ms-1162-res/"
      ... success creating dir
 Now moving jpeg files.
      ... success moving jpegs

 Creating directory
"/cygdrive/c/David/FHTW-2025-All_-_move_2024_get_new/new_final_jpeg_to_use/BnF_-_AESOPUS_Ms-Grec-1310/"
      ... success creating dir
 Now moving jpeg files.
      ... success moving jpegs

 Creating directory
"/cygdrive/c/David/FHTW-2025-All_-_move_2024_get_new/new_final_jpeg_to_use/BnF_-_Horace_Ms-Latin-11312_bw/"
      ... success creating dir
 Now moving jpeg files.
      ... success moving jpegs

 Creating directory
"/cygdrive/c/David/FHTW-2025-All_-_move_2024_get_new/new_final_jpeg_to_use/BnF_-_Horace_Ms-Latin-11312_color/"
      ... success creating dir
 Now moving jpeg files.
      ... success moving jpegs

 Creating directory
"/cygdrive/c/David/FHTW-2025-All_-_move_2024_get_new/new_final_jpeg_to_use/BnF_-_MS-Grec-2991/"
      ... success creating dir
 Now moving jpeg files.
      ... success moving jpegs

 Creating directory
"/cygdrive/c/David/FHTW-2025-All_-_move_2024_get_new/new_final_jpeg_to_use/BnF_-_Ms-Georgien-5/"
      ... success creating dir
 Now moving jpeg files.
      ... success moving jpegs

 Creating directory
"/cygdrive/c/David/FHTW-2025-All_-_move_2024_get_new/new_final_jpeg_to_use/BnF_-_Ms-Grec-487/"
      ... success creating dir
 Now moving jpeg files.
      ... success moving jpegs

 Creating directory
"/cygdrive/c/David/FHTW-2025-All_-_move_2024_get_new/new_final_jpeg_to_use/BnF_-_Ms-Latin-12302/"
      ... success creating dir
 Now moving jpeg files.
      ... success moving jpegs

 Creating directory
"/cygdrive/c/David/FHTW-2025-All_-_move_2024_get_new/new_final_jpeg_to_use/BnF_-_Ms-Latin-12410_bw/"
      ... success creating dir
 Now moving jpeg files.
      ... success moving jpegs

 Creating directory
"/cygdrive/c/David/FHTW-2025-All_-_move_2024_get_new/new_final_jpeg_to_use/BnF_-_Ms-Latin-12410_color/"
      ... success creating dir
 Now moving jpeg files.
      ... success moving jpegs

 Creating directory
"/cygdrive/c/David/FHTW-2025-All_-_move_2024_get_new/new_final_jpeg_to_use/BnF_-_Ms-Latin-2510/"
      ... success creating dir
 Now moving jpeg files.
      ... success moving jpegs

 Creating directory
"/cygdrive/c/David/FHTW-2025-All_-_move_2024_get_new/new_final_jpeg_to_use/BnF_-_Ms-Latin-619/"
      ... success creating dir
 Now moving jpeg files.
      ... success moving jpegs

 Creating directory
"/cygdrive/c/David/FHTW-2025-All_-_move_2024_get_new/new_final_jpeg_to_use/BnF_-_Ms-NAL-1436/"
      ... success creating dir
 Now moving jpeg files.
      ... success moving jpegs

 Creating directory
"/cygdrive/c/David/FHTW-2025-All_-_move_2024_get_new/new_final_jpeg_to_use/BnF_-_Publius_Papinius_Ms-Latin-8055_bw/"
      ... success creating dir
 Now moving jpeg files.
      ... success moving jpegs

 Creating directory
"/cygdrive/c/David/FHTW-2025-All_-_move_2024_get_new/new_final_jpeg_to_use/BnF_-_Publius_Papinius_Ms-Latin-8055_color/"
      ... success creating dir
 Now moving jpeg files.
      ... success moving jpegs

 Creating directory
"/cygdrive/c/David/FHTW-2025-All_-_move_2024_get_new/new_final_jpeg_to_use/BnF_-_ScriptaVariaHorace_Ms-Latin-7978/"
      ... success creating dir
 Now moving jpeg files.
      ... success moving jpegs

 Creating directory
"/cygdrive/c/David/FHTW-2025-All_-_move_2024_get_new/new_final_jpeg_to_use/Bodleian-Library-MS-Laud-Misc-440/"
      ... success creating dir
 Now moving jpeg files.
      ... success moving jpegs

 Creating directory
"/cygdrive/c/David/FHTW-2025-All_-_move_2024_get_new/new_final_jpeg_to_use/WaltersArtMuseum-LOC_-_TorosRoslinGospels_Walters-Ms-W-539-and-wdl-13-01-2/"
      ... success creating dir
 Now moving jpeg files.
      ... success moving jpegs

Anast@DESKTOP-O7KM5A5 /cygdrive/c/David/FHTW-2025-All_-_move_2024_get_new/new_-_folder_for_not-yet-ready_new_imgs/converted_from_PDF_-_now_to_jpeg
$

Anast@DESKTOP-O7KM5A5 /cygdrive/c/David/FHTW-2025-All_-_move_2024_get_new/new_-_folder_for_not-yet-ready_new_imgs/converted_from_PDF_-_now_to_jpeg
$

Anast@DESKTOP-O7KM5A5 /cygdrive/c/David/FHTW-2025-All_-_move_2024_get_new/new_-_folder_for_not-yet-ready_new_imgs/converted_from_PDF_-_now_to_jpeg
$

Anast@DESKTOP-O7KM5A5 /cygdrive/c/David/FHTW-2025-All_-_move_2024_get_new/new_-_folder_for_not-yet-ready_new_imgs/converted_from_PDF_-_now_to_jpeg
$ #  Hooray! All successes.

Anast@DESKTOP-O7KM5A5 /cygdrive/c/David/FHTW-2025-All_-_move_2024_get_new/new_-_folder_for_not-yet-ready_new_imgs/converted_from_PDF_-_now_to_jpeg
$

Anast@DESKTOP-O7KM5A5 /cygdrive/c/David/FHTW-2025-All_-_move_2024_get_new/new_-_folder_for_not-yet-ready_new_imgs/converted_from_PDF_-_now_to_jpeg
$ meta_png_fname="moving_b3_pngs_1748308719_2025-05-26T191839-0600.sh"; \
touch "${meta_png_fname}"; >"${meta_png_fname}"; \
while read -r line; do \
  bare="${line}"; \
  meta_png_fname="moving_b3_pngs_1748308719_2025-05-26T191839-0600.sh";
  echo >> "${meta_png_fname}";
  echo "echo" >> "${meta_png_fname}";
  dir2be=\
"/cygdrive/c/David/FHTW-2025-All_-_move_2024_get_new/"\
"new_-_folder_for_not-yet-ready_new_imgs/png_bak_from_PDFs/${bare}/"; \
  echo "echo -e \" Creating directory\\n\\\"${dir2be}\\\"\"" >> \
    "${meta_png_fname}"; \
  echo "mkdir -p \"${dir2be}\" "\
"&& echo \"      ... success creating dir\" "\
"|| echo \"      ... FAILURE creating dir\"" >> \
    "${meta_png_fname}"; \
  echo "echo \" Now moving png files.\"" >> \
    "${meta_png_fname}"; \
  echo "mv \"$(pwd)/${bare}\"*.png \"${dir2be}\" "\
"&& echo \"      ... success moving pngs\" "\
"|| echo \"      ... FAILURE moving pngs\"" >> \
    "${meta_png_fname}"; \
  echo >> "${meta_png_fname}";
done < ../../b3_doc_fnames_for_big_moves_1748569495_2025-05-29T194455-0600.lst

Anast@DESKTOP-O7KM5A5 /cygdrive/c/David/FHTW-2025-All_-_move_2024_get_new/new_-_folder_for_not-yet-ready_new_imgs/converted_from_PDF_-_now_to_jpeg
$ cp moving_b3_pngs_1748308719_2025-05-26T191839-0600.sh mbp_bak

Anast@DESKTOP-O7KM5A5 /cygdrive/c/David/FHTW-2025-All_-_move_2024_get_new/new_-_folder_for_not-yet-ready_new_imgs/converted_from_PDF_-_now_to_jpeg
$ vim moving_b3_pngs_1748308719_2025-05-26T191839-0600.sh

Anast@DESKTOP-O7KM5A5 /cygdrive/c/David/FHTW-2025-All_-_move_2024_get_new/new_-_folder_for_not-yet-ready_new_imgs/converted_from_PDF_-_now_to_jpeg
$ diff moving_b3_pngs_1748308719_2025-05-26T191839-0600.sh mbp_bak
1d0
< #!/usr/bin/env bash

Anast@DESKTOP-O7KM5A5 /cygdrive/c/David/FHTW-2025-All_-_move_2024_get_new/new_-_folder_for_not-yet-ready_new_imgs/converted_from_PDF_-_now_to_jpeg
$ #  I just added in the wonderful shebang

Anast@DESKTOP-O7KM5A5 /cygdrive/c/David/FHTW-2025-All_-_move_2024_get_new/new_-_folder_for_not-yet-ready_new_imgs/converted_from_PDF_-_now_to_jpeg
$ ls *bak
mbj_bak  mbp_bak

Anast@DESKTOP-O7KM5A5 /cygdrive/c/David/FHTW-2025-All_-_move_2024_get_new/new_-_folder_for_not-yet-ready_new_imgs/converted_from_PDF_-_now_to_jpeg
$ rm *bak

Anast@DESKTOP-O7KM5A5 /cygdrive/c/David/FHTW-2025-All_-_move_2024_get_new/new_-_folder_for_not-yet-ready_new_imgs/converted_from_PDF_-_now_to_jpeg
$ chmod a+x moving_b3_pngs_1748308719_2025-05-26T191839-0600.sh

Anast@DESKTOP-O7KM5A5 /cygdrive/c/David/FHTW-2025-All_-_move_2024_get_new/new_-_folder_for_not-yet-ready_new_imgs/converted_from_PDF_-_now_to_jpeg
$ ./moving_b3_pngs_1748308719_2025-05-26T191839-0600.sh 2>&1 | tee big_b3_gs_png_move_1748308719_2025-05-26T191839-0600.out

 Creating directory
"/cygdrive/c/David/FHTW-2025-All_-_move_2024_get_new/new_-_folder_for_not-yet-ready_new_imgs/png_bak_from_PDFs/BavarianStateLibrary-LOC_-_ArmenianGospelBook_BSB-Cod-armen-1-and-wdl_18-39-6/"
      ... success creating dir
 Now moving png files.
      ... success moving pngs

 Creating directory
"/cygdrive/c/David/FHTW-2025-All_-_move_2024_get_new/new_-_folder_for_not-yet-ready_new_imgs/png_bak_from_PDFs/BnF-BibArsenal_-_TraductionDuCoranDePierreLeVenerable_Ms-1162-res/"
      ... success creating dir
 Now moving png files.
      ... success moving pngs

 Creating directory
"/cygdrive/c/David/FHTW-2025-All_-_move_2024_get_new/new_-_folder_for_not-yet-ready_new_imgs/png_bak_from_PDFs/BnF_-_AESOPUS_Ms-Grec-1310/"
      ... success creating dir
 Now moving png files.
      ... success moving pngs

 Creating directory
"/cygdrive/c/David/FHTW-2025-All_-_move_2024_get_new/new_-_folder_for_not-yet-ready_new_imgs/png_bak_from_PDFs/BnF_-_Horace_Ms-Latin-11312_bw/"
      ... success creating dir
 Now moving png files.
      ... success moving pngs

 Creating directory
"/cygdrive/c/David/FHTW-2025-All_-_move_2024_get_new/new_-_folder_for_not-yet-ready_new_imgs/png_bak_from_PDFs/BnF_-_Horace_Ms-Latin-11312_color/"
      ... success creating dir
 Now moving png files.
      ... success moving pngs

 Creating directory
"/cygdrive/c/David/FHTW-2025-All_-_move_2024_get_new/new_-_folder_for_not-yet-ready_new_imgs/png_bak_from_PDFs/BnF_-_MS-Grec-2991/"
      ... success creating dir
 Now moving png files.
      ... success moving pngs

 Creating directory
"/cygdrive/c/David/FHTW-2025-All_-_move_2024_get_new/new_-_folder_for_not-yet-ready_new_imgs/png_bak_from_PDFs/BnF_-_Ms-Georgien-5/"
      ... success creating dir
 Now moving png files.
      ... success moving pngs

 Creating directory
"/cygdrive/c/David/FHTW-2025-All_-_move_2024_get_new/new_-_folder_for_not-yet-ready_new_imgs/png_bak_from_PDFs/BnF_-_Ms-Grec-487/"
      ... success creating dir
 Now moving png files.
      ... success moving pngs

 Creating directory
"/cygdrive/c/David/FHTW-2025-All_-_move_2024_get_new/new_-_folder_for_not-yet-ready_new_imgs/png_bak_from_PDFs/BnF_-_Ms-Latin-12302/"
      ... success creating dir
 Now moving png files.
      ... success moving pngs

 Creating directory
"/cygdrive/c/David/FHTW-2025-All_-_move_2024_get_new/new_-_folder_for_not-yet-ready_new_imgs/png_bak_from_PDFs/BnF_-_Ms-Latin-12410_bw/"
      ... success creating dir
 Now moving png files.
      ... success moving pngs

 Creating directory
"/cygdrive/c/David/FHTW-2025-All_-_move_2024_get_new/new_-_folder_for_not-yet-ready_new_imgs/png_bak_from_PDFs/BnF_-_Ms-Latin-12410_color/"
      ... success creating dir
 Now moving png files.
      ... success moving pngs

 Creating directory
"/cygdrive/c/David/FHTW-2025-All_-_move_2024_get_new/new_-_folder_for_not-yet-ready_new_imgs/png_bak_from_PDFs/BnF_-_Ms-Latin-2510/"
      ... success creating dir
 Now moving png files.
      ... success moving pngs

 Creating directory
"/cygdrive/c/David/FHTW-2025-All_-_move_2024_get_new/new_-_folder_for_not-yet-ready_new_imgs/png_bak_from_PDFs/BnF_-_Ms-Latin-619/"
      ... success creating dir
 Now moving png files.
      ... success moving pngs

 Creating directory
"/cygdrive/c/David/FHTW-2025-All_-_move_2024_get_new/new_-_folder_for_not-yet-ready_new_imgs/png_bak_from_PDFs/BnF_-_Ms-NAL-1436/"
      ... success creating dir
 Now moving png files.
      ... success moving pngs

 Creating directory
"/cygdrive/c/David/FHTW-2025-All_-_move_2024_get_new/new_-_folder_for_not-yet-ready_new_imgs/png_bak_from_PDFs/BnF_-_Publius_Papinius_Ms-Latin-8055_bw/"
      ... success creating dir
 Now moving png files.
      ... success moving pngs

 Creating directory
"/cygdrive/c/David/FHTW-2025-All_-_move_2024_get_new/new_-_folder_for_not-yet-ready_new_imgs/png_bak_from_PDFs/BnF_-_Publius_Papinius_Ms-Latin-8055_color/"
      ... success creating dir
 Now moving png files.
      ... success moving pngs

 Creating directory
"/cygdrive/c/David/FHTW-2025-All_-_move_2024_get_new/new_-_folder_for_not-yet-ready_new_imgs/png_bak_from_PDFs/BnF_-_ScriptaVariaHorace_Ms-Latin-7978/"
      ... success creating dir
 Now moving png files.
      ... success moving pngs

 Creating directory
"/cygdrive/c/David/FHTW-2025-All_-_move_2024_get_new/new_-_folder_for_not-yet-ready_new_imgs/png_bak_from_PDFs/Bodleian-Library-MS-Laud-Misc-440/"
      ... success creating dir
 Now moving png files.
      ... success moving pngs

 Creating directory
"/cygdrive/c/David/FHTW-2025-All_-_move_2024_get_new/new_-_folder_for_not-yet-ready_new_imgs/png_bak_from_PDFs/WaltersArtMuseum-LOC_-_TorosRoslinGospels_Walters-Ms-W-539-and-wdl-13-01-2/"
      ... success creating dir
 Now moving png files.
      ... success moving pngs

Anast@DESKTOP-O7KM5A5 /cygdrive/c/David/FHTW-2025-All_-_move_2024_get_new/new_-_folder_for_not-yet-ready_new_imgs/converted_from_PDF_-_now_to_jpeg
$

Anast@DESKTOP-O7KM5A5 /cygdrive/c/David/FHTW-2025-All_-_move_2024_get_new/new_-_folder_for_not-yet-ready_new_imgs/converted_from_PDF_-_now_to_jpeg
$

Anast@DESKTOP-O7KM5A5 /cygdrive/c/David/FHTW-2025-All_-_move_2024_get_new/new_-_folder_for_not-yet-ready_new_imgs/converted_from_PDF_-_now_to_jpeg
$ #  Hooray! All successes.

Anast@DESKTOP-O7KM5A5 /cygdrive/c/David/FHTW-2025-All_-_move_2024_get_new/new_-_folder_for_not-yet-ready_new_imgs/converted_from_PDF_-_now_to_jpeg
$


#$@$@$@$@$@$@$@$@$@$@$$@$@$@$@$@$@$@$@@$@$@$@$@$@$@$#
#####################@@@@@@@@@@@@@@@@@@##############
#####################################################
#####################################################
# Clean up extra logfiles, etc., moving them to a
# directory where they can be referenced if
# necessary.
#####################################################
############$$$$$$$$$$$$$$$$$$$$$####################
#@$@$@$@$@$@$@$@$@$@$@@$@$@$@$@$@$@$@$$@$@$@$@$@$@$@#

# STEP 10



Anast@DESKTOP-O7KM5A5 /cygdrive/c/David/FHTW-2025-All_-_move_2024_get_new/new_-_folder_for_not-yet-ready_new_imgs/converted_from_PDF_-_now_to_jpeg
$ find . -type f
./.moving_b3_jpegs_1748308719_2025-05-26T191839-0600.sh.un~
./.moving_b3_pngs_1748308719_2025-05-26T191839-0600.sh.un~
./big_b3_gs_png_move_1748308719_2025-05-26T191839-0600.out
./moving_b3_jpegs_1748308719_2025-05-26T191839-0600.sh
./moving_b3_jpegs_1748308719_2025-05-26T191839-0600.sh~
./moving_b3_pngs_1748308719_2025-05-26T191839-0600.sh
./moving_b3_pngs_1748308719_2025-05-26T191839-0600.sh~

Anast@DESKTOP-O7KM5A5 /cygdrive/c/David/FHTW-2025-All_-_move_2024_get_new/new_-_folder_for_not-yet-ready_new_imgs/converted_from_PDF_-_now_to_jpeg
$ rm ./*~

Anast@DESKTOP-O7KM5A5 /cygdrive/c/David/FHTW-2025-All_-_move_2024_get_new/new_-_folder_for_not-yet-ready_new_imgs/converted_from_PDF_-_now_to_jpeg
$ rm ./.*~

Anast@DESKTOP-O7KM5A5 /cygdrive/c/David/FHTW-2025-All_-_move_2024_get_new/new_-_folder_for_not-yet-ready_new_imgs/converted_from_PDF_-_now_to_jpeg
$ find . -type f
./big_b3_gs_png_move_1748308719_2025-05-26T191839-0600.out
./moving_b3_jpegs_1748308719_2025-05-26T191839-0600.sh
./moving_b3_pngs_1748308719_2025-05-26T191839-0600.sh

Anast@DESKTOP-O7KM5A5 /cygdrive/c/David/FHTW-2025-All_-_move_2024_get_new/new_-_folder_for_not-yet-ready_new_imgs/converted_from_PDF_-_now_to_jpeg
$ fin . -type d
-bash: fin: command not found

Anast@DESKTOP-O7KM5A5 /cygdrive/c/David/FHTW-2025-All_-_move_2024_get_new/new_-_folder_for_not-yet-ready_new_imgs/converted_from_PDF_-_now_to_jpeg
$ find . -type d
.

Anast@DESKTOP-O7KM5A5 /cygdrive/c/David/FHTW-2025-All_-_move_2024_get_new/new_-_folder_for_not-yet-ready_new_imgs/converted_from_PDF_-_now_to_jpeg
$ ls ..
BnF_-_TITLE_00001.png
BnF_-_TITLE_00002.png
any_existing_dirs_check_1748362509_2025-05-27T101509-0600.out
any_existing_files_check_1748362509_2025-05-27T101509-0600.out
b2_color_formats_for_batch_1748217711_2025-05-25T180151-0600.out
b2_doc_fnames_checking_1_2_png_1748381715_2025-05-27T153515-0600.lst
b2_doc_fnames_grayscale_for_big_moves_1748381715_2025-05-27T153515-0600.lst
b2_grayscale_formats_for_batch_1748217711_2025-05-25T180151-0600.out
b3_all_png_format_info_formats_for_batch_1748308719_2025-05-26T191839-0600.out
b4_all_png_format_info_formats_for_batch_1748387542_2025-05-27T171222-0600.out
big_b2_gs_jpeg_move_1748383614_2025-05-27T160654-0600.out
big_b2_gs_png_move_1748383614_2025-05-27T160654-0600.out
big_jpeg_move_1748362509_2025-05-27T101509-0600.out
big_png_move_1748362509_2025-05-27T101509-0600.out
color_jpgs_3ch_format_check_batch_1748217711_2025-05-25T180151-0600.out
conv_from_PDF_-_full_10533_file_list_-_incl_remvd_rapport_1748090800_2025-05-24T064640-0600.lst
conv_from_pdf_format_1748123944_2025-05-24T155904-0600.out
converted_PDFs_-_origs
converted_from_PDF
converted_from_PDF_-_now_rename_png
converted_from_PDF_-_now_to_jpeg
coran_trad_plv_bak
doc_fnames_to_go_into_final_jpeg_1748362509_2025-05-27T101509-0600.lst
doc_fnames_to_go_into_png_bak_1748362509_2025-05-27T101509-0600.lst
fnames_1748208989_2025-05-25T153629-0600.lst
fnames_1748308719_2025-05-26T191839-0600.lst
fnames_b4_1748387542_2025-05-27T171222-0600.lst
french_municipality_downloads
grayscale_jpgs_3ch_format_check_batch_1748217711_2025-05-25T180151-0600.out
moving_b2_gs_jpegs_1748383614_2025-05-27T160654-0600.sh
moving_b2_gs_pngs_1748383614_2025-05-27T160654-0600.sh
moving_jpegs_1748362509_2025-05-27T101509-0600.sh
moving_pngs_1748362509_2025-05-27T101509-0600.sh
new_final-close_images_png_rgb_24
new_to_convert_-_no_split_yet
new_to_convert_-_tif_and_other_nonjpgpng
new_to_convert_PDF
new_to_convert_encode_png
new_to_convert_jpeg
pdf_to_img_batch_1748090800_2025-05-24T064640-0600.info
pdfs_from_cPo_1748217711_2025-05-25T180151-0600.lst
pdfs_from_cfPnrp_1748217711_2025-05-25T180151-0600.lst
pdfs_from_cfPntj_1748217711_2025-05-25T180151-0600.lst
pdfs_from_ntcP_1748217711_2025-05-25T180151-0600.lst
pdfs_screwup_01_1748214211_2025-05-25T170331-0600
png_bak_from_PDFs
removing_already_done_1748217711_2025-05-25T180151-0600.out
removing_double_bnf_lat_17742_1748269758_2025-05-1748269758T082918-0600.out
rename_1748208989_2025-05-25T153629-0600.out
rename_b4_1748387542_2025-05-27T171222-0600.out
renames_1748308719_2025-05-26T191839-0600.out
tif_bak
tryagain_renaming_out_space_univleid_librmiss_lowres_1748210312_2025-05-25T155832-0600.out

Anast@DESKTOP-O7KM5A5 /cygdrive/c/David/FHTW-2025-All_-_move_2024_get_new/new_-_folder_for_not-yet-ready_new_imgs/converted_from_PDF_-_now_to_jpeg
$ ls
big_b3_gs_png_move_1748308719_2025-05-26T191839-0600.out
moving_b3_jpegs_1748308719_2025-05-26T191839-0600.sh
moving_b3_pngs_1748308719_2025-05-26T191839-0600.sh

Anast@DESKTOP-O7KM5A5 /cygdrive/c/David/FHTW-2025-All_-_move_2024_get_new/new_-_folder_for_not-yet-ready_new_imgs/converted_from_PDF_-_now_to_jpeg
$ mv moving_b3_*.sh ..

Anast@DESKTOP-O7KM5A5 /cygdrive/c/David/FHTW-2025-All_-_move_2024_get_new/new_-_folder_for_not-yet-ready_new_imgs/converted_from_PDF_-_now_to_jpeg
$ ls
big_b3_gs_png_move_1748308719_2025-05-26T191839-0600.out

Anast@DESKTOP-O7KM5A5 /cygdrive/c/David/FHTW-2025-All_-_move_2024_get_new/new_-_folder_for_not-yet-ready_new_imgs/converted_from_PDF_-_now_to_jpeg
$ mv ../../big_b3_jpeg_move_1748308719_2025-05-26T191839-0600.out ../

Anast@DESKTOP-O7KM5A5 /cygdrive/c/David/FHTW-2025-All_-_move_2024_get_new/new_-_folder_for_not-yet-ready_new_imgs/converted_from_PDF_-_now_to_jpeg
$ mv big_b3_gs_png_move_1748308719_2025-05-26T191839-0600.out ../big_b3_png_move_1748308719_2025-05-26T191839-0600.out

Anast@DESKTOP-O7KM5A5 /cygdrive/c/David/FHTW-2025-All_-_move_2024_get_new/new_-_folder_for_not-yet-ready_new_imgs/converted_from_PDF_-_now_to_jpeg
$ ls

Anast@DESKTOP-O7KM5A5 /cygdrive/c/David/FHTW-2025-All_-_move_2024_get_new/new_-_folder_for_not-yet-ready_new_imgs/converted_from_PDF_-_now_to_jpeg
$ lh
total 12K
drwxrwx---+ 1 Anast Anast 0 May 29 21:40 .
drwxrwx---+ 1 Anast Anast 0 May 29 21:40 ..

Anast@DESKTOP-O7KM5A5 /cygdrive/c/David/FHTW-2025-All_-_move_2024_get_new/new_-_folder_for_not-yet-ready_new_imgs/converted_from_PDF_-_now_to_jpeg
$

Anast@DESKTOP-O7KM5A5 /cygdrive/c/David/FHTW-2025-All_-_move_2024_get_new/new_-_folder_for_not-yet-ready_new_imgs/converted_from_PDF_-_now_to_jpeg
$ checksituation

 Current date/time is
Thu May 29 21:41:58 MDT 2025
1748576518
1748576518_2025-05-29T214158-0600

 Current directory ( pwd ) is
/cygdrive/c/David/FHTW-2025-All_-_move_2024_get_new/new_-_folder_for_not-yet-ready_new_imgs/converted_from_PDF_-_now_to_jpeg


Anast@DESKTOP-O7KM5A5 /cygdrive/c/David/FHTW-2025-All_-_move_2024_get_new/new_-_folder_for_not-yet-ready_new_imgs/converted_from_PDF_-_now_to_jpeg
$

